original_split,row_index,new_split,filename,speaker_id,region,province
train,0,train,11_0001.wav,spk_11_0001,North,11
train,1,train,11_0002.wav,spk_11_0001,North,11
train,2,train,11_0003.wav,spk_11_0002,North,11
train,3,train,11_0004.wav,spk_11_0002,North,11
train,4,train,11_0005.wav,spk_11_0002,North,11
train,5,train,11_0006.wav,spk_11_0003,North,11
train,6,train,11_0007.wav,spk_11_0004,North,11
train,7,train,11_0008.wav,spk_11_0005,North,11
train,8,train,11_0009.wav,spk_11_0006,North,11
train,9,train,11_0010.wav,spk_11_0007,North,11
train,10,train,11_0011.wav,spk_11_0008,North,11
train,11,train,11_0012.wav,spk_11_0008,North,11
train,12,train,11_0013.wav,spk_11_0009,North,11
train,13,train,11_0014.wav,spk_11_0009,North,11
train,14,train,11_0015.wav,spk_11_0009,North,11
train,15,train,11_0016.wav,spk_11_0010,North,11
train,16,train,11_0017.wav,spk_11_0011,North,11
train,17,train,11_0018.wav,spk_11_0011,North,11
train,18,train,11_0019.wav,spk_11_0011,North,11
train,19,train,11_0020.wav,spk_11_0012,North,11
train,20,train,11_0021.wav,spk_11_0013,North,11
train,21,train,11_0022.wav,spk_11_0013,North,11
train,22,train,11_0023.wav,spk_11_0014,North,11
train,23,train,11_0024.wav,spk_11_0014,North,11
train,24,train,11_0025.wav,spk_11_0015,North,11
train,25,train,11_0026.wav,spk_11_0016,North,11
train,26,train,11_0027.wav,spk_11_0017,North,11
train,27,train,11_0028.wav,spk_11_0018,North,11
train,28,train,11_0029.wav,spk_11_0019,North,11
train,29,train,11_0030.wav,spk_11_0020,North,11
train,30,train,11_0031.wav,spk_11_0021,North,11
train,31,train,11_0032.wav,spk_11_0022,North,11
train,32,train,11_0033.wav,spk_11_0023,North,11
train,33,train,11_0034.wav,spk_11_0024,North,11
train,34,train,11_0035.wav,spk_11_0024,North,11
train,35,train,11_0036.wav,spk_11_0025,North,11
train,36,train,11_0037.wav,spk_11_0026,North,11
train,37,train,11_0038.wav,spk_11_0027,North,11
train,38,train,11_0039.wav,spk_11_0028,North,11
train,39,train,11_0040.wav,spk_11_0029,North,11
train,40,train,11_0041.wav,spk_11_0029,North,11
train,41,train,11_0042.wav,spk_11_0030,North,11
train,42,train,11_0043.wav,spk_11_0030,North,11
train,43,train,11_0044.wav,spk_11_0030,North,11
train,44,train,11_0045.wav,spk_11_0031,North,11
train,45,train,11_0046.wav,spk_11_0031,North,11
train,46,train,11_0047.wav,spk_11_0032,North,11
train,47,train,11_0048.wav,spk_11_0032,North,11
train,48,train,11_0049.wav,spk_11_0033,North,11
train,49,train,11_0050.wav,spk_11_0034,North,11
train,50,train,11_0051.wav,spk_11_0035,North,11
train,51,train,11_0052.wav,spk_11_0035,North,11
train,52,train,11_0053.wav,spk_11_0036,North,11
train,53,train,11_0054.wav,spk_11_0036,North,11
train,54,train,11_0055.wav,spk_11_0037,North,11
train,55,train,11_0056.wav,spk_11_0038,North,11
train,56,train,11_0057.wav,spk_11_0039,North,11
train,57,train,11_0058.wav,spk_11_0040,North,11
train,58,train,11_0059.wav,spk_11_0041,North,11
train,59,train,11_0060.wav,spk_11_0042,North,11
train,60,train,11_0061.wav,spk_11_0042,North,11
train,61,train,11_0062.wav,spk_11_0043,North,11
train,62,train,11_0063.wav,spk_11_0043,North,11
train,63,train,11_0064.wav,spk_11_0043,North,11
train,64,train,11_0065.wav,spk_11_0044,North,11
train,65,train,11_0066.wav,spk_11_0044,North,11
train,66,train,11_0067.wav,spk_11_0044,North,11
train,67,train,11_0068.wav,spk_11_0044,North,11
train,68,train,11_0069.wav,spk_11_0045,North,11
train,69,train,11_0070.wav,spk_11_0046,North,11
train,70,train,11_0071.wav,spk_11_0047,North,11
train,71,train,11_0072.wav,spk_11_0047,North,11
train,72,train,11_0073.wav,spk_11_0048,North,11
train,73,train,11_0074.wav,spk_11_0049,North,11
train,74,train,11_0075.wav,spk_11_0050,North,11
train,75,train,11_0076.wav,spk_11_0050,North,11
train,76,train,11_0077.wav,spk_11_0051,North,11
train,77,train,11_0078.wav,spk_11_0052,North,11
train,78,train,11_0079.wav,spk_11_0053,North,11
train,79,train,11_0080.wav,spk_11_0053,North,11
train,80,train,11_0081.wav,spk_11_0054,North,11
train,81,train,11_0082.wav,spk_11_0055,North,11
train,82,train,11_0083.wav,spk_11_0056,North,11
train,83,train,11_0084.wav,spk_11_0057,North,11
train,84,train,11_0085.wav,spk_11_0058,North,11
train,85,train,11_0086.wav,spk_11_0058,North,11
train,86,train,11_0087.wav,spk_11_0059,North,11
train,87,train,11_0088.wav,spk_11_0060,North,11
train,88,train,11_0089.wav,spk_11_0061,North,11
train,89,train,11_0090.wav,spk_11_0062,North,11
train,90,train,11_0091.wav,spk_11_0062,North,11
train,91,train,11_0092.wav,spk_11_0063,North,11
train,92,train,11_0093.wav,spk_11_0063,North,11
train,93,train,11_0094.wav,spk_11_0063,North,11
train,94,train,11_0095.wav,spk_11_0064,North,11
train,95,train,11_0096.wav,spk_11_0065,North,11
train,96,train,11_0097.wav,spk_11_0065,North,11
train,97,train,11_0098.wav,spk_11_0066,North,11
train,98,train,11_0099.wav,spk_11_0067,North,11
train,99,train,11_0100.wav,spk_11_0067,North,11
train,100,train,11_0101.wav,spk_11_0068,North,11
train,101,train,11_0102.wav,spk_11_0069,North,11
train,102,train,11_0103.wav,spk_11_0070,North,11
train,103,train,11_0104.wav,spk_11_0071,North,11
train,104,train,11_0105.wav,spk_11_0071,North,11
train,105,train,11_0106.wav,spk_11_0072,North,11
train,106,train,11_0107.wav,spk_11_0072,North,11
train,107,train,11_0108.wav,spk_11_0072,North,11
train,108,train,11_0109.wav,spk_11_0072,North,11
train,109,train,11_0110.wav,spk_11_0072,North,11
train,110,train,11_0111.wav,spk_11_0073,North,11
train,111,train,11_0112.wav,spk_11_0074,North,11
train,112,train,11_0113.wav,spk_11_0075,North,11
train,113,train,11_0114.wav,spk_11_0076,North,11
train,114,train,11_0115.wav,spk_11_0077,North,11
train,115,train,11_0116.wav,spk_11_0078,North,11
train,116,train,11_0117.wav,spk_11_0079,North,11
train,117,train,11_0118.wav,spk_11_0080,North,11
train,118,train,11_0119.wav,spk_11_0080,North,11
train,119,train,11_0120.wav,spk_11_0081,North,11
train,120,train,11_0121.wav,spk_11_0082,North,11
train,121,train,11_0122.wav,spk_11_0082,North,11
train,122,train,11_0123.wav,spk_11_0082,North,11
train,123,train,11_0124.wav,spk_11_0083,North,11
train,124,train,11_0125.wav,spk_11_0083,North,11
train,125,train,11_0126.wav,spk_11_0083,North,11
train,126,train,11_0127.wav,spk_11_0084,North,11
train,127,train,11_0128.wav,spk_11_0084,North,11
train,128,train,11_0129.wav,spk_11_0085,North,11
train,129,train,11_0130.wav,spk_11_0085,North,11
train,130,train,11_0131.wav,spk_11_0085,North,11
train,131,train,11_0132.wav,spk_11_0086,North,11
train,132,train,11_0133.wav,spk_11_0086,North,11
train,133,train,11_0134.wav,spk_11_0086,North,11
train,134,train,11_0135.wav,spk_11_0086,North,11
train,135,train,11_0136.wav,spk_11_0087,North,11
train,136,train,11_0137.wav,spk_11_0087,North,11
train,137,train,11_0138.wav,spk_11_0087,North,11
train,138,train,11_0139.wav,spk_11_0087,North,11
train,139,train,11_0140.wav,spk_11_0088,North,11
train,140,train,11_0141.wav,spk_11_0088,North,11
train,141,train,11_0142.wav,spk_11_0089,North,11
train,142,train,11_0143.wav,spk_11_0089,North,11
train,143,train,11_0144.wav,spk_11_0089,North,11
train,144,train,11_0145.wav,spk_11_0089,North,11
train,145,train,11_0146.wav,spk_11_0089,North,11
train,146,train,11_0147.wav,spk_11_0090,North,11
train,147,train,11_0148.wav,spk_11_0090,North,11
train,148,train,11_0149.wav,spk_11_0090,North,11
train,149,train,11_0150.wav,spk_11_0090,North,11
train,150,train,11_0151.wav,spk_11_0091,North,11
train,151,train,11_0152.wav,spk_11_0091,North,11
train,152,train,11_0153.wav,spk_11_0091,North,11
train,153,train,11_0154.wav,spk_11_0091,North,11
train,154,train,11_0155.wav,spk_11_0091,North,11
train,155,train,11_0156.wav,spk_11_0092,North,11
train,156,train,11_0157.wav,spk_11_0092,North,11
train,157,train,11_0158.wav,spk_11_0093,North,11
train,158,train,11_0159.wav,spk_11_0093,North,11
train,159,train,11_0160.wav,spk_11_0093,North,11
train,160,train,11_0161.wav,spk_11_0093,North,11
train,161,train,11_0162.wav,spk_11_0093,North,11
train,162,train,11_0163.wav,spk_11_0093,North,11
train,163,train,11_0164.wav,spk_11_0093,North,11
train,164,train,11_0165.wav,spk_11_0093,North,11
train,165,train,11_0166.wav,spk_11_0093,North,11
train,166,train,11_0167.wav,spk_11_0094,North,11
train,167,train,11_0168.wav,spk_11_0094,North,11
train,168,train,11_0169.wav,spk_11_0094,North,11
train,169,train,11_0170.wav,spk_11_0094,North,11
train,170,train,11_0171.wav,spk_11_0095,North,11
train,171,train,11_0172.wav,spk_11_0095,North,11
train,172,train,11_0173.wav,spk_11_0095,North,11
train,173,train,11_0174.wav,spk_11_0096,North,11
train,174,train,11_0175.wav,spk_11_0096,North,11
train,175,train,11_0176.wav,spk_11_0096,North,11
train,176,train,11_0177.wav,spk_11_0097,North,11
train,177,train,11_0178.wav,spk_11_0098,North,11
train,178,train,11_0179.wav,spk_11_0098,North,11
train,179,train,11_0180.wav,spk_11_0098,North,11
train,180,train,11_0181.wav,spk_11_0098,North,11
train,181,train,11_0182.wav,spk_11_0098,North,11
train,182,train,11_0183.wav,spk_11_0099,North,11
train,183,train,11_0184.wav,spk_11_0099,North,11
train,184,train,11_0185.wav,spk_11_0099,North,11
train,185,train,11_0186.wav,spk_11_0100,North,11
train,186,train,11_0187.wav,spk_11_0100,North,11
train,187,train,11_0188.wav,spk_11_0101,North,11
train,188,train,11_0189.wav,spk_11_0101,North,11
train,189,train,11_0190.wav,spk_11_0101,North,11
train,190,train,11_0191.wav,spk_11_0102,North,11
train,191,train,11_0192.wav,spk_11_0102,North,11
train,192,train,11_0193.wav,spk_11_0102,North,11
train,193,train,11_0194.wav,spk_11_0103,North,11
train,194,train,11_0195.wav,spk_11_0103,North,11
train,195,train,11_0196.wav,spk_11_0103,North,11
train,196,train,11_0197.wav,spk_11_0103,North,11
train,197,train,11_0198.wav,spk_11_0104,North,11
train,198,train,11_0199.wav,spk_11_0104,North,11
train,199,train,11_0200.wav,spk_11_0104,North,11
train,200,train,11_0201.wav,spk_11_0104,North,11
train,201,train,11_0202.wav,spk_11_0105,North,11
train,202,train,11_0203.wav,spk_11_0105,North,11
train,203,train,11_0204.wav,spk_11_0105,North,11
train,204,train,11_0205.wav,spk_11_0106,North,11
train,205,train,11_0206.wav,spk_11_0106,North,11
train,206,train,11_0207.wav,spk_11_0106,North,11
train,207,train,11_0208.wav,spk_11_0106,North,11
train,208,train,11_0209.wav,spk_11_0107,North,11
train,209,train,11_0210.wav,spk_11_0107,North,11
train,210,train,11_0211.wav,spk_11_0107,North,11
train,211,train,11_0212.wav,spk_11_0108,North,11
train,212,train,11_0213.wav,spk_11_0108,North,11
train,213,train,11_0214.wav,spk_11_0108,North,11
train,214,train,11_0215.wav,spk_11_0109,North,11
train,215,train,11_0216.wav,spk_11_0109,North,11
train,216,train,11_0217.wav,spk_11_0109,North,11
train,217,train,11_0218.wav,spk_11_0109,North,11
train,218,train,11_0219.wav,spk_11_0109,North,11
train,219,train,11_0220.wav,spk_11_0110,North,11
train,220,train,11_0221.wav,spk_11_0110,North,11
train,221,train,11_0222.wav,spk_11_0110,North,11
train,222,train,11_0223.wav,spk_11_0110,North,11
train,223,train,11_0224.wav,spk_11_0111,North,11
train,224,train,11_0225.wav,spk_11_0111,North,11
train,225,train,11_0226.wav,spk_11_0111,North,11
train,226,train,11_0227.wav,spk_11_0112,North,11
train,227,train,11_0228.wav,spk_11_0112,North,11
train,228,train,11_0229.wav,spk_11_0112,North,11
train,229,train,11_0230.wav,spk_11_0113,North,11
train,230,train,11_0231.wav,spk_11_0113,North,11
train,231,train,11_0232.wav,spk_11_0113,North,11
train,232,train,11_0233.wav,spk_11_0113,North,11
train,233,train,11_0234.wav,spk_11_0114,North,11
train,234,train,11_0235.wav,spk_11_0114,North,11
train,235,train,11_0236.wav,spk_11_0114,North,11
train,236,train,11_0237.wav,spk_11_0115,North,11
train,237,train,11_0238.wav,spk_11_0115,North,11
train,238,train,11_0239.wav,spk_11_0115,North,11
train,239,train,11_0240.wav,spk_11_0115,North,11
train,240,train,11_0241.wav,spk_11_0116,North,11
train,241,train,11_0242.wav,spk_11_0116,North,11
train,242,train,11_0243.wav,spk_11_0116,North,11
train,243,train,11_0244.wav,spk_11_0117,North,11
train,244,train,11_0245.wav,spk_11_0117,North,11
train,245,train,11_0246.wav,spk_11_0117,North,11
train,246,train,11_0247.wav,spk_11_0117,North,11
train,247,train,11_0248.wav,spk_11_0117,North,11
train,248,train,11_0249.wav,spk_11_0118,North,11
train,249,train,11_0250.wav,spk_11_0118,North,11
train,250,train,11_0251.wav,spk_11_0118,North,11
train,251,train,11_0252.wav,spk_11_0118,North,11
train,252,train,11_0253.wav,spk_11_0119,North,11
train,253,train,11_0254.wav,spk_11_0119,North,11
train,254,train,11_0255.wav,spk_11_0119,North,11
train,255,train,11_0256.wav,spk_11_0120,North,11
train,256,train,11_0257.wav,spk_11_0120,North,11
train,257,train,11_0258.wav,spk_11_0121,North,11
train,258,train,11_0259.wav,spk_11_0121,North,11
train,259,train,11_0260.wav,spk_11_0122,North,11
train,260,train,11_0261.wav,spk_11_0122,North,11
train,261,train,11_0262.wav,spk_11_0123,North,11
train,262,train,11_0263.wav,spk_11_0123,North,11
train,263,train,11_0264.wav,spk_11_0123,North,11
train,264,train,11_0265.wav,spk_11_0124,North,11
train,265,train,11_0266.wav,spk_11_0124,North,11
train,266,train,11_0267.wav,spk_11_0125,North,11
train,267,train,11_0268.wav,spk_11_0126,North,11
train,268,train,11_0269.wav,spk_11_0126,North,11
train,269,train,11_0270.wav,spk_11_0127,North,11
train,270,train,11_0271.wav,spk_11_0127,North,11
train,271,train,11_0272.wav,spk_11_0128,North,11
train,272,train,11_0273.wav,spk_11_0128,North,11
train,273,train,11_0281.wav,spk_11_0133,North,11
train,274,train,11_0282.wav,spk_11_0133,North,11
train,275,train,11_0283.wav,spk_11_0133,North,11
train,276,train,11_0284.wav,spk_11_0134,North,11
train,277,train,11_0285.wav,spk_11_0134,North,11
train,278,train,11_0286.wav,spk_11_0134,North,11
train,279,train,11_0287.wav,spk_11_0135,North,11
train,280,train,11_0288.wav,spk_11_0135,North,11
train,281,train,11_0289.wav,spk_11_0135,North,11
train,282,train,11_0300.wav,spk_11_0139,North,11
train,283,train,11_0301.wav,spk_11_0139,North,11
train,284,train,11_0315.wav,spk_11_0145,North,11
train,285,train,11_0316.wav,spk_11_0145,North,11
train,286,train,11_0317.wav,spk_11_0145,North,11
train,287,train,12_0001.wav,spk_12_0001,North,12
train,288,train,12_0002.wav,spk_12_0002,North,12
train,289,train,12_0003.wav,spk_12_0003,North,12
train,290,train,12_0004.wav,spk_12_0003,North,12
train,291,train,12_0005.wav,spk_12_0004,North,12
train,292,train,12_0006.wav,spk_12_0004,North,12
train,293,train,12_0007.wav,spk_12_0004,North,12
train,294,train,12_0008.wav,spk_12_0004,North,12
train,295,train,12_0009.wav,spk_12_0005,North,12
train,296,train,12_0010.wav,spk_12_0006,North,12
train,297,train,12_0011.wav,spk_12_0007,North,12
train,298,train,12_0012.wav,spk_12_0007,North,12
train,299,train,12_0013.wav,spk_12_0008,North,12
train,300,train,12_0014.wav,spk_12_0009,North,12
train,301,train,12_0015.wav,spk_12_0010,North,12
train,302,train,12_0016.wav,spk_12_0011,North,12
train,303,train,12_0017.wav,spk_12_0012,North,12
train,304,train,12_0018.wav,spk_12_0013,North,12
train,305,train,12_0019.wav,spk_12_0013,North,12
train,306,train,12_0020.wav,spk_12_0014,North,12
train,307,train,12_0021.wav,spk_12_0015,North,12
train,308,train,12_0022.wav,spk_12_0015,North,12
train,309,train,12_0023.wav,spk_12_0016,North,12
train,310,train,12_0024.wav,spk_12_0016,North,12
train,311,train,12_0025.wav,spk_12_0017,North,12
train,312,train,12_0026.wav,spk_12_0018,North,12
train,313,train,12_0027.wav,spk_12_0019,North,12
train,314,train,12_0028.wav,spk_12_0019,North,12
train,315,train,12_0029.wav,spk_12_0020,North,12
train,316,train,12_0030.wav,spk_12_0020,North,12
train,317,train,12_0031.wav,spk_12_0021,North,12
train,318,train,12_0032.wav,spk_12_0021,North,12
train,319,train,12_0033.wav,spk_12_0022,North,12
train,320,train,12_0034.wav,spk_12_0023,North,12
train,321,train,12_0035.wav,spk_12_0023,North,12
train,322,train,12_0036.wav,spk_12_0024,North,12
train,323,train,12_0037.wav,spk_12_0025,North,12
train,324,train,12_0038.wav,spk_12_0026,North,12
train,325,train,12_0039.wav,spk_12_0026,North,12
train,326,train,12_0040.wav,spk_12_0027,North,12
train,327,train,12_0041.wav,spk_12_0028,North,12
train,328,train,12_0042.wav,spk_12_0029,North,12
train,329,train,12_0043.wav,spk_12_0030,North,12
train,330,train,12_0044.wav,spk_12_0031,North,12
train,331,train,12_0045.wav,spk_12_0031,North,12
train,332,train,12_0046.wav,spk_12_0032,North,12
train,333,train,12_0047.wav,spk_12_0033,North,12
train,334,train,12_0048.wav,spk_12_0034,North,12
train,335,train,12_0049.wav,spk_12_0034,North,12
train,336,train,12_0050.wav,spk_12_0034,North,12
train,337,train,12_0051.wav,spk_12_0034,North,12
train,338,train,12_0052.wav,spk_12_0035,North,12
train,339,train,12_0053.wav,spk_12_0035,North,12
train,340,train,12_0054.wav,spk_12_0036,North,12
train,341,train,12_0055.wav,spk_12_0036,North,12
train,342,train,12_0056.wav,spk_12_0037,North,12
train,343,train,12_0057.wav,spk_12_0037,North,12
train,344,train,12_0058.wav,spk_12_0038,North,12
train,345,train,12_0059.wav,spk_12_0039,North,12
train,346,train,12_0060.wav,spk_12_0040,North,12
train,347,train,12_0061.wav,spk_12_0040,North,12
train,348,train,12_0062.wav,spk_12_0040,North,12
train,349,train,12_0063.wav,spk_12_0041,North,12
train,350,train,12_0064.wav,spk_12_0042,North,12
train,351,train,12_0065.wav,spk_12_0043,North,12
train,352,train,12_0066.wav,spk_12_0044,North,12
train,353,train,12_0067.wav,spk_12_0045,North,12
train,354,train,12_0068.wav,spk_12_0045,North,12
train,355,train,12_0069.wav,spk_12_0046,North,12
train,356,train,12_0070.wav,spk_12_0046,North,12
train,357,train,12_0071.wav,spk_12_0047,North,12
train,358,train,12_0072.wav,spk_12_0048,North,12
train,359,train,12_0073.wav,spk_12_0048,North,12
train,360,train,12_0074.wav,spk_12_0049,North,12
train,361,train,12_0075.wav,spk_12_0050,North,12
train,362,train,12_0076.wav,spk_12_0050,North,12
train,363,train,12_0077.wav,spk_12_0051,North,12
train,364,train,12_0078.wav,spk_12_0052,North,12
train,365,train,12_0079.wav,spk_12_0052,North,12
train,366,train,12_0080.wav,spk_12_0053,North,12
train,367,train,12_0081.wav,spk_12_0054,North,12
train,368,train,12_0082.wav,spk_12_0054,North,12
train,369,train,12_0083.wav,spk_12_0054,North,12
train,370,train,12_0084.wav,spk_12_0055,North,12
train,371,train,12_0085.wav,spk_12_0055,North,12
train,372,train,12_0086.wav,spk_12_0056,North,12
train,373,train,12_0087.wav,spk_12_0056,North,12
train,374,train,12_0088.wav,spk_12_0056,North,12
train,375,train,12_0089.wav,spk_12_0057,North,12
train,376,train,12_0090.wav,spk_12_0057,North,12
train,377,train,12_0091.wav,spk_12_0058,North,12
train,378,train,12_0092.wav,spk_12_0059,North,12
train,379,train,12_0093.wav,spk_12_0059,North,12
train,380,train,12_0094.wav,spk_12_0060,North,12
train,381,train,12_0095.wav,spk_12_0061,North,12
train,382,train,12_0096.wav,spk_12_0061,North,12
train,383,train,12_0097.wav,spk_12_0062,North,12
train,384,train,12_0098.wav,spk_12_0063,North,12
train,385,train,12_0099.wav,spk_12_0063,North,12
train,386,train,12_0100.wav,spk_12_0064,North,12
train,387,train,12_0101.wav,spk_12_0064,North,12
train,388,train,12_0102.wav,spk_12_0065,North,12
train,389,train,12_0103.wav,spk_12_0066,North,12
train,390,train,12_0104.wav,spk_12_0066,North,12
train,391,train,12_0105.wav,spk_12_0067,North,12
train,392,train,12_0106.wav,spk_12_0067,North,12
train,393,train,12_0107.wav,spk_12_0068,North,12
train,394,train,12_0108.wav,spk_12_0068,North,12
train,395,train,12_0109.wav,spk_12_0068,North,12
train,396,train,12_0110.wav,spk_12_0068,North,12
train,397,train,12_0111.wav,spk_12_0069,North,12
train,398,train,12_0112.wav,spk_12_0069,North,12
train,399,train,12_0113.wav,spk_12_0070,North,12
train,400,train,12_0114.wav,spk_12_0070,North,12
train,401,train,12_0115.wav,spk_12_0070,North,12
train,402,train,12_0116.wav,spk_12_0071,North,12
train,403,train,12_0117.wav,spk_12_0072,North,12
train,404,train,12_0118.wav,spk_12_0072,North,12
train,405,train,12_0119.wav,spk_12_0073,North,12
train,406,train,12_0120.wav,spk_12_0074,North,12
train,407,train,12_0121.wav,spk_12_0074,North,12
train,408,train,12_0122.wav,spk_12_0075,North,12
train,409,train,12_0123.wav,spk_12_0076,North,12
train,410,train,12_0124.wav,spk_12_0077,North,12
train,411,train,12_0125.wav,spk_12_0078,North,12
train,412,train,12_0126.wav,spk_12_0078,North,12
train,413,train,12_0127.wav,spk_12_0079,North,12
train,414,train,12_0128.wav,spk_12_0080,North,12
train,415,train,12_0129.wav,spk_12_0080,North,12
train,416,train,12_0130.wav,spk_12_0080,North,12
train,417,train,12_0131.wav,spk_12_0081,North,12
train,418,train,12_0132.wav,spk_12_0082,North,12
train,419,train,12_0133.wav,spk_12_0082,North,12
train,420,train,12_0134.wav,spk_12_0082,North,12
train,421,train,12_0135.wav,spk_12_0082,North,12
train,422,train,12_0136.wav,spk_12_0083,North,12
train,423,train,12_0137.wav,spk_12_0083,North,12
train,424,train,12_0138.wav,spk_12_0083,North,12
train,425,train,12_0139.wav,spk_12_0084,North,12
train,426,train,12_0140.wav,spk_12_0085,North,12
train,427,train,12_0141.wav,spk_12_0086,North,12
train,428,train,12_0142.wav,spk_12_0087,North,12
train,429,train,12_0143.wav,spk_12_0087,North,12
train,430,train,12_0144.wav,spk_12_0088,North,12
train,431,train,12_0145.wav,spk_12_0089,North,12
train,432,train,12_0146.wav,spk_12_0090,North,12
train,433,train,12_0147.wav,spk_12_0091,North,12
train,434,train,12_0148.wav,spk_12_0092,North,12
train,435,train,12_0149.wav,spk_12_0093,North,12
train,436,train,12_0150.wav,spk_12_0094,North,12
train,437,train,12_0151.wav,spk_12_0094,North,12
train,438,train,12_0152.wav,spk_12_0094,North,12
train,439,train,12_0153.wav,spk_12_0094,North,12
train,440,train,12_0154.wav,spk_12_0094,North,12
train,441,train,12_0155.wav,spk_12_0095,North,12
train,442,train,12_0156.wav,spk_12_0095,North,12
train,443,train,12_0157.wav,spk_12_0095,North,12
train,444,train,12_0158.wav,spk_12_0095,North,12
train,445,train,12_0159.wav,spk_12_0096,North,12
train,446,train,12_0160.wav,spk_12_0097,North,12
train,447,train,12_0161.wav,spk_12_0097,North,12
train,448,train,12_0162.wav,spk_12_0098,North,12
train,449,train,12_0163.wav,spk_12_0099,North,12
train,450,train,12_0164.wav,spk_12_0099,North,12
train,451,train,12_0165.wav,spk_12_0099,North,12
train,452,train,12_0166.wav,spk_12_0100,North,12
train,453,train,12_0167.wav,spk_12_0101,North,12
train,454,train,12_0168.wav,spk_12_0102,North,12
train,455,train,12_0169.wav,spk_12_0103,North,12
train,456,train,12_0170.wav,spk_12_0103,North,12
train,457,train,12_0171.wav,spk_12_0103,North,12
train,458,train,12_0172.wav,spk_12_0103,North,12
train,459,train,12_0173.wav,spk_12_0104,North,12
train,460,train,12_0174.wav,spk_12_0104,North,12
train,461,train,12_0175.wav,spk_12_0104,North,12
train,462,train,12_0176.wav,spk_12_0105,North,12
train,463,train,12_0177.wav,spk_12_0105,North,12
train,464,train,12_0178.wav,spk_12_0106,North,12
train,465,train,12_0179.wav,spk_12_0106,North,12
train,466,train,12_0180.wav,spk_12_0106,North,12
train,467,train,12_0181.wav,spk_12_0107,North,12
train,468,train,12_0182.wav,spk_12_0107,North,12
train,469,train,12_0183.wav,spk_12_0108,North,12
train,470,train,12_0184.wav,spk_12_0109,North,12
train,471,train,12_0185.wav,spk_12_0110,North,12
train,472,train,12_0186.wav,spk_12_0111,North,12
train,473,train,12_0187.wav,spk_12_0112,North,12
train,474,train,12_0188.wav,spk_12_0113,North,12
train,475,train,12_0189.wav,spk_12_0113,North,12
train,476,train,12_0190.wav,spk_12_0114,North,12
train,477,train,12_0191.wav,spk_12_0114,North,12
train,478,train,12_0192.wav,spk_12_0114,North,12
train,479,train,12_0193.wav,spk_12_0115,North,12
train,480,train,12_0194.wav,spk_12_0115,North,12
train,481,train,12_0195.wav,spk_12_0115,North,12
train,482,train,12_0196.wav,spk_12_0115,North,12
train,483,train,12_0197.wav,spk_12_0116,North,12
train,484,train,12_0198.wav,spk_12_0116,North,12
train,485,train,12_0199.wav,spk_12_0117,North,12
train,486,train,12_0200.wav,spk_12_0117,North,12
train,487,train,12_0201.wav,spk_12_0118,North,12
train,488,train,12_0202.wav,spk_12_0118,North,12
train,489,train,12_0203.wav,spk_12_0119,North,12
train,490,train,12_0204.wav,spk_12_0120,North,12
train,491,train,12_0205.wav,spk_12_0121,North,12
train,492,train,12_0206.wav,spk_12_0122,North,12
train,493,train,12_0207.wav,spk_12_0123,North,12
train,494,train,12_0208.wav,spk_12_0123,North,12
train,495,train,12_0209.wav,spk_12_0124,North,12
train,496,train,12_0210.wav,spk_12_0124,North,12
train,497,train,12_0211.wav,spk_12_0125,North,12
train,498,train,12_0212.wav,spk_12_0126,North,12
train,499,train,12_0213.wav,spk_12_0126,North,12
train,500,train,12_0214.wav,spk_12_0127,North,12
train,501,train,12_0215.wav,spk_12_0127,North,12
train,502,train,12_0216.wav,spk_12_0128,North,12
train,503,train,12_0217.wav,spk_12_0128,North,12
train,504,train,12_0218.wav,spk_12_0129,North,12
train,505,train,12_0219.wav,spk_12_0129,North,12
train,506,train,12_0220.wav,spk_12_0130,North,12
train,507,train,12_0221.wav,spk_12_0130,North,12
train,508,train,12_0222.wav,spk_12_0131,North,12
train,509,train,12_0223.wav,spk_12_0131,North,12
train,510,train,12_0224.wav,spk_12_0131,North,12
train,511,train,12_0225.wav,spk_12_0132,North,12
train,512,train,12_0226.wav,spk_12_0133,North,12
train,513,train,12_0227.wav,spk_12_0133,North,12
train,514,train,12_0235.wav,spk_12_0138,North,12
train,515,train,12_0236.wav,spk_12_0139,North,12
train,516,train,12_0237.wav,spk_12_0139,North,12
train,517,train,12_0244.wav,spk_12_0143,North,12
train,518,train,12_0245.wav,spk_12_0143,North,12
train,519,train,12_0246.wav,spk_12_0144,North,12
train,520,train,12_0247.wav,spk_12_0144,North,12
train,521,train,12_0248.wav,spk_12_0145,North,12
train,522,train,12_0249.wav,spk_12_0146,North,12
train,523,train,12_0250.wav,spk_12_0146,North,12
train,524,train,12_0251.wav,spk_12_0147,North,12
train,525,train,12_0252.wav,spk_12_0148,North,12
train,526,train,12_0253.wav,spk_12_0148,North,12
train,527,train,14_0001.wav,spk_14_0001,North,14
train,528,train,14_0002.wav,spk_14_0002,North,14
train,529,train,14_0003.wav,spk_14_0003,North,14
train,530,train,14_0004.wav,spk_14_0004,North,14
train,531,train,14_0005.wav,spk_14_0005,North,14
train,532,train,14_0006.wav,spk_14_0006,North,14
train,533,train,14_0007.wav,spk_14_0007,North,14
train,534,train,14_0008.wav,spk_14_0008,North,14
train,535,train,14_0009.wav,spk_14_0009,North,14
train,536,train,14_0010.wav,spk_14_0010,North,14
train,537,train,14_0011.wav,spk_14_0011,North,14
train,538,train,14_0012.wav,spk_14_0012,North,14
train,539,train,14_0013.wav,spk_14_0013,North,14
train,540,train,14_0014.wav,spk_14_0014,North,14
train,541,train,14_0015.wav,spk_14_0014,North,14
train,542,train,14_0016.wav,spk_14_0015,North,14
train,543,train,14_0017.wav,spk_14_0016,North,14
train,544,train,14_0018.wav,spk_14_0017,North,14
train,545,train,14_0019.wav,spk_14_0018,North,14
train,546,train,14_0020.wav,spk_14_0019,North,14
train,547,train,14_0021.wav,spk_14_0020,North,14
train,548,train,14_0022.wav,spk_14_0021,North,14
train,549,train,14_0023.wav,spk_14_0022,North,14
train,550,train,14_0024.wav,spk_14_0023,North,14
train,551,train,14_0025.wav,spk_14_0024,North,14
train,552,train,14_0026.wav,spk_14_0025,North,14
train,553,train,14_0027.wav,spk_14_0026,North,14
train,554,train,14_0028.wav,spk_14_0027,North,14
train,555,train,14_0029.wav,spk_14_0028,North,14
train,556,train,14_0030.wav,spk_14_0029,North,14
train,557,train,14_0031.wav,spk_14_0030,North,14
train,558,train,14_0032.wav,spk_14_0030,North,14
train,559,train,14_0033.wav,spk_14_0031,North,14
train,560,train,14_0034.wav,spk_14_0032,North,14
train,561,train,14_0035.wav,spk_14_0033,North,14
train,562,train,14_0036.wav,spk_14_0034,North,14
train,563,train,14_0037.wav,spk_14_0035,North,14
train,564,train,14_0038.wav,spk_14_0036,North,14
train,565,train,14_0039.wav,spk_14_0036,North,14
train,566,train,14_0040.wav,spk_14_0037,North,14
train,567,train,14_0041.wav,spk_14_0038,North,14
train,568,train,14_0042.wav,spk_14_0038,North,14
train,569,train,14_0043.wav,spk_14_0039,North,14
train,570,train,14_0044.wav,spk_14_0040,North,14
train,571,train,14_0045.wav,spk_14_0041,North,14
train,572,train,14_0046.wav,spk_14_0042,North,14
train,573,train,14_0047.wav,spk_14_0043,North,14
train,574,train,14_0048.wav,spk_14_0044,North,14
train,575,train,14_0049.wav,spk_14_0045,North,14
train,576,train,14_0050.wav,spk_14_0046,North,14
train,577,train,14_0051.wav,spk_14_0047,North,14
train,578,train,14_0052.wav,spk_14_0048,North,14
train,579,train,14_0053.wav,spk_14_0049,North,14
train,580,train,14_0054.wav,spk_14_0050,North,14
train,581,train,14_0055.wav,spk_14_0051,North,14
train,582,train,14_0056.wav,spk_14_0051,North,14
train,583,train,14_0057.wav,spk_14_0052,North,14
train,584,train,14_0058.wav,spk_14_0053,North,14
train,585,train,14_0059.wav,spk_14_0054,North,14
train,586,train,14_0060.wav,spk_14_0055,North,14
train,587,train,14_0061.wav,spk_14_0056,North,14
train,588,train,14_0062.wav,spk_14_0057,North,14
train,589,train,14_0063.wav,spk_14_0057,North,14
train,590,train,14_0064.wav,spk_14_0058,North,14
train,591,train,14_0065.wav,spk_14_0058,North,14
train,592,train,14_0066.wav,spk_14_0059,North,14
train,593,train,14_0067.wav,spk_14_0059,North,14
train,594,train,14_0068.wav,spk_14_0060,North,14
train,595,train,14_0069.wav,spk_14_0061,North,14
train,596,train,14_0070.wav,spk_14_0061,North,14
train,597,train,14_0071.wav,spk_14_0062,North,14
train,598,train,14_0072.wav,spk_14_0063,North,14
train,599,train,14_0073.wav,spk_14_0064,North,14
train,600,train,14_0074.wav,spk_14_0065,North,14
train,601,train,14_0075.wav,spk_14_0066,North,14
train,602,train,14_0076.wav,spk_14_0067,North,14
train,603,train,14_0077.wav,spk_14_0068,North,14
train,604,train,14_0078.wav,spk_14_0069,North,14
train,605,train,14_0079.wav,spk_14_0070,North,14
train,606,train,14_0080.wav,spk_14_0071,North,14
train,607,train,14_0081.wav,spk_14_0071,North,14
train,608,train,14_0082.wav,spk_14_0072,North,14
train,609,train,14_0083.wav,spk_14_0073,North,14
train,610,train,14_0084.wav,spk_14_0073,North,14
train,611,train,14_0085.wav,spk_14_0074,North,14
train,612,train,14_0086.wav,spk_14_0074,North,14
train,613,train,14_0087.wav,spk_14_0074,North,14
train,614,train,14_0088.wav,spk_14_0074,North,14
train,615,train,14_0089.wav,spk_14_0075,North,14
train,616,train,14_0090.wav,spk_14_0076,North,14
train,617,train,14_0091.wav,spk_14_0077,North,14
train,618,train,14_0092.wav,spk_14_0078,North,14
train,619,train,14_0093.wav,spk_14_0079,North,14
train,620,train,14_0094.wav,spk_14_0079,North,14
train,621,train,14_0095.wav,spk_14_0080,North,14
train,622,train,14_0096.wav,spk_14_0080,North,14
train,623,train,14_0097.wav,spk_14_0081,North,14
train,624,train,14_0098.wav,spk_14_0082,North,14
train,625,train,14_0099.wav,spk_14_0083,North,14
train,626,train,14_0100.wav,spk_14_0083,North,14
train,627,train,14_0101.wav,spk_14_0084,North,14
train,628,train,14_0102.wav,spk_14_0085,North,14
train,629,train,14_0103.wav,spk_14_0086,North,14
train,630,train,14_0104.wav,spk_14_0086,North,14
train,631,train,14_0105.wav,spk_14_0087,North,14
train,632,train,14_0106.wav,spk_14_0088,North,14
train,633,train,14_0107.wav,spk_14_0088,North,14
train,634,train,14_0108.wav,spk_14_0089,North,14
train,635,train,14_0109.wav,spk_14_0090,North,14
train,636,train,14_0110.wav,spk_14_0091,North,14
train,637,train,14_0111.wav,spk_14_0091,North,14
train,638,train,14_0112.wav,spk_14_0092,North,14
train,639,train,14_0113.wav,spk_14_0093,North,14
train,640,train,14_0114.wav,spk_14_0094,North,14
train,641,train,14_0115.wav,spk_14_0095,North,14
train,642,train,14_0116.wav,spk_14_0095,North,14
train,643,train,14_0117.wav,spk_14_0096,North,14
train,644,train,14_0118.wav,spk_14_0097,North,14
train,645,train,14_0119.wav,spk_14_0098,North,14
train,646,train,14_0120.wav,spk_14_0099,North,14
train,647,train,14_0121.wav,spk_14_0100,North,14
train,648,train,14_0122.wav,spk_14_0100,North,14
train,649,train,14_0123.wav,spk_14_0101,North,14
train,650,train,14_0124.wav,spk_14_0101,North,14
train,651,train,14_0125.wav,spk_14_0102,North,14
train,652,train,14_0126.wav,spk_14_0103,North,14
train,653,train,14_0127.wav,spk_14_0104,North,14
train,654,train,14_0128.wav,spk_14_0105,North,14
train,655,train,14_0129.wav,spk_14_0106,North,14
train,656,train,14_0130.wav,spk_14_0107,North,14
train,657,train,14_0131.wav,spk_14_0107,North,14
train,658,train,14_0132.wav,spk_14_0108,North,14
train,659,train,14_0133.wav,spk_14_0109,North,14
train,660,train,14_0134.wav,spk_14_0110,North,14
train,661,train,14_0135.wav,spk_14_0111,North,14
train,662,train,14_0136.wav,spk_14_0112,North,14
train,663,train,14_0137.wav,spk_14_0113,North,14
train,664,train,14_0138.wav,spk_14_0114,North,14
train,665,train,14_0139.wav,spk_14_0114,North,14
train,666,train,14_0140.wav,spk_14_0115,North,14
train,667,train,14_0141.wav,spk_14_0115,North,14
train,668,train,14_0142.wav,spk_14_0116,North,14
train,669,train,14_0143.wav,spk_14_0117,North,14
train,670,train,14_0144.wav,spk_14_0118,North,14
train,671,train,14_0145.wav,spk_14_0119,North,14
train,672,train,14_0146.wav,spk_14_0120,North,14
train,673,train,14_0147.wav,spk_14_0121,North,14
train,674,train,14_0148.wav,spk_14_0122,North,14
train,675,train,14_0149.wav,spk_14_0123,North,14
train,676,train,14_0150.wav,spk_14_0123,North,14
train,677,train,14_0151.wav,spk_14_0124,North,14
train,678,train,14_0152.wav,spk_14_0124,North,14
train,679,train,14_0153.wav,spk_14_0124,North,14
train,680,train,14_0154.wav,spk_14_0125,North,14
train,681,train,14_0155.wav,spk_14_0125,North,14
train,682,train,14_0156.wav,spk_14_0126,North,14
train,683,train,14_0157.wav,spk_14_0126,North,14
train,684,train,14_0158.wav,spk_14_0127,North,14
train,685,train,14_0159.wav,spk_14_0127,North,14
train,686,train,14_0160.wav,spk_14_0128,North,14
train,687,train,14_0161.wav,spk_14_0129,North,14
train,688,train,14_0162.wav,spk_14_0129,North,14
train,689,train,14_0163.wav,spk_14_0130,North,14
train,690,train,14_0164.wav,spk_14_0131,North,14
train,691,train,14_0165.wav,spk_14_0132,North,14
train,692,train,14_0166.wav,spk_14_0133,North,14
train,693,train,14_0167.wav,spk_14_0134,North,14
train,694,train,14_0168.wav,spk_14_0135,North,14
train,695,train,14_0169.wav,spk_14_0136,North,14
train,696,train,14_0170.wav,spk_14_0137,North,14
train,697,train,14_0171.wav,spk_14_0138,North,14
train,698,train,14_0172.wav,spk_14_0138,North,14
train,699,train,14_0173.wav,spk_14_0139,North,14
train,700,train,14_0174.wav,spk_14_0140,North,14
train,701,train,14_0175.wav,spk_14_0141,North,14
train,702,train,14_0176.wav,spk_14_0142,North,14
train,703,train,14_0177.wav,spk_14_0142,North,14
train,704,train,14_0178.wav,spk_14_0143,North,14
train,705,train,14_0179.wav,spk_14_0143,North,14
train,706,train,14_0180.wav,spk_14_0144,North,14
train,707,train,14_0181.wav,spk_14_0145,North,14
train,708,train,14_0182.wav,spk_14_0146,North,14
train,709,train,14_0183.wav,spk_14_0147,North,14
train,710,train,14_0184.wav,spk_14_0148,North,14
train,711,train,14_0185.wav,spk_14_0148,North,14
train,712,train,14_0186.wav,spk_14_0149,North,14
train,713,train,14_0187.wav,spk_14_0149,North,14
train,714,train,14_0188.wav,spk_14_0150,North,14
train,715,train,14_0189.wav,spk_14_0151,North,14
train,716,train,14_0190.wav,spk_14_0152,North,14
train,717,train,14_0191.wav,spk_14_0152,North,14
train,718,train,14_0192.wav,spk_14_0153,North,14
train,719,train,14_0193.wav,spk_14_0154,North,14
train,720,train,14_0194.wav,spk_14_0155,North,14
train,721,train,14_0195.wav,spk_14_0156,North,14
train,722,train,14_0196.wav,spk_14_0157,North,14
train,723,train,14_0197.wav,spk_14_0158,North,14
train,724,train,14_0198.wav,spk_14_0159,North,14
train,725,train,14_0199.wav,spk_14_0160,North,14
train,726,train,14_0200.wav,spk_14_0161,North,14
train,727,train,14_0201.wav,spk_14_0162,North,14
train,728,train,14_0202.wav,spk_14_0163,North,14
train,729,train,14_0203.wav,spk_14_0163,North,14
train,730,train,14_0204.wav,spk_14_0164,North,14
train,731,train,14_0205.wav,spk_14_0165,North,14
train,732,train,14_0206.wav,spk_14_0166,North,14
train,733,train,14_0207.wav,spk_14_0167,North,14
train,734,train,14_0208.wav,spk_14_0167,North,14
train,735,train,14_0209.wav,spk_14_0168,North,14
train,736,train,14_0210.wav,spk_14_0168,North,14
train,737,train,14_0211.wav,spk_14_0169,North,14
train,738,train,14_0212.wav,spk_14_0170,North,14
train,739,train,14_0213.wav,spk_14_0170,North,14
train,740,train,14_0214.wav,spk_14_0171,North,14
train,741,train,14_0215.wav,spk_14_0172,North,14
train,742,train,14_0216.wav,spk_14_0173,North,14
train,743,train,14_0217.wav,spk_14_0174,North,14
train,744,train,14_0218.wav,spk_14_0175,North,14
train,745,train,14_0219.wav,spk_14_0176,North,14
train,746,train,14_0220.wav,spk_14_0176,North,14
train,747,train,14_0221.wav,spk_14_0177,North,14
train,748,train,14_0222.wav,spk_14_0177,North,14
train,749,train,14_0223.wav,spk_14_0178,North,14
train,750,train,14_0224.wav,spk_14_0179,North,14
train,751,train,14_0225.wav,spk_14_0180,North,14
train,752,train,14_0226.wav,spk_14_0180,North,14
train,753,train,14_0227.wav,spk_14_0181,North,14
train,754,train,14_0228.wav,spk_14_0181,North,14
train,755,train,14_0229.wav,spk_14_0182,North,14
train,756,train,14_0230.wav,spk_14_0183,North,14
train,757,train,14_0231.wav,spk_14_0184,North,14
train,758,train,14_0232.wav,spk_14_0185,North,14
train,759,train,14_0233.wav,spk_14_0186,North,14
train,760,train,14_0234.wav,spk_14_0187,North,14
train,761,train,14_0235.wav,spk_14_0188,North,14
train,762,train,14_0236.wav,spk_14_0189,North,14
train,763,train,14_0237.wav,spk_14_0190,North,14
train,764,train,14_0238.wav,spk_14_0191,North,14
train,765,train,14_0239.wav,spk_14_0192,North,14
train,766,train,14_0240.wav,spk_14_0193,North,14
train,767,train,14_0241.wav,spk_14_0194,North,14
train,768,train,14_0242.wav,spk_14_0195,North,14
train,769,train,14_0243.wav,spk_14_0195,North,14
train,770,train,14_0252.wav,spk_14_0203,North,14
train,771,train,14_0253.wav,spk_14_0204,North,14
train,772,train,14_0269.wav,spk_14_0215,North,14
train,773,train,14_0270.wav,spk_14_0216,North,14
train,774,train,14_0277.wav,spk_14_0222,North,14
train,775,train,14_0278.wav,spk_14_0222,North,14
train,776,train,15_0001.wav,spk_15_0001,North,15
train,777,train,15_0002.wav,spk_15_0002,North,15
train,778,train,15_0003.wav,spk_15_0003,North,15
train,779,train,15_0004.wav,spk_15_0004,North,15
train,780,train,15_0005.wav,spk_15_0004,North,15
train,781,train,15_0006.wav,spk_15_0005,North,15
train,782,train,15_0007.wav,spk_15_0006,North,15
train,783,train,15_0008.wav,spk_15_0007,North,15
train,784,train,15_0009.wav,spk_15_0008,North,15
train,785,train,15_0010.wav,spk_15_0008,North,15
train,786,train,15_0011.wav,spk_15_0009,North,15
train,787,train,15_0012.wav,spk_15_0009,North,15
train,788,train,15_0013.wav,spk_15_0009,North,15
train,789,train,15_0014.wav,spk_15_0010,North,15
train,790,train,15_0015.wav,spk_15_0010,North,15
train,791,train,15_0016.wav,spk_15_0011,North,15
train,792,train,15_0017.wav,spk_15_0012,North,15
train,793,train,15_0018.wav,spk_15_0013,North,15
train,794,train,15_0019.wav,spk_15_0014,North,15
train,795,train,15_0020.wav,spk_15_0014,North,15
train,796,train,15_0021.wav,spk_15_0015,North,15
train,797,train,15_0022.wav,spk_15_0016,North,15
train,798,train,15_0023.wav,spk_15_0016,North,15
train,799,train,15_0024.wav,spk_15_0017,North,15
train,800,train,15_0025.wav,spk_15_0018,North,15
train,801,train,15_0026.wav,spk_15_0019,North,15
train,802,train,15_0027.wav,spk_15_0020,North,15
train,803,train,15_0028.wav,spk_15_0020,North,15
train,804,train,15_0029.wav,spk_15_0021,North,15
train,805,train,15_0030.wav,spk_15_0022,North,15
train,806,train,15_0031.wav,spk_15_0023,North,15
train,807,train,15_0032.wav,spk_15_0024,North,15
train,808,train,15_0033.wav,spk_15_0025,North,15
train,809,train,15_0034.wav,spk_15_0026,North,15
train,810,train,15_0035.wav,spk_15_0027,North,15
train,811,train,15_0036.wav,spk_15_0028,North,15
train,812,train,15_0037.wav,spk_15_0029,North,15
train,813,train,15_0038.wav,spk_15_0029,North,15
train,814,train,15_0039.wav,spk_15_0030,North,15
train,815,train,15_0040.wav,spk_15_0031,North,15
train,816,train,15_0041.wav,spk_15_0032,North,15
train,817,train,15_0042.wav,spk_15_0033,North,15
train,818,train,15_0043.wav,spk_15_0033,North,15
train,819,train,15_0044.wav,spk_15_0034,North,15
train,820,train,15_0045.wav,spk_15_0035,North,15
train,821,train,15_0046.wav,spk_15_0035,North,15
train,822,train,15_0047.wav,spk_15_0035,North,15
train,823,train,15_0048.wav,spk_15_0036,North,15
train,824,train,15_0049.wav,spk_15_0037,North,15
train,825,train,15_0050.wav,spk_15_0038,North,15
train,826,train,15_0051.wav,spk_15_0039,North,15
train,827,train,15_0052.wav,spk_15_0040,North,15
train,828,train,15_0053.wav,spk_15_0041,North,15
train,829,train,15_0054.wav,spk_15_0041,North,15
train,830,train,15_0055.wav,spk_15_0042,North,15
train,831,train,15_0056.wav,spk_15_0042,North,15
train,832,train,15_0057.wav,spk_15_0042,North,15
train,833,train,15_0058.wav,spk_15_0043,North,15
train,834,train,15_0059.wav,spk_15_0044,North,15
train,835,train,15_0060.wav,spk_15_0045,North,15
train,836,train,15_0061.wav,spk_15_0046,North,15
train,837,train,15_0062.wav,spk_15_0047,North,15
train,838,train,15_0063.wav,spk_15_0047,North,15
train,839,train,15_0064.wav,spk_15_0047,North,15
train,840,train,15_0065.wav,spk_15_0047,North,15
train,841,train,15_0066.wav,spk_15_0048,North,15
train,842,train,15_0067.wav,spk_15_0049,North,15
train,843,train,15_0068.wav,spk_15_0050,North,15
train,844,train,15_0069.wav,spk_15_0050,North,15
train,845,train,15_0070.wav,spk_15_0051,North,15
train,846,train,15_0071.wav,spk_15_0052,North,15
train,847,train,15_0072.wav,spk_15_0053,North,15
train,848,train,15_0073.wav,spk_15_0054,North,15
train,849,train,15_0074.wav,spk_15_0055,North,15
train,850,train,15_0075.wav,spk_15_0056,North,15
train,851,train,15_0076.wav,spk_15_0057,North,15
train,852,train,15_0077.wav,spk_15_0057,North,15
train,853,train,15_0078.wav,spk_15_0058,North,15
train,854,train,15_0079.wav,spk_15_0058,North,15
train,855,train,15_0080.wav,spk_15_0059,North,15
train,856,train,15_0081.wav,spk_15_0060,North,15
train,857,train,15_0082.wav,spk_15_0060,North,15
train,858,train,15_0083.wav,spk_15_0061,North,15
train,859,train,15_0084.wav,spk_15_0062,North,15
train,860,train,15_0085.wav,spk_15_0063,North,15
train,861,train,15_0086.wav,spk_15_0064,North,15
train,862,train,15_0087.wav,spk_15_0064,North,15
train,863,train,15_0088.wav,spk_15_0065,North,15
train,864,train,15_0089.wav,spk_15_0066,North,15
train,865,train,15_0090.wav,spk_15_0067,North,15
train,866,train,15_0091.wav,spk_15_0068,North,15
train,867,train,15_0092.wav,spk_15_0069,North,15
train,868,train,15_0093.wav,spk_15_0069,North,15
train,869,train,15_0094.wav,spk_15_0069,North,15
train,870,train,15_0095.wav,spk_15_0070,North,15
train,871,train,15_0096.wav,spk_15_0071,North,15
train,872,train,15_0097.wav,spk_15_0071,North,15
train,873,train,15_0098.wav,spk_15_0072,North,15
train,874,train,15_0099.wav,spk_15_0072,North,15
train,875,train,15_0100.wav,spk_15_0073,North,15
train,876,train,15_0101.wav,spk_15_0074,North,15
train,877,train,15_0102.wav,spk_15_0075,North,15
train,878,train,15_0103.wav,spk_15_0076,North,15
train,879,train,15_0104.wav,spk_15_0077,North,15
train,880,train,15_0105.wav,spk_15_0078,North,15
train,881,train,15_0106.wav,spk_15_0079,North,15
train,882,train,15_0107.wav,spk_15_0079,North,15
train,883,train,15_0108.wav,spk_15_0080,North,15
train,884,train,15_0109.wav,spk_15_0081,North,15
train,885,train,15_0110.wav,spk_15_0081,North,15
train,886,train,15_0111.wav,spk_15_0082,North,15
train,887,train,15_0112.wav,spk_15_0083,North,15
train,888,train,15_0113.wav,spk_15_0084,North,15
train,889,train,15_0114.wav,spk_15_0085,North,15
train,890,train,15_0115.wav,spk_15_0086,North,15
train,891,train,15_0116.wav,spk_15_0087,North,15
train,892,train,15_0117.wav,spk_15_0088,North,15
train,893,train,15_0118.wav,spk_15_0089,North,15
train,894,train,15_0119.wav,spk_15_0090,North,15
train,895,train,15_0120.wav,spk_15_0091,North,15
train,896,train,15_0121.wav,spk_15_0091,North,15
train,897,train,15_0122.wav,spk_15_0092,North,15
train,898,train,15_0123.wav,spk_15_0093,North,15
train,899,train,15_0124.wav,spk_15_0093,North,15
train,900,train,15_0125.wav,spk_15_0094,North,15
train,901,train,15_0126.wav,spk_15_0094,North,15
train,902,train,15_0127.wav,spk_15_0095,North,15
train,903,train,15_0128.wav,spk_15_0096,North,15
train,904,train,15_0129.wav,spk_15_0097,North,15
train,905,train,15_0130.wav,spk_15_0097,North,15
train,906,train,15_0131.wav,spk_15_0098,North,15
train,907,train,15_0132.wav,spk_15_0099,North,15
train,908,train,15_0133.wav,spk_15_0100,North,15
train,909,train,15_0134.wav,spk_15_0101,North,15
train,910,train,15_0135.wav,spk_15_0101,North,15
train,911,train,15_0136.wav,spk_15_0101,North,15
train,912,train,15_0137.wav,spk_15_0102,North,15
train,913,train,15_0138.wav,spk_15_0103,North,15
train,914,train,15_0139.wav,spk_15_0104,North,15
train,915,train,15_0140.wav,spk_15_0104,North,15
train,916,train,15_0141.wav,spk_15_0104,North,15
train,917,train,15_0142.wav,spk_15_0105,North,15
train,918,train,15_0143.wav,spk_15_0106,North,15
train,919,train,15_0144.wav,spk_15_0107,North,15
train,920,train,15_0145.wav,spk_15_0108,North,15
train,921,train,15_0146.wav,spk_15_0109,North,15
train,922,train,15_0147.wav,spk_15_0110,North,15
train,923,train,15_0148.wav,spk_15_0111,North,15
train,924,train,15_0149.wav,spk_15_0111,North,15
train,925,train,15_0150.wav,spk_15_0112,North,15
train,926,train,15_0151.wav,spk_15_0113,North,15
train,927,train,15_0152.wav,spk_15_0113,North,15
train,928,train,15_0153.wav,spk_15_0114,North,15
train,929,train,15_0154.wav,spk_15_0115,North,15
train,930,train,15_0155.wav,spk_15_0116,North,15
train,931,train,15_0156.wav,spk_15_0117,North,15
train,932,train,15_0157.wav,spk_15_0118,North,15
train,933,train,15_0158.wav,spk_15_0119,North,15
train,934,train,15_0159.wav,spk_15_0120,North,15
train,935,train,15_0160.wav,spk_15_0120,North,15
train,936,train,15_0161.wav,spk_15_0121,North,15
train,937,train,15_0162.wav,spk_15_0122,North,15
train,938,train,15_0163.wav,spk_15_0123,North,15
train,939,train,15_0164.wav,spk_15_0124,North,15
train,940,train,15_0165.wav,spk_15_0125,North,15
train,941,train,15_0166.wav,spk_15_0126,North,15
train,942,train,15_0167.wav,spk_15_0127,North,15
train,943,train,15_0168.wav,spk_15_0128,North,15
train,944,train,15_0169.wav,spk_15_0129,North,15
train,945,train,15_0170.wav,spk_15_0130,North,15
train,946,train,15_0171.wav,spk_15_0130,North,15
train,947,train,15_0172.wav,spk_15_0131,North,15
train,948,train,15_0173.wav,spk_15_0132,North,15
train,949,train,15_0174.wav,spk_15_0133,North,15
train,950,train,15_0175.wav,spk_15_0134,North,15
train,951,train,15_0176.wav,spk_15_0135,North,15
train,952,train,15_0177.wav,spk_15_0135,North,15
train,953,train,15_0178.wav,spk_15_0136,North,15
train,954,train,15_0179.wav,spk_15_0136,North,15
train,955,train,15_0180.wav,spk_15_0136,North,15
train,956,train,15_0181.wav,spk_15_0137,North,15
train,957,train,15_0182.wav,spk_15_0138,North,15
train,958,train,15_0183.wav,spk_15_0139,North,15
train,959,train,15_0184.wav,spk_15_0140,North,15
train,960,train,15_0185.wav,spk_15_0141,North,15
train,961,train,15_0186.wav,spk_15_0142,North,15
train,962,train,15_0187.wav,spk_15_0143,North,15
train,963,train,15_0188.wav,spk_15_0144,North,15
train,964,train,15_0189.wav,spk_15_0145,North,15
train,965,train,15_0190.wav,spk_15_0146,North,15
train,966,train,15_0191.wav,spk_15_0146,North,15
train,967,train,15_0192.wav,spk_15_0146,North,15
train,968,train,15_0193.wav,spk_15_0147,North,15
train,969,train,15_0194.wav,spk_15_0147,North,15
train,970,train,15_0195.wav,spk_15_0147,North,15
train,971,train,15_0196.wav,spk_15_0147,North,15
train,972,train,15_0197.wav,spk_15_0148,North,15
train,973,train,15_0198.wav,spk_15_0149,North,15
train,974,train,15_0199.wav,spk_15_0149,North,15
train,975,train,15_0200.wav,spk_15_0150,North,15
train,976,train,15_0201.wav,spk_15_0151,North,15
train,977,train,15_0202.wav,spk_15_0152,North,15
train,978,train,15_0203.wav,spk_15_0152,North,15
train,979,train,15_0204.wav,spk_15_0153,North,15
train,980,train,15_0205.wav,spk_15_0154,North,15
train,981,train,15_0206.wav,spk_15_0155,North,15
train,982,train,15_0207.wav,spk_15_0156,North,15
train,983,train,15_0208.wav,spk_15_0157,North,15
train,984,train,15_0209.wav,spk_15_0158,North,15
train,985,train,15_0210.wav,spk_15_0159,North,15
train,986,train,15_0211.wav,spk_15_0160,North,15
train,987,train,15_0212.wav,spk_15_0161,North,15
train,988,train,15_0213.wav,spk_15_0162,North,15
train,989,train,15_0214.wav,spk_15_0163,North,15
train,990,train,15_0215.wav,spk_15_0164,North,15
train,991,train,15_0216.wav,spk_15_0165,North,15
train,992,train,15_0217.wav,spk_15_0166,North,15
train,993,train,15_0218.wav,spk_15_0166,North,15
train,994,train,15_0219.wav,spk_15_0167,North,15
train,995,train,15_0220.wav,spk_15_0167,North,15
train,996,train,15_0221.wav,spk_15_0168,North,15
train,997,train,15_0222.wav,spk_15_0169,North,15
train,998,train,15_0223.wav,spk_15_0169,North,15
train,999,train,15_0224.wav,spk_15_0169,North,15
train,1000,train,15_0225.wav,spk_15_0169,North,15
train,1001,train,15_0226.wav,spk_15_0169,North,15
train,1002,train,15_0227.wav,spk_15_0170,North,15
train,1003,train,15_0228.wav,spk_15_0171,North,15
train,1004,train,15_0229.wav,spk_15_0172,North,15
train,1005,train,15_0230.wav,spk_15_0173,North,15
train,1006,train,15_0231.wav,spk_15_0174,North,15
train,1007,train,15_0232.wav,spk_15_0175,North,15
train,1008,train,15_0233.wav,spk_15_0175,North,15
train,1009,train,15_0234.wav,spk_15_0176,North,15
train,1010,train,15_0235.wav,spk_15_0176,North,15
train,1011,train,15_0236.wav,spk_15_0177,North,15
train,1012,train,15_0237.wav,spk_15_0178,North,15
train,1013,train,15_0238.wav,spk_15_0179,North,15
train,1014,train,15_0239.wav,spk_15_0180,North,15
train,1015,train,15_0248.wav,spk_15_0182,North,15
train,1016,train,15_0249.wav,spk_15_0182,North,15
train,1017,train,17_0001.wav,spk_17_0001,North,17
train,1018,train,17_0002.wav,spk_17_0001,North,17
train,1019,train,17_0003.wav,spk_17_0002,North,17
train,1020,train,17_0004.wav,spk_17_0003,North,17
train,1021,train,17_0005.wav,spk_17_0004,North,17
train,1022,train,17_0006.wav,spk_17_0005,North,17
train,1023,train,17_0007.wav,spk_17_0006,North,17
train,1024,train,17_0008.wav,spk_17_0007,North,17
train,1025,train,17_0009.wav,spk_17_0008,North,17
train,1026,train,17_0010.wav,spk_17_0009,North,17
train,1027,train,17_0011.wav,spk_17_0010,North,17
train,1028,train,17_0012.wav,spk_17_0011,North,17
train,1029,train,17_0013.wav,spk_17_0012,North,17
train,1030,train,17_0014.wav,spk_17_0013,North,17
train,1031,train,17_0015.wav,spk_17_0014,North,17
train,1032,train,17_0016.wav,spk_17_0015,North,17
train,1033,train,17_0017.wav,spk_17_0016,North,17
train,1034,train,17_0018.wav,spk_17_0017,North,17
train,1035,train,17_0019.wav,spk_17_0018,North,17
train,1036,train,17_0020.wav,spk_17_0019,North,17
train,1037,train,17_0021.wav,spk_17_0020,North,17
train,1038,train,17_0022.wav,spk_17_0021,North,17
train,1039,train,17_0023.wav,spk_17_0022,North,17
train,1040,train,17_0024.wav,spk_17_0023,North,17
train,1041,train,17_0025.wav,spk_17_0024,North,17
train,1042,train,17_0026.wav,spk_17_0024,North,17
train,1043,train,17_0027.wav,spk_17_0025,North,17
train,1044,train,17_0028.wav,spk_17_0025,North,17
train,1045,train,17_0029.wav,spk_17_0026,North,17
train,1046,train,17_0030.wav,spk_17_0027,North,17
train,1047,train,17_0031.wav,spk_17_0028,North,17
train,1048,train,17_0032.wav,spk_17_0029,North,17
train,1049,train,17_0033.wav,spk_17_0030,North,17
train,1050,train,17_0034.wav,spk_17_0031,North,17
train,1051,train,17_0035.wav,spk_17_0032,North,17
train,1052,train,17_0036.wav,spk_17_0033,North,17
train,1053,train,17_0037.wav,spk_17_0034,North,17
train,1054,train,17_0038.wav,spk_17_0035,North,17
train,1055,train,17_0039.wav,spk_17_0036,North,17
train,1056,train,17_0040.wav,spk_17_0037,North,17
train,1057,train,17_0041.wav,spk_17_0038,North,17
train,1058,train,17_0042.wav,spk_17_0039,North,17
train,1059,train,17_0043.wav,spk_17_0040,North,17
train,1060,train,17_0044.wav,spk_17_0041,North,17
train,1061,train,17_0045.wav,spk_17_0042,North,17
train,1062,train,17_0046.wav,spk_17_0043,North,17
train,1063,train,17_0047.wav,spk_17_0044,North,17
train,1064,train,17_0048.wav,spk_17_0045,North,17
train,1065,train,17_0049.wav,spk_17_0046,North,17
train,1066,train,17_0050.wav,spk_17_0047,North,17
train,1067,train,17_0051.wav,spk_17_0048,North,17
train,1068,train,17_0052.wav,spk_17_0049,North,17
train,1069,train,17_0053.wav,spk_17_0050,North,17
train,1070,train,17_0054.wav,spk_17_0051,North,17
train,1071,train,17_0055.wav,spk_17_0052,North,17
train,1072,train,17_0056.wav,spk_17_0053,North,17
train,1073,train,17_0057.wav,spk_17_0054,North,17
train,1074,train,17_0058.wav,spk_17_0054,North,17
train,1075,train,17_0059.wav,spk_17_0055,North,17
train,1076,train,17_0060.wav,spk_17_0056,North,17
train,1077,train,17_0061.wav,spk_17_0057,North,17
train,1078,train,17_0062.wav,spk_17_0058,North,17
train,1079,train,17_0063.wav,spk_17_0059,North,17
train,1080,train,17_0064.wav,spk_17_0059,North,17
train,1081,train,17_0065.wav,spk_17_0059,North,17
train,1082,train,17_0066.wav,spk_17_0060,North,17
train,1083,train,17_0067.wav,spk_17_0061,North,17
train,1084,train,17_0068.wav,spk_17_0062,North,17
train,1085,train,17_0069.wav,spk_17_0063,North,17
train,1086,train,17_0070.wav,spk_17_0064,North,17
train,1087,train,17_0071.wav,spk_17_0065,North,17
train,1088,train,17_0072.wav,spk_17_0066,North,17
train,1089,train,17_0073.wav,spk_17_0067,North,17
train,1090,train,17_0074.wav,spk_17_0068,North,17
train,1091,train,17_0075.wav,spk_17_0069,North,17
train,1092,train,17_0076.wav,spk_17_0070,North,17
train,1093,train,17_0077.wav,spk_17_0070,North,17
train,1094,train,17_0078.wav,spk_17_0071,North,17
train,1095,train,17_0079.wav,spk_17_0072,North,17
train,1096,train,17_0080.wav,spk_17_0073,North,17
train,1097,train,17_0081.wav,spk_17_0074,North,17
train,1098,train,17_0082.wav,spk_17_0075,North,17
train,1099,train,17_0083.wav,spk_17_0076,North,17
train,1100,train,17_0084.wav,spk_17_0077,North,17
train,1101,train,17_0085.wav,spk_17_0078,North,17
train,1102,train,17_0086.wav,spk_17_0079,North,17
train,1103,train,17_0087.wav,spk_17_0080,North,17
train,1104,train,17_0088.wav,spk_17_0081,North,17
train,1105,train,17_0089.wav,spk_17_0082,North,17
train,1106,train,17_0090.wav,spk_17_0083,North,17
train,1107,train,17_0091.wav,spk_17_0084,North,17
train,1108,train,17_0092.wav,spk_17_0085,North,17
train,1109,train,17_0093.wav,spk_17_0086,North,17
train,1110,train,17_0094.wav,spk_17_0087,North,17
train,1111,train,17_0095.wav,spk_17_0088,North,17
train,1112,train,17_0096.wav,spk_17_0089,North,17
train,1113,train,17_0097.wav,spk_17_0090,North,17
train,1114,train,17_0098.wav,spk_17_0091,North,17
train,1115,train,17_0099.wav,spk_17_0092,North,17
train,1116,train,17_0100.wav,spk_17_0093,North,17
train,1117,train,17_0101.wav,spk_17_0094,North,17
train,1118,train,17_0102.wav,spk_17_0095,North,17
train,1119,train,17_0103.wav,spk_17_0096,North,17
train,1120,train,17_0104.wav,spk_17_0097,North,17
train,1121,train,17_0105.wav,spk_17_0098,North,17
train,1122,train,17_0106.wav,spk_17_0099,North,17
train,1123,train,17_0107.wav,spk_17_0100,North,17
train,1124,train,17_0108.wav,spk_17_0100,North,17
train,1125,train,17_0109.wav,spk_17_0101,North,17
train,1126,train,17_0110.wav,spk_17_0101,North,17
train,1127,train,17_0111.wav,spk_17_0102,North,17
train,1128,train,17_0112.wav,spk_17_0102,North,17
train,1129,train,17_0113.wav,spk_17_0103,North,17
train,1130,train,17_0114.wav,spk_17_0103,North,17
train,1131,train,17_0115.wav,spk_17_0104,North,17
train,1132,train,17_0116.wav,spk_17_0105,North,17
train,1133,train,17_0117.wav,spk_17_0106,North,17
train,1134,train,17_0118.wav,spk_17_0107,North,17
train,1135,train,17_0119.wav,spk_17_0108,North,17
train,1136,train,17_0120.wav,spk_17_0109,North,17
train,1137,train,17_0121.wav,spk_17_0110,North,17
train,1138,train,17_0122.wav,spk_17_0111,North,17
train,1139,train,17_0123.wav,spk_17_0112,North,17
train,1140,train,17_0124.wav,spk_17_0112,North,17
train,1141,train,17_0125.wav,spk_17_0113,North,17
train,1142,train,17_0126.wav,spk_17_0114,North,17
train,1143,train,17_0127.wav,spk_17_0115,North,17
train,1144,train,17_0128.wav,spk_17_0116,North,17
train,1145,train,17_0129.wav,spk_17_0117,North,17
train,1146,train,17_0130.wav,spk_17_0118,North,17
train,1147,train,17_0131.wav,spk_17_0119,North,17
train,1148,train,17_0132.wav,spk_17_0120,North,17
train,1149,train,17_0133.wav,spk_17_0121,North,17
train,1150,train,17_0134.wav,spk_17_0122,North,17
train,1151,train,17_0135.wav,spk_17_0123,North,17
train,1152,train,17_0136.wav,spk_17_0124,North,17
train,1153,train,17_0137.wav,spk_17_0124,North,17
train,1154,train,17_0138.wav,spk_17_0125,North,17
train,1155,train,17_0139.wav,spk_17_0126,North,17
train,1156,train,17_0140.wav,spk_17_0127,North,17
train,1157,train,17_0141.wav,spk_17_0128,North,17
train,1158,train,17_0142.wav,spk_17_0129,North,17
train,1159,train,17_0143.wav,spk_17_0130,North,17
train,1160,train,17_0144.wav,spk_17_0131,North,17
train,1161,train,17_0145.wav,spk_17_0132,North,17
train,1162,train,17_0146.wav,spk_17_0133,North,17
train,1163,train,17_0147.wav,spk_17_0134,North,17
train,1164,train,17_0148.wav,spk_17_0135,North,17
train,1165,train,17_0149.wav,spk_17_0136,North,17
train,1166,train,17_0150.wav,spk_17_0137,North,17
train,1167,train,17_0151.wav,spk_17_0138,North,17
train,1168,train,17_0152.wav,spk_17_0139,North,17
train,1169,train,17_0153.wav,spk_17_0140,North,17
train,1170,train,17_0154.wav,spk_17_0141,North,17
train,1171,train,17_0155.wav,spk_17_0142,North,17
train,1172,train,17_0156.wav,spk_17_0142,North,17
train,1173,train,17_0157.wav,spk_17_0143,North,17
train,1174,train,17_0158.wav,spk_17_0144,North,17
train,1175,train,17_0159.wav,spk_17_0145,North,17
train,1176,train,17_0160.wav,spk_17_0146,North,17
train,1177,train,17_0161.wav,spk_17_0147,North,17
train,1178,train,17_0162.wav,spk_17_0148,North,17
train,1179,train,17_0163.wav,spk_17_0149,North,17
train,1180,train,17_0164.wav,spk_17_0150,North,17
train,1181,train,17_0165.wav,spk_17_0151,North,17
train,1182,train,17_0166.wav,spk_17_0151,North,17
train,1183,train,17_0167.wav,spk_17_0152,North,17
train,1184,train,17_0168.wav,spk_17_0153,North,17
train,1185,train,17_0169.wav,spk_17_0154,North,17
train,1186,train,17_0170.wav,spk_17_0154,North,17
train,1187,train,17_0171.wav,spk_17_0155,North,17
train,1188,train,17_0172.wav,spk_17_0156,North,17
train,1189,train,17_0173.wav,spk_17_0157,North,17
train,1190,train,17_0174.wav,spk_17_0158,North,17
train,1191,train,17_0175.wav,spk_17_0159,North,17
train,1192,train,17_0176.wav,spk_17_0160,North,17
train,1193,train,17_0177.wav,spk_17_0161,North,17
train,1194,train,17_0178.wav,spk_17_0162,North,17
train,1195,train,17_0179.wav,spk_17_0162,North,17
train,1196,train,17_0180.wav,spk_17_0163,North,17
train,1197,train,17_0181.wav,spk_17_0163,North,17
train,1198,train,17_0182.wav,spk_17_0164,North,17
train,1199,train,17_0183.wav,spk_17_0165,North,17
train,1200,train,17_0184.wav,spk_17_0166,North,17
train,1201,train,17_0185.wav,spk_17_0167,North,17
train,1202,train,17_0186.wav,spk_17_0168,North,17
train,1203,train,17_0187.wav,spk_17_0169,North,17
train,1204,train,17_0188.wav,spk_17_0170,North,17
train,1205,train,17_0189.wav,spk_17_0171,North,17
train,1206,train,17_0190.wav,spk_17_0172,North,17
train,1207,train,17_0191.wav,spk_17_0173,North,17
train,1208,train,17_0192.wav,spk_17_0174,North,17
train,1209,train,17_0193.wav,spk_17_0175,North,17
train,1210,train,17_0194.wav,spk_17_0175,North,17
train,1211,train,17_0195.wav,spk_17_0176,North,17
train,1212,train,17_0196.wav,spk_17_0177,North,17
train,1213,train,17_0197.wav,spk_17_0178,North,17
train,1214,train,17_0198.wav,spk_17_0179,North,17
train,1215,train,17_0199.wav,spk_17_0180,North,17
train,1216,train,17_0200.wav,spk_17_0181,North,17
train,1217,train,17_0201.wav,spk_17_0182,North,17
train,1218,train,17_0202.wav,spk_17_0183,North,17
train,1219,train,17_0203.wav,spk_17_0184,North,17
train,1220,train,17_0204.wav,spk_17_0185,North,17
train,1221,train,17_0205.wav,spk_17_0186,North,17
train,1222,train,17_0206.wav,spk_17_0186,North,17
train,1223,train,17_0207.wav,spk_17_0187,North,17
train,1224,train,17_0208.wav,spk_17_0188,North,17
train,1225,train,17_0209.wav,spk_17_0189,North,17
train,1226,train,17_0210.wav,spk_17_0190,North,17
train,1227,train,17_0211.wav,spk_17_0191,North,17
train,1228,train,17_0212.wav,spk_17_0192,North,17
train,1229,train,17_0213.wav,spk_17_0193,North,17
train,1230,train,17_0214.wav,spk_17_0194,North,17
train,1231,train,17_0215.wav,spk_17_0195,North,17
train,1232,train,17_0216.wav,spk_17_0196,North,17
train,1233,train,17_0217.wav,spk_17_0197,North,17
train,1234,train,17_0218.wav,spk_17_0198,North,17
train,1235,train,17_0219.wav,spk_17_0199,North,17
train,1236,train,17_0220.wav,spk_17_0200,North,17
train,1237,train,17_0221.wav,spk_17_0201,North,17
train,1238,train,17_0222.wav,spk_17_0201,North,17
train,1239,train,17_0223.wav,spk_17_0202,North,17
train,1240,train,17_0224.wav,spk_17_0202,North,17
train,1241,train,17_0225.wav,spk_17_0202,North,17
train,1242,train,17_0226.wav,spk_17_0203,North,17
train,1243,train,17_0227.wav,spk_17_0204,North,17
train,1244,train,17_0228.wav,spk_17_0205,North,17
train,1245,train,17_0229.wav,spk_17_0206,North,17
train,1246,train,17_0230.wav,spk_17_0207,North,17
train,1247,train,17_0231.wav,spk_17_0208,North,17
train,1248,train,17_0232.wav,spk_17_0209,North,17
train,1249,train,17_0233.wav,spk_17_0210,North,17
train,1250,train,17_0234.wav,spk_17_0211,North,17
train,1251,train,17_0235.wav,spk_17_0212,North,17
train,1252,train,17_0236.wav,spk_17_0213,North,17
train,1253,train,17_0237.wav,spk_17_0214,North,17
train,1254,train,17_0238.wav,spk_17_0215,North,17
train,1255,train,17_0239.wav,spk_17_0216,North,17
train,1256,train,17_0240.wav,spk_17_0217,North,17
train,1257,train,17_0241.wav,spk_17_0217,North,17
train,1258,train,17_0242.wav,spk_17_0218,North,17
train,1259,train,17_0243.wav,spk_17_0219,North,17
train,1260,train,17_0244.wav,spk_17_0220,North,17
train,1261,train,17_0245.wav,spk_17_0221,North,17
train,1262,train,17_0246.wav,spk_17_0222,North,17
train,1263,train,17_0247.wav,spk_17_0223,North,17
train,1264,train,17_0248.wav,spk_17_0224,North,17
train,1265,train,17_0249.wav,spk_17_0225,North,17
train,1266,train,17_0250.wav,spk_17_0226,North,17
train,1267,train,17_0251.wav,spk_17_0227,North,17
train,1268,train,17_0252.wav,spk_17_0228,North,17
train,1269,train,17_0253.wav,spk_17_0229,North,17
train,1270,train,17_0254.wav,spk_17_0230,North,17
train,1271,train,17_0255.wav,spk_17_0231,North,17
train,1272,train,17_0256.wav,spk_17_0232,North,17
train,1273,train,17_0258.wav,spk_17_0234,North,17
train,1274,train,17_0263.wav,spk_17_0239,North,17
train,1275,train,17_0265.wav,spk_17_0241,North,17
train,1276,train,17_0266.wav,spk_17_0242,North,17
train,1277,train,17_0272.wav,spk_17_0248,North,17
train,1278,train,17_0273.wav,spk_17_0248,North,17
train,1279,train,17_0275.wav,spk_17_0250,North,17
train,1280,train,17_0287.wav,spk_17_0261,North,17
train,1281,train,17_0290.wav,spk_17_0264,North,17
train,1282,train,18_0001.wav,spk_18_0001,North,18
train,1283,train,18_0002.wav,spk_18_0001,North,18
train,1284,train,18_0003.wav,spk_18_0001,North,18
train,1285,train,18_0004.wav,spk_18_0002,North,18
train,1286,train,18_0005.wav,spk_18_0002,North,18
train,1287,train,18_0006.wav,spk_18_0003,North,18
train,1288,train,18_0007.wav,spk_18_0003,North,18
train,1289,train,18_0008.wav,spk_18_0003,North,18
train,1290,train,18_0009.wav,spk_18_0003,North,18
train,1291,train,18_0010.wav,spk_18_0004,North,18
train,1292,train,18_0011.wav,spk_18_0004,North,18
train,1293,train,18_0012.wav,spk_18_0004,North,18
train,1294,train,18_0013.wav,spk_18_0005,North,18
train,1295,train,18_0014.wav,spk_18_0005,North,18
train,1296,train,18_0015.wav,spk_18_0006,North,18
train,1297,train,18_0016.wav,spk_18_0007,North,18
train,1298,train,18_0017.wav,spk_18_0008,North,18
train,1299,train,18_0018.wav,spk_18_0008,North,18
train,1300,train,18_0019.wav,spk_18_0009,North,18
train,1301,train,18_0020.wav,spk_18_0009,North,18
train,1302,train,18_0021.wav,spk_18_0010,North,18
train,1303,train,18_0022.wav,spk_18_0011,North,18
train,1304,train,18_0023.wav,spk_18_0011,North,18
train,1305,train,18_0024.wav,spk_18_0011,North,18
train,1306,train,18_0025.wav,spk_18_0011,North,18
train,1307,train,18_0026.wav,spk_18_0012,North,18
train,1308,train,18_0027.wav,spk_18_0012,North,18
train,1309,train,18_0028.wav,spk_18_0013,North,18
train,1310,train,18_0029.wav,spk_18_0014,North,18
train,1311,train,18_0030.wav,spk_18_0015,North,18
train,1312,train,18_0031.wav,spk_18_0016,North,18
train,1313,train,18_0032.wav,spk_18_0017,North,18
train,1314,train,18_0033.wav,spk_18_0017,North,18
train,1315,train,18_0034.wav,spk_18_0017,North,18
train,1316,train,18_0035.wav,spk_18_0018,North,18
train,1317,train,18_0036.wav,spk_18_0018,North,18
train,1318,train,18_0037.wav,spk_18_0018,North,18
train,1319,train,18_0038.wav,spk_18_0019,North,18
train,1320,train,18_0039.wav,spk_18_0019,North,18
train,1321,train,18_0040.wav,spk_18_0020,North,18
train,1322,train,18_0041.wav,spk_18_0020,North,18
train,1323,train,18_0042.wav,spk_18_0020,North,18
train,1324,train,18_0043.wav,spk_18_0021,North,18
train,1325,train,18_0044.wav,spk_18_0021,North,18
train,1326,train,18_0045.wav,spk_18_0022,North,18
train,1327,train,18_0046.wav,spk_18_0022,North,18
train,1328,train,18_0047.wav,spk_18_0022,North,18
train,1329,train,18_0048.wav,spk_18_0023,North,18
train,1330,train,18_0049.wav,spk_18_0023,North,18
train,1331,train,18_0050.wav,spk_18_0023,North,18
train,1332,train,18_0051.wav,spk_18_0023,North,18
train,1333,train,18_0052.wav,spk_18_0023,North,18
train,1334,train,18_0053.wav,spk_18_0023,North,18
train,1335,train,18_0054.wav,spk_18_0023,North,18
train,1336,train,18_0055.wav,spk_18_0024,North,18
train,1337,train,18_0056.wav,spk_18_0025,North,18
train,1338,train,18_0057.wav,spk_18_0025,North,18
train,1339,train,18_0058.wav,spk_18_0026,North,18
train,1340,train,18_0059.wav,spk_18_0027,North,18
train,1341,train,18_0060.wav,spk_18_0028,North,18
train,1342,train,18_0061.wav,spk_18_0029,North,18
train,1343,train,18_0062.wav,spk_18_0029,North,18
train,1344,train,18_0063.wav,spk_18_0030,North,18
train,1345,train,18_0064.wav,spk_18_0031,North,18
train,1346,train,18_0065.wav,spk_18_0031,North,18
train,1347,train,18_0066.wav,spk_18_0032,North,18
train,1348,train,18_0067.wav,spk_18_0033,North,18
train,1349,train,18_0068.wav,spk_18_0034,North,18
train,1350,train,18_0069.wav,spk_18_0035,North,18
train,1351,train,18_0070.wav,spk_18_0035,North,18
train,1352,train,18_0071.wav,spk_18_0035,North,18
train,1353,train,18_0072.wav,spk_18_0036,North,18
train,1354,train,18_0073.wav,spk_18_0036,North,18
train,1355,train,18_0074.wav,spk_18_0037,North,18
train,1356,train,18_0075.wav,spk_18_0037,North,18
train,1357,train,18_0076.wav,spk_18_0038,North,18
train,1358,train,18_0077.wav,spk_18_0038,North,18
train,1359,train,18_0078.wav,spk_18_0039,North,18
train,1360,train,18_0079.wav,spk_18_0039,North,18
train,1361,train,18_0080.wav,spk_18_0040,North,18
train,1362,train,18_0081.wav,spk_18_0040,North,18
train,1363,train,18_0082.wav,spk_18_0041,North,18
train,1364,train,18_0083.wav,spk_18_0041,North,18
train,1365,train,18_0084.wav,spk_18_0042,North,18
train,1366,train,18_0085.wav,spk_18_0043,North,18
train,1367,train,18_0086.wav,spk_18_0043,North,18
train,1368,train,18_0087.wav,spk_18_0044,North,18
train,1369,train,18_0088.wav,spk_18_0044,North,18
train,1370,train,18_0089.wav,spk_18_0044,North,18
train,1371,train,18_0090.wav,spk_18_0045,North,18
train,1372,train,18_0091.wav,spk_18_0045,North,18
train,1373,train,18_0092.wav,spk_18_0046,North,18
train,1374,train,18_0093.wav,spk_18_0047,North,18
train,1375,train,18_0094.wav,spk_18_0047,North,18
train,1376,train,18_0095.wav,spk_18_0048,North,18
train,1377,train,18_0096.wav,spk_18_0048,North,18
train,1378,train,18_0097.wav,spk_18_0049,North,18
train,1379,train,18_0098.wav,spk_18_0049,North,18
train,1380,train,18_0099.wav,spk_18_0049,North,18
train,1381,train,18_0100.wav,spk_18_0050,North,18
train,1382,train,18_0101.wav,spk_18_0050,North,18
train,1383,train,18_0102.wav,spk_18_0051,North,18
train,1384,train,18_0103.wav,spk_18_0051,North,18
train,1385,train,18_0104.wav,spk_18_0052,North,18
train,1386,train,18_0105.wav,spk_18_0052,North,18
train,1387,train,18_0106.wav,spk_18_0053,North,18
train,1388,train,18_0107.wav,spk_18_0054,North,18
train,1389,train,18_0108.wav,spk_18_0055,North,18
train,1390,train,18_0109.wav,spk_18_0056,North,18
train,1391,train,18_0110.wav,spk_18_0056,North,18
train,1392,train,18_0111.wav,spk_18_0057,North,18
train,1393,train,18_0112.wav,spk_18_0057,North,18
train,1394,train,18_0113.wav,spk_18_0058,North,18
train,1395,train,18_0114.wav,spk_18_0058,North,18
train,1396,train,18_0115.wav,spk_18_0058,North,18
train,1397,train,18_0116.wav,spk_18_0059,North,18
train,1398,train,18_0117.wav,spk_18_0059,North,18
train,1399,train,18_0118.wav,spk_18_0060,North,18
train,1400,train,18_0119.wav,spk_18_0061,North,18
train,1401,train,18_0120.wav,spk_18_0061,North,18
train,1402,train,18_0121.wav,spk_18_0062,North,18
train,1403,train,18_0122.wav,spk_18_0062,North,18
train,1404,train,18_0123.wav,spk_18_0063,North,18
train,1405,train,18_0124.wav,spk_18_0063,North,18
train,1406,train,18_0125.wav,spk_18_0064,North,18
train,1407,train,18_0126.wav,spk_18_0065,North,18
train,1408,train,18_0127.wav,spk_18_0065,North,18
train,1409,train,18_0128.wav,spk_18_0066,North,18
train,1410,train,18_0129.wav,spk_18_0066,North,18
train,1411,train,18_0130.wav,spk_18_0066,North,18
train,1412,train,18_0131.wav,spk_18_0067,North,18
train,1413,train,18_0132.wav,spk_18_0067,North,18
train,1414,train,18_0133.wav,spk_18_0068,North,18
train,1415,train,18_0134.wav,spk_18_0068,North,18
train,1416,train,18_0135.wav,spk_18_0068,North,18
train,1417,train,18_0136.wav,spk_18_0069,North,18
train,1418,train,18_0137.wav,spk_18_0069,North,18
train,1419,train,18_0138.wav,spk_18_0070,North,18
train,1420,train,18_0139.wav,spk_18_0070,North,18
train,1421,train,18_0140.wav,spk_18_0070,North,18
train,1422,train,18_0141.wav,spk_18_0071,North,18
train,1423,train,18_0142.wav,spk_18_0071,North,18
train,1424,train,18_0143.wav,spk_18_0071,North,18
train,1425,train,18_0144.wav,spk_18_0071,North,18
train,1426,train,18_0145.wav,spk_18_0072,North,18
train,1427,train,18_0146.wav,spk_18_0073,North,18
train,1428,train,18_0147.wav,spk_18_0073,North,18
train,1429,train,18_0148.wav,spk_18_0073,North,18
train,1430,train,18_0149.wav,spk_18_0073,North,18
train,1431,train,18_0150.wav,spk_18_0073,North,18
train,1432,train,18_0151.wav,spk_18_0074,North,18
train,1433,train,18_0152.wav,spk_18_0075,North,18
train,1434,train,18_0153.wav,spk_18_0075,North,18
train,1435,train,18_0154.wav,spk_18_0076,North,18
train,1436,train,18_0155.wav,spk_18_0076,North,18
train,1437,train,18_0156.wav,spk_18_0077,North,18
train,1438,train,18_0157.wav,spk_18_0077,North,18
train,1439,train,18_0158.wav,spk_18_0077,North,18
train,1440,train,18_0159.wav,spk_18_0078,North,18
train,1441,train,18_0160.wav,spk_18_0078,North,18
train,1442,train,18_0161.wav,spk_18_0078,North,18
train,1443,train,18_0162.wav,spk_18_0079,North,18
train,1444,train,18_0163.wav,spk_18_0079,North,18
train,1445,train,18_0164.wav,spk_18_0080,North,18
train,1446,train,18_0165.wav,spk_18_0081,North,18
train,1447,train,18_0166.wav,spk_18_0081,North,18
train,1448,train,18_0167.wav,spk_18_0082,North,18
train,1449,train,18_0168.wav,spk_18_0083,North,18
train,1450,train,18_0169.wav,spk_18_0083,North,18
train,1451,train,18_0170.wav,spk_18_0083,North,18
train,1452,train,18_0171.wav,spk_18_0083,North,18
train,1453,train,18_0172.wav,spk_18_0083,North,18
train,1454,train,18_0173.wav,spk_18_0083,North,18
train,1455,train,18_0174.wav,spk_18_0084,North,18
train,1456,train,18_0175.wav,spk_18_0085,North,18
train,1457,train,18_0176.wav,spk_18_0085,North,18
train,1458,train,18_0177.wav,spk_18_0086,North,18
train,1459,train,18_0178.wav,spk_18_0087,North,18
train,1460,train,18_0179.wav,spk_18_0088,North,18
train,1461,train,18_0180.wav,spk_18_0089,North,18
train,1462,train,18_0181.wav,spk_18_0089,North,18
train,1463,train,18_0182.wav,spk_18_0090,North,18
train,1464,train,18_0183.wav,spk_18_0090,North,18
train,1465,train,18_0184.wav,spk_18_0091,North,18
train,1466,train,18_0185.wav,spk_18_0091,North,18
train,1467,train,18_0186.wav,spk_18_0092,North,18
train,1468,train,18_0187.wav,spk_18_0092,North,18
train,1469,train,18_0188.wav,spk_18_0093,North,18
train,1470,train,18_0189.wav,spk_18_0094,North,18
train,1471,train,18_0190.wav,spk_18_0095,North,18
train,1472,train,18_0191.wav,spk_18_0095,North,18
train,1473,train,18_0192.wav,spk_18_0095,North,18
train,1474,train,18_0193.wav,spk_18_0095,North,18
train,1475,train,18_0194.wav,spk_18_0095,North,18
train,1476,train,18_0195.wav,spk_18_0095,North,18
train,1477,train,18_0196.wav,spk_18_0095,North,18
train,1478,train,18_0197.wav,spk_18_0096,North,18
train,1479,train,18_0198.wav,spk_18_0097,North,18
train,1480,train,18_0199.wav,spk_18_0098,North,18
train,1481,train,18_0200.wav,spk_18_0098,North,18
train,1482,train,18_0201.wav,spk_18_0099,North,18
train,1483,train,18_0202.wav,spk_18_0099,North,18
train,1484,train,18_0203.wav,spk_18_0100,North,18
train,1485,train,18_0204.wav,spk_18_0100,North,18
train,1486,train,18_0205.wav,spk_18_0100,North,18
train,1487,train,18_0206.wav,spk_18_0101,North,18
train,1488,train,18_0207.wav,spk_18_0101,North,18
train,1489,train,18_0208.wav,spk_18_0101,North,18
train,1490,train,18_0209.wav,spk_18_0102,North,18
train,1491,train,18_0210.wav,spk_18_0102,North,18
train,1492,train,18_0211.wav,spk_18_0103,North,18
train,1493,train,18_0212.wav,spk_18_0104,North,18
train,1494,train,18_0213.wav,spk_18_0105,North,18
train,1495,train,18_0215.wav,spk_18_0107,North,18
train,1496,train,18_0216.wav,spk_18_0107,North,18
train,1497,train,18_0217.wav,spk_18_0107,North,18
train,1498,train,18_0218.wav,spk_18_0108,North,18
train,1499,train,18_0219.wav,spk_18_0109,North,18
train,1500,train,18_0220.wav,spk_18_0109,North,18
train,1501,train,18_0221.wav,spk_18_0110,North,18
train,1502,train,18_0222.wav,spk_18_0110,North,18
train,1503,train,18_0223.wav,spk_18_0111,North,18
train,1504,train,18_0224.wav,spk_18_0111,North,18
train,1505,train,18_0225.wav,spk_18_0111,North,18
train,1506,train,18_0226.wav,spk_18_0112,North,18
train,1507,train,18_0227.wav,spk_18_0112,North,18
train,1508,train,18_0228.wav,spk_18_0113,North,18
train,1509,train,18_0229.wav,spk_18_0113,North,18
train,1510,train,18_0230.wav,spk_18_0114,North,18
train,1511,train,18_0231.wav,spk_18_0114,North,18
train,1512,train,18_0232.wav,spk_18_0115,North,18
train,1513,train,18_0233.wav,spk_18_0115,North,18
train,1514,train,18_0234.wav,spk_18_0115,North,18
train,1515,train,18_0235.wav,spk_18_0116,North,18
train,1516,train,18_0236.wav,spk_18_0116,North,18
train,1517,train,18_0237.wav,spk_18_0116,North,18
train,1518,train,18_0238.wav,spk_18_0116,North,18
train,1519,train,18_0239.wav,spk_18_0117,North,18
train,1520,train,18_0240.wav,spk_18_0117,North,18
train,1521,train,18_0241.wav,spk_18_0117,North,18
train,1522,train,19_0001.wav,spk_19_0001,North,19
train,1523,train,19_0002.wav,spk_19_0002,North,19
train,1524,train,19_0003.wav,spk_19_0003,North,19
train,1525,train,19_0004.wav,spk_19_0004,North,19
train,1526,train,19_0005.wav,spk_19_0005,North,19
train,1527,train,19_0006.wav,spk_19_0006,North,19
train,1528,train,19_0007.wav,spk_19_0007,North,19
train,1529,train,19_0008.wav,spk_19_0008,North,19
train,1530,train,19_0009.wav,spk_19_0009,North,19
train,1531,train,19_0010.wav,spk_19_0010,North,19
train,1532,train,19_0011.wav,spk_19_0011,North,19
train,1533,train,19_0012.wav,spk_19_0012,North,19
train,1534,train,19_0013.wav,spk_19_0013,North,19
train,1535,train,19_0014.wav,spk_19_0014,North,19
train,1536,train,19_0015.wav,spk_19_0015,North,19
train,1537,train,19_0016.wav,spk_19_0016,North,19
train,1538,train,19_0017.wav,spk_19_0016,North,19
train,1539,train,19_0018.wav,spk_19_0017,North,19
train,1540,train,19_0019.wav,spk_19_0017,North,19
train,1541,train,19_0020.wav,spk_19_0018,North,19
train,1542,train,19_0021.wav,spk_19_0019,North,19
train,1543,train,19_0022.wav,spk_19_0020,North,19
train,1544,train,19_0023.wav,spk_19_0021,North,19
train,1545,train,19_0024.wav,spk_19_0022,North,19
train,1546,train,19_0025.wav,spk_19_0023,North,19
train,1547,train,19_0026.wav,spk_19_0024,North,19
train,1548,train,19_0027.wav,spk_19_0025,North,19
train,1549,train,19_0028.wav,spk_19_0026,North,19
train,1550,train,19_0029.wav,spk_19_0027,North,19
train,1551,train,19_0030.wav,spk_19_0028,North,19
train,1552,train,19_0031.wav,spk_19_0029,North,19
train,1553,train,19_0032.wav,spk_19_0030,North,19
train,1554,train,19_0033.wav,spk_19_0031,North,19
train,1555,train,19_0034.wav,spk_19_0032,North,19
train,1556,train,19_0035.wav,spk_19_0033,North,19
train,1557,train,19_0036.wav,spk_19_0034,North,19
train,1558,train,19_0037.wav,spk_19_0035,North,19
train,1559,train,19_0038.wav,spk_19_0036,North,19
train,1560,train,19_0039.wav,spk_19_0037,North,19
train,1561,train,19_0040.wav,spk_19_0037,North,19
train,1562,train,19_0041.wav,spk_19_0038,North,19
train,1563,train,19_0042.wav,spk_19_0039,North,19
train,1564,train,19_0043.wav,spk_19_0040,North,19
train,1565,train,19_0044.wav,spk_19_0041,North,19
train,1566,train,19_0045.wav,spk_19_0042,North,19
train,1567,train,19_0046.wav,spk_19_0043,North,19
train,1568,train,19_0047.wav,spk_19_0044,North,19
train,1569,train,19_0048.wav,spk_19_0045,North,19
train,1570,train,19_0049.wav,spk_19_0046,North,19
train,1571,train,19_0050.wav,spk_19_0047,North,19
train,1572,train,19_0051.wav,spk_19_0048,North,19
train,1573,train,19_0052.wav,spk_19_0049,North,19
train,1574,train,19_0053.wav,spk_19_0050,North,19
train,1575,train,19_0054.wav,spk_19_0051,North,19
train,1576,train,19_0055.wav,spk_19_0052,North,19
train,1577,train,19_0056.wav,spk_19_0053,North,19
train,1578,train,19_0057.wav,spk_19_0054,North,19
train,1579,train,19_0058.wav,spk_19_0055,North,19
train,1580,train,19_0059.wav,spk_19_0055,North,19
train,1581,train,19_0060.wav,spk_19_0056,North,19
train,1582,train,19_0061.wav,spk_19_0057,North,19
train,1583,train,19_0062.wav,spk_19_0058,North,19
train,1584,train,19_0063.wav,spk_19_0059,North,19
train,1585,train,19_0064.wav,spk_19_0060,North,19
train,1586,train,19_0065.wav,spk_19_0061,North,19
train,1587,train,19_0066.wav,spk_19_0062,North,19
train,1588,train,19_0067.wav,spk_19_0063,North,19
train,1589,train,19_0068.wav,spk_19_0064,North,19
train,1590,train,19_0069.wav,spk_19_0064,North,19
train,1591,train,19_0070.wav,spk_19_0064,North,19
train,1592,train,19_0071.wav,spk_19_0064,North,19
train,1593,train,19_0072.wav,spk_19_0065,North,19
train,1594,train,19_0073.wav,spk_19_0066,North,19
train,1595,train,19_0074.wav,spk_19_0067,North,19
train,1596,train,19_0075.wav,spk_19_0068,North,19
train,1597,train,19_0076.wav,spk_19_0069,North,19
train,1598,train,19_0077.wav,spk_19_0070,North,19
train,1599,train,19_0078.wav,spk_19_0071,North,19
train,1600,train,19_0079.wav,spk_19_0072,North,19
train,1601,train,19_0080.wav,spk_19_0073,North,19
train,1602,train,19_0081.wav,spk_19_0073,North,19
train,1603,train,19_0082.wav,spk_19_0074,North,19
train,1604,train,19_0083.wav,spk_19_0075,North,19
train,1605,train,19_0084.wav,spk_19_0076,North,19
train,1606,train,19_0085.wav,spk_19_0077,North,19
train,1607,train,19_0086.wav,spk_19_0077,North,19
train,1608,train,19_0087.wav,spk_19_0078,North,19
train,1609,train,19_0088.wav,spk_19_0079,North,19
train,1610,train,19_0089.wav,spk_19_0079,North,19
train,1611,train,19_0090.wav,spk_19_0079,North,19
train,1612,train,19_0091.wav,spk_19_0079,North,19
train,1613,train,19_0092.wav,spk_19_0079,North,19
train,1614,train,19_0093.wav,spk_19_0079,North,19
train,1615,train,19_0094.wav,spk_19_0079,North,19
train,1616,train,19_0095.wav,spk_19_0079,North,19
train,1617,train,19_0096.wav,spk_19_0080,North,19
train,1618,train,19_0097.wav,spk_19_0081,North,19
train,1619,train,19_0098.wav,spk_19_0082,North,19
train,1620,train,19_0099.wav,spk_19_0083,North,19
train,1621,train,19_0100.wav,spk_19_0084,North,19
train,1622,train,19_0101.wav,spk_19_0085,North,19
train,1623,train,19_0102.wav,spk_19_0086,North,19
train,1624,train,19_0103.wav,spk_19_0086,North,19
train,1625,train,19_0104.wav,spk_19_0087,North,19
train,1626,train,19_0105.wav,spk_19_0088,North,19
train,1627,train,19_0106.wav,spk_19_0089,North,19
train,1628,train,19_0107.wav,spk_19_0090,North,19
train,1629,train,19_0108.wav,spk_19_0090,North,19
train,1630,train,19_0109.wav,spk_19_0091,North,19
train,1631,train,19_0110.wav,spk_19_0092,North,19
train,1632,train,19_0111.wav,spk_19_0093,North,19
train,1633,train,19_0112.wav,spk_19_0094,North,19
train,1634,train,19_0113.wav,spk_19_0095,North,19
train,1635,train,19_0114.wav,spk_19_0096,North,19
train,1636,train,19_0115.wav,spk_19_0097,North,19
train,1637,train,19_0116.wav,spk_19_0098,North,19
train,1638,train,19_0117.wav,spk_19_0099,North,19
train,1639,train,19_0118.wav,spk_19_0100,North,19
train,1640,train,19_0119.wav,spk_19_0101,North,19
train,1641,train,19_0120.wav,spk_19_0102,North,19
train,1642,train,19_0121.wav,spk_19_0102,North,19
train,1643,train,19_0122.wav,spk_19_0103,North,19
train,1644,train,19_0123.wav,spk_19_0104,North,19
train,1645,train,19_0124.wav,spk_19_0105,North,19
train,1646,train,19_0125.wav,spk_19_0106,North,19
train,1647,train,19_0126.wav,spk_19_0107,North,19
train,1648,train,19_0127.wav,spk_19_0108,North,19
train,1649,train,19_0128.wav,spk_19_0108,North,19
train,1650,train,19_0129.wav,spk_19_0108,North,19
train,1651,train,19_0130.wav,spk_19_0109,North,19
train,1652,train,19_0131.wav,spk_19_0110,North,19
train,1653,train,19_0132.wav,spk_19_0111,North,19
train,1654,train,19_0133.wav,spk_19_0112,North,19
train,1655,train,19_0134.wav,spk_19_0113,North,19
train,1656,train,19_0135.wav,spk_19_0114,North,19
train,1657,train,19_0136.wav,spk_19_0115,North,19
train,1658,train,19_0137.wav,spk_19_0116,North,19
train,1659,train,19_0138.wav,spk_19_0117,North,19
train,1660,train,19_0139.wav,spk_19_0118,North,19
train,1661,train,19_0140.wav,spk_19_0119,North,19
train,1662,train,19_0141.wav,spk_19_0120,North,19
train,1663,train,19_0142.wav,spk_19_0121,North,19
train,1664,train,19_0143.wav,spk_19_0122,North,19
train,1665,train,19_0144.wav,spk_19_0123,North,19
train,1666,train,19_0145.wav,spk_19_0123,North,19
train,1667,train,19_0146.wav,spk_19_0124,North,19
train,1668,train,19_0147.wav,spk_19_0125,North,19
train,1669,train,19_0148.wav,spk_19_0126,North,19
train,1670,train,19_0149.wav,spk_19_0127,North,19
train,1671,train,19_0150.wav,spk_19_0128,North,19
train,1672,train,19_0151.wav,spk_19_0129,North,19
train,1673,train,19_0152.wav,spk_19_0130,North,19
train,1674,train,19_0153.wav,spk_19_0131,North,19
train,1675,train,19_0154.wav,spk_19_0132,North,19
train,1676,train,19_0155.wav,spk_19_0133,North,19
train,1677,train,19_0156.wav,spk_19_0134,North,19
train,1678,train,19_0157.wav,spk_19_0135,North,19
train,1679,train,19_0158.wav,spk_19_0136,North,19
train,1680,train,19_0159.wav,spk_19_0137,North,19
train,1681,train,19_0160.wav,spk_19_0138,North,19
train,1682,train,19_0161.wav,spk_19_0139,North,19
train,1683,train,19_0162.wav,spk_19_0140,North,19
train,1684,train,19_0163.wav,spk_19_0141,North,19
train,1685,train,19_0164.wav,spk_19_0142,North,19
train,1686,train,19_0165.wav,spk_19_0142,North,19
train,1687,train,19_0166.wav,spk_19_0142,North,19
train,1688,train,19_0167.wav,spk_19_0143,North,19
train,1689,train,19_0168.wav,spk_19_0144,North,19
train,1690,train,19_0169.wav,spk_19_0145,North,19
train,1691,train,19_0170.wav,spk_19_0146,North,19
train,1692,train,19_0171.wav,spk_19_0147,North,19
train,1693,train,19_0172.wav,spk_19_0148,North,19
train,1694,train,19_0173.wav,spk_19_0149,North,19
train,1695,train,19_0174.wav,spk_19_0150,North,19
train,1696,train,19_0175.wav,spk_19_0151,North,19
train,1697,train,19_0176.wav,spk_19_0151,North,19
train,1698,train,19_0177.wav,spk_19_0152,North,19
train,1699,train,19_0178.wav,spk_19_0153,North,19
train,1700,train,19_0179.wav,spk_19_0154,North,19
train,1701,train,19_0180.wav,spk_19_0155,North,19
train,1702,train,19_0181.wav,spk_19_0155,North,19
train,1703,train,19_0182.wav,spk_19_0156,North,19
train,1704,train,19_0183.wav,spk_19_0157,North,19
train,1705,train,19_0184.wav,spk_19_0157,North,19
train,1706,train,19_0185.wav,spk_19_0158,North,19
train,1707,train,19_0186.wav,spk_19_0158,North,19
train,1708,train,19_0187.wav,spk_19_0159,North,19
train,1709,train,19_0188.wav,spk_19_0160,North,19
train,1710,train,19_0189.wav,spk_19_0161,North,19
train,1711,train,19_0190.wav,spk_19_0162,North,19
train,1712,train,19_0191.wav,spk_19_0163,North,19
train,1713,train,19_0192.wav,spk_19_0164,North,19
train,1714,train,19_0193.wav,spk_19_0165,North,19
train,1715,train,19_0194.wav,spk_19_0166,North,19
train,1716,train,19_0195.wav,spk_19_0167,North,19
train,1717,train,19_0196.wav,spk_19_0168,North,19
train,1718,train,19_0197.wav,spk_19_0169,North,19
train,1719,train,19_0198.wav,spk_19_0170,North,19
train,1720,train,19_0199.wav,spk_19_0171,North,19
train,1721,train,19_0200.wav,spk_19_0172,North,19
train,1722,train,19_0201.wav,spk_19_0173,North,19
train,1723,train,19_0202.wav,spk_19_0174,North,19
train,1724,train,19_0203.wav,spk_19_0175,North,19
train,1725,train,19_0204.wav,spk_19_0176,North,19
train,1726,train,19_0205.wav,spk_19_0177,North,19
train,1727,train,19_0206.wav,spk_19_0178,North,19
train,1728,train,19_0207.wav,spk_19_0179,North,19
train,1729,train,19_0208.wav,spk_19_0180,North,19
train,1730,train,19_0209.wav,spk_19_0181,North,19
train,1731,train,19_0210.wav,spk_19_0182,North,19
train,1732,train,19_0211.wav,spk_19_0183,North,19
train,1733,train,19_0212.wav,spk_19_0184,North,19
train,1734,train,19_0213.wav,spk_19_0184,North,19
train,1735,train,19_0214.wav,spk_19_0185,North,19
train,1736,train,19_0215.wav,spk_19_0186,North,19
train,1737,train,19_0216.wav,spk_19_0187,North,19
train,1738,train,19_0217.wav,spk_19_0188,North,19
train,1739,train,19_0218.wav,spk_19_0189,North,19
train,1740,train,19_0219.wav,spk_19_0190,North,19
train,1741,train,19_0220.wav,spk_19_0191,North,19
train,1742,train,19_0221.wav,spk_19_0191,North,19
train,1743,train,19_0222.wav,spk_19_0192,North,19
train,1744,train,19_0223.wav,spk_19_0193,North,19
train,1745,train,19_0224.wav,spk_19_0194,North,19
train,1746,train,19_0225.wav,spk_19_0195,North,19
train,1747,train,19_0226.wav,spk_19_0196,North,19
train,1748,train,19_0227.wav,spk_19_0197,North,19
train,1749,train,19_0228.wav,spk_19_0198,North,19
train,1750,train,19_0229.wav,spk_19_0199,North,19
train,1751,train,19_0230.wav,spk_19_0200,North,19
train,1752,train,19_0231.wav,spk_19_0201,North,19
train,1753,train,19_0232.wav,spk_19_0202,North,19
train,1754,train,19_0233.wav,spk_19_0203,North,19
train,1755,train,19_0234.wav,spk_19_0204,North,19
train,1756,train,19_0235.wav,spk_19_0205,North,19
train,1757,train,19_0236.wav,spk_19_0206,North,19
train,1758,train,19_0237.wav,spk_19_0207,North,19
train,1759,train,19_0243.wav,spk_19_0210,North,19
train,1760,train,19_0245.wav,spk_19_0212,North,19
train,1761,train,19_0246.wav,spk_19_0213,North,19
train,1762,train,19_0247.wav,spk_19_0214,North,19
train,1763,train,19_0250.wav,spk_19_0217,North,19
train,1764,train,19_0251.wav,spk_19_0218,North,19
train,1765,train,19_0252.wav,spk_19_0219,North,19
train,1766,train,19_0253.wav,spk_19_0219,North,19
train,1767,train,19_0255.wav,spk_19_0221,North,19
train,1768,train,19_0262.wav,spk_19_0227,North,19
train,1769,train,19_0264.wav,spk_19_0229,North,19
train,1770,train,20_0001.wav,spk_20_0001,North,20
train,1771,train,20_0002.wav,spk_20_0001,North,20
train,1772,train,20_0003.wav,spk_20_0002,North,20
train,1773,train,20_0004.wav,spk_20_0003,North,20
train,1774,train,20_0005.wav,spk_20_0003,North,20
train,1775,train,20_0006.wav,spk_20_0004,North,20
train,1776,train,20_0007.wav,spk_20_0005,North,20
train,1777,train,20_0008.wav,spk_20_0005,North,20
train,1778,train,20_0009.wav,spk_20_0005,North,20
train,1779,train,20_0010.wav,spk_20_0005,North,20
train,1780,train,20_0011.wav,spk_20_0005,North,20
train,1781,train,20_0012.wav,spk_20_0005,North,20
train,1782,train,20_0013.wav,spk_20_0005,North,20
train,1783,train,20_0014.wav,spk_20_0006,North,20
train,1784,train,20_0015.wav,spk_20_0006,North,20
train,1785,train,20_0016.wav,spk_20_0006,North,20
train,1786,train,20_0017.wav,spk_20_0006,North,20
train,1787,train,20_0018.wav,spk_20_0006,North,20
train,1788,train,20_0019.wav,spk_20_0006,North,20
train,1789,train,20_0020.wav,spk_20_0006,North,20
train,1790,train,20_0021.wav,spk_20_0007,North,20
train,1791,train,20_0022.wav,spk_20_0008,North,20
train,1792,train,20_0023.wav,spk_20_0008,North,20
train,1793,train,20_0024.wav,spk_20_0008,North,20
train,1794,train,20_0025.wav,spk_20_0009,North,20
train,1795,train,20_0026.wav,spk_20_0010,North,20
train,1796,train,20_0027.wav,spk_20_0011,North,20
train,1797,train,20_0028.wav,spk_20_0011,North,20
train,1798,train,20_0029.wav,spk_20_0012,North,20
train,1799,train,20_0030.wav,spk_20_0013,North,20
train,1800,train,20_0031.wav,spk_20_0014,North,20
train,1801,train,20_0032.wav,spk_20_0015,North,20
train,1802,train,20_0033.wav,spk_20_0016,North,20
train,1803,train,20_0034.wav,spk_20_0017,North,20
train,1804,train,20_0035.wav,spk_20_0018,North,20
train,1805,train,20_0036.wav,spk_20_0018,North,20
train,1806,train,20_0037.wav,spk_20_0019,North,20
train,1807,train,20_0038.wav,spk_20_0020,North,20
train,1808,train,20_0039.wav,spk_20_0020,North,20
train,1809,train,20_0040.wav,spk_20_0021,North,20
train,1810,train,20_0041.wav,spk_20_0022,North,20
train,1811,train,20_0042.wav,spk_20_0023,North,20
train,1812,train,20_0043.wav,spk_20_0023,North,20
train,1813,train,20_0044.wav,spk_20_0024,North,20
train,1814,train,20_0045.wav,spk_20_0024,North,20
train,1815,train,20_0046.wav,spk_20_0025,North,20
train,1816,train,20_0047.wav,spk_20_0026,North,20
train,1817,train,20_0048.wav,spk_20_0027,North,20
train,1818,train,20_0049.wav,spk_20_0027,North,20
train,1819,train,20_0050.wav,spk_20_0028,North,20
train,1820,train,20_0051.wav,spk_20_0029,North,20
train,1821,train,20_0052.wav,spk_20_0029,North,20
train,1822,train,20_0053.wav,spk_20_0030,North,20
train,1823,train,20_0054.wav,spk_20_0030,North,20
train,1824,train,20_0055.wav,spk_20_0031,North,20
train,1825,train,20_0056.wav,spk_20_0032,North,20
train,1826,train,20_0057.wav,spk_20_0033,North,20
train,1827,train,20_0058.wav,spk_20_0033,North,20
train,1828,train,20_0059.wav,spk_20_0034,North,20
train,1829,train,20_0060.wav,spk_20_0034,North,20
train,1830,train,20_0061.wav,spk_20_0035,North,20
train,1831,train,20_0062.wav,spk_20_0036,North,20
train,1832,train,20_0063.wav,spk_20_0036,North,20
train,1833,train,20_0064.wav,spk_20_0037,North,20
train,1834,train,20_0065.wav,spk_20_0038,North,20
train,1835,train,20_0066.wav,spk_20_0039,North,20
train,1836,train,20_0067.wav,spk_20_0040,North,20
train,1837,train,20_0068.wav,spk_20_0041,North,20
train,1838,train,20_0069.wav,spk_20_0042,North,20
train,1839,train,20_0070.wav,spk_20_0043,North,20
train,1840,train,20_0071.wav,spk_20_0044,North,20
train,1841,train,20_0072.wav,spk_20_0044,North,20
train,1842,train,20_0073.wav,spk_20_0045,North,20
train,1843,train,20_0074.wav,spk_20_0045,North,20
train,1844,train,20_0075.wav,spk_20_0046,North,20
train,1845,train,20_0076.wav,spk_20_0047,North,20
train,1846,train,20_0077.wav,spk_20_0047,North,20
train,1847,train,20_0078.wav,spk_20_0047,North,20
train,1848,train,20_0079.wav,spk_20_0048,North,20
train,1849,train,20_0080.wav,spk_20_0048,North,20
train,1850,train,20_0081.wav,spk_20_0048,North,20
train,1851,train,20_0082.wav,spk_20_0049,North,20
train,1852,train,20_0083.wav,spk_20_0049,North,20
train,1853,train,20_0084.wav,spk_20_0050,North,20
train,1854,train,20_0085.wav,spk_20_0051,North,20
train,1855,train,20_0086.wav,spk_20_0051,North,20
train,1856,train,20_0087.wav,spk_20_0051,North,20
train,1857,train,20_0088.wav,spk_20_0052,North,20
train,1858,train,20_0089.wav,spk_20_0053,North,20
train,1859,train,20_0090.wav,spk_20_0053,North,20
train,1860,train,20_0091.wav,spk_20_0054,North,20
train,1861,train,20_0092.wav,spk_20_0055,North,20
train,1862,train,20_0093.wav,spk_20_0056,North,20
train,1863,train,20_0094.wav,spk_20_0056,North,20
train,1864,train,20_0095.wav,spk_20_0057,North,20
train,1865,train,20_0096.wav,spk_20_0058,North,20
train,1866,train,20_0097.wav,spk_20_0058,North,20
train,1867,train,20_0098.wav,spk_20_0059,North,20
train,1868,train,20_0099.wav,spk_20_0059,North,20
train,1869,train,20_0100.wav,spk_20_0060,North,20
train,1870,train,20_0101.wav,spk_20_0061,North,20
train,1871,train,20_0102.wav,spk_20_0062,North,20
train,1872,train,20_0103.wav,spk_20_0063,North,20
train,1873,train,20_0104.wav,spk_20_0063,North,20
train,1874,train,20_0105.wav,spk_20_0064,North,20
train,1875,train,20_0106.wav,spk_20_0065,North,20
train,1876,train,20_0107.wav,spk_20_0066,North,20
train,1877,train,20_0108.wav,spk_20_0067,North,20
train,1878,train,20_0109.wav,spk_20_0068,North,20
train,1879,train,20_0110.wav,spk_20_0069,North,20
train,1880,train,20_0111.wav,spk_20_0069,North,20
train,1881,train,20_0112.wav,spk_20_0070,North,20
train,1882,train,20_0113.wav,spk_20_0070,North,20
train,1883,train,20_0114.wav,spk_20_0071,North,20
train,1884,train,20_0115.wav,spk_20_0071,North,20
train,1885,train,20_0116.wav,spk_20_0072,North,20
train,1886,train,20_0117.wav,spk_20_0073,North,20
train,1887,train,20_0118.wav,spk_20_0074,North,20
train,1888,train,20_0119.wav,spk_20_0075,North,20
train,1889,train,20_0120.wav,spk_20_0076,North,20
train,1890,train,20_0121.wav,spk_20_0077,North,20
train,1891,train,20_0122.wav,spk_20_0078,North,20
train,1892,train,20_0123.wav,spk_20_0079,North,20
train,1893,train,20_0124.wav,spk_20_0080,North,20
train,1894,train,20_0125.wav,spk_20_0081,North,20
train,1895,train,20_0126.wav,spk_20_0082,North,20
train,1896,train,20_0127.wav,spk_20_0082,North,20
train,1897,train,20_0128.wav,spk_20_0083,North,20
train,1898,train,20_0129.wav,spk_20_0084,North,20
train,1899,train,20_0130.wav,spk_20_0085,North,20
train,1900,train,20_0131.wav,spk_20_0086,North,20
train,1901,train,20_0132.wav,spk_20_0087,North,20
train,1902,train,20_0133.wav,spk_20_0088,North,20
train,1903,train,20_0134.wav,spk_20_0089,North,20
train,1904,train,20_0135.wav,spk_20_0089,North,20
train,1905,train,20_0136.wav,spk_20_0090,North,20
train,1906,train,20_0137.wav,spk_20_0091,North,20
train,1907,train,20_0138.wav,spk_20_0092,North,20
train,1908,train,20_0139.wav,spk_20_0093,North,20
train,1909,train,20_0140.wav,spk_20_0094,North,20
train,1910,train,20_0141.wav,spk_20_0095,North,20
train,1911,train,20_0142.wav,spk_20_0096,North,20
train,1912,train,20_0143.wav,spk_20_0097,North,20
train,1913,train,20_0144.wav,spk_20_0098,North,20
train,1914,train,20_0145.wav,spk_20_0099,North,20
train,1915,train,20_0146.wav,spk_20_0100,North,20
train,1916,train,20_0147.wav,spk_20_0101,North,20
train,1917,train,20_0148.wav,spk_20_0102,North,20
train,1918,train,20_0149.wav,spk_20_0103,North,20
train,1919,train,20_0150.wav,spk_20_0104,North,20
train,1920,train,20_0151.wav,spk_20_0105,North,20
train,1921,train,20_0152.wav,spk_20_0106,North,20
train,1922,train,20_0153.wav,spk_20_0107,North,20
train,1923,train,20_0154.wav,spk_20_0108,North,20
train,1924,train,20_0155.wav,spk_20_0109,North,20
train,1925,train,20_0156.wav,spk_20_0110,North,20
train,1926,train,20_0157.wav,spk_20_0110,North,20
train,1927,train,20_0158.wav,spk_20_0111,North,20
train,1928,train,20_0159.wav,spk_20_0111,North,20
train,1929,train,20_0160.wav,spk_20_0111,North,20
train,1930,train,20_0161.wav,spk_20_0111,North,20
train,1931,train,20_0162.wav,spk_20_0112,North,20
train,1932,train,20_0163.wav,spk_20_0113,North,20
train,1933,train,20_0164.wav,spk_20_0114,North,20
train,1934,train,20_0165.wav,spk_20_0115,North,20
train,1935,train,20_0166.wav,spk_20_0116,North,20
train,1936,train,20_0167.wav,spk_20_0116,North,20
train,1937,train,20_0168.wav,spk_20_0117,North,20
train,1938,train,20_0169.wav,spk_20_0117,North,20
train,1939,train,20_0170.wav,spk_20_0118,North,20
train,1940,train,20_0171.wav,spk_20_0119,North,20
train,1941,train,20_0172.wav,spk_20_0120,North,20
train,1942,train,20_0173.wav,spk_20_0121,North,20
train,1943,train,20_0174.wav,spk_20_0122,North,20
train,1944,train,20_0175.wav,spk_20_0123,North,20
train,1945,train,20_0176.wav,spk_20_0124,North,20
train,1946,train,20_0177.wav,spk_20_0124,North,20
train,1947,train,20_0178.wav,spk_20_0124,North,20
train,1948,train,20_0179.wav,spk_20_0124,North,20
train,1949,train,20_0180.wav,spk_20_0124,North,20
train,1950,train,20_0181.wav,spk_20_0125,North,20
train,1951,train,20_0182.wav,spk_20_0126,North,20
train,1952,train,20_0183.wav,spk_20_0127,North,20
train,1953,train,20_0184.wav,spk_20_0128,North,20
train,1954,train,20_0185.wav,spk_20_0129,North,20
train,1955,train,20_0186.wav,spk_20_0130,North,20
train,1956,train,20_0187.wav,spk_20_0131,North,20
train,1957,train,20_0188.wav,spk_20_0132,North,20
train,1958,train,20_0189.wav,spk_20_0133,North,20
train,1959,train,20_0190.wav,spk_20_0133,North,20
train,1960,train,20_0191.wav,spk_20_0134,North,20
train,1961,train,20_0192.wav,spk_20_0134,North,20
train,1962,train,20_0193.wav,spk_20_0135,North,20
train,1963,train,20_0194.wav,spk_20_0135,North,20
train,1964,train,20_0195.wav,spk_20_0135,North,20
train,1965,train,20_0196.wav,spk_20_0136,North,20
train,1966,train,20_0197.wav,spk_20_0136,North,20
train,1967,train,20_0198.wav,spk_20_0137,North,20
train,1968,train,20_0199.wav,spk_20_0138,North,20
train,1969,train,20_0200.wav,spk_20_0139,North,20
train,1970,train,20_0201.wav,spk_20_0139,North,20
train,1971,train,20_0202.wav,spk_20_0140,North,20
train,1972,train,20_0203.wav,spk_20_0141,North,20
train,1973,train,20_0204.wav,spk_20_0142,North,20
train,1974,train,20_0205.wav,spk_20_0142,North,20
train,1975,train,20_0206.wav,spk_20_0142,North,20
train,1976,train,20_0207.wav,spk_20_0143,North,20
train,1977,train,20_0208.wav,spk_20_0144,North,20
train,1978,train,20_0209.wav,spk_20_0145,North,20
train,1979,train,20_0210.wav,spk_20_0146,North,20
train,1980,train,20_0211.wav,spk_20_0147,North,20
train,1981,train,20_0212.wav,spk_20_0148,North,20
train,1982,train,20_0213.wav,spk_20_0149,North,20
train,1983,train,20_0214.wav,spk_20_0150,North,20
train,1984,train,20_0215.wav,spk_20_0151,North,20
train,1985,train,20_0216.wav,spk_20_0152,North,20
train,1986,train,20_0217.wav,spk_20_0153,North,20
train,1987,train,20_0218.wav,spk_20_0153,North,20
train,1988,train,20_0219.wav,spk_20_0154,North,20
train,1989,train,20_0220.wav,spk_20_0154,North,20
train,1990,train,20_0221.wav,spk_20_0155,North,20
train,1991,train,20_0222.wav,spk_20_0155,North,20
train,1992,train,20_0223.wav,spk_20_0156,North,20
train,1993,train,20_0224.wav,spk_20_0156,North,20
train,1994,train,20_0225.wav,spk_20_0157,North,20
train,1995,train,20_0226.wav,spk_20_0158,North,20
train,1996,train,20_0227.wav,spk_20_0159,North,20
train,1997,train,20_0228.wav,spk_20_0160,North,20
train,1998,train,20_0229.wav,spk_20_0161,North,20
train,1999,train,20_0230.wav,spk_20_0162,North,20
train,2000,train,20_0231.wav,spk_20_0163,North,20
train,2001,train,20_0232.wav,spk_20_0164,North,20
train,2002,train,20_0233.wav,spk_20_0165,North,20
train,2003,train,20_0234.wav,spk_20_0166,North,20
train,2004,train,20_0235.wav,spk_20_0166,North,20
train,2005,train,20_0236.wav,spk_20_0167,North,20
train,2006,train,20_0237.wav,spk_20_0167,North,20
train,2007,train,20_0238.wav,spk_20_0168,North,20
train,2008,train,20_0239.wav,spk_20_0168,North,20
train,2009,train,20_0240.wav,spk_20_0168,North,20
train,2010,train,20_0241.wav,spk_20_0168,North,20
train,2011,train,20_0242.wav,spk_20_0169,North,20
train,2012,train,20_0243.wav,spk_20_0170,North,20
train,2013,train,20_0249.wav,spk_20_0176,North,20
train,2014,train,20_0251.wav,spk_20_0178,North,20
train,2015,train,20_0252.wav,spk_20_0179,North,20
train,2016,train,20_0263.wav,spk_20_0188,North,20
train,2017,train,20_0265.wav,spk_20_0190,North,20
train,2018,train,20_0271.wav,spk_20_0195,North,20
train,2019,train,20_0276.wav,spk_20_0199,North,20
train,2020,train,20_0277.wav,spk_20_0200,North,20
train,2021,train,21_0001.wav,spk_21_0001,North,21
train,2022,train,21_0002.wav,spk_21_0001,North,21
train,2023,train,21_0003.wav,spk_21_0001,North,21
train,2024,train,21_0004.wav,spk_21_0001,North,21
train,2025,train,21_0005.wav,spk_21_0002,North,21
train,2026,train,21_0006.wav,spk_21_0002,North,21
train,2027,train,21_0007.wav,spk_21_0003,North,21
train,2028,train,21_0008.wav,spk_21_0003,North,21
train,2029,train,21_0009.wav,spk_21_0003,North,21
train,2030,train,21_0010.wav,spk_21_0003,North,21
train,2031,train,21_0011.wav,spk_21_0004,North,21
train,2032,train,21_0012.wav,spk_21_0005,North,21
train,2033,train,21_0013.wav,spk_21_0006,North,21
train,2034,train,21_0014.wav,spk_21_0007,North,21
train,2035,train,21_0015.wav,spk_21_0007,North,21
train,2036,train,21_0016.wav,spk_21_0007,North,21
train,2037,train,21_0017.wav,spk_21_0008,North,21
train,2038,train,21_0018.wav,spk_21_0009,North,21
train,2039,train,21_0019.wav,spk_21_0009,North,21
train,2040,train,21_0020.wav,spk_21_0010,North,21
train,2041,train,21_0021.wav,spk_21_0011,North,21
train,2042,train,21_0022.wav,spk_21_0012,North,21
train,2043,train,21_0023.wav,spk_21_0013,North,21
train,2044,train,21_0024.wav,spk_21_0014,North,21
train,2045,train,21_0025.wav,spk_21_0014,North,21
train,2046,train,21_0026.wav,spk_21_0015,North,21
train,2047,train,21_0027.wav,spk_21_0016,North,21
train,2048,train,21_0028.wav,spk_21_0017,North,21
train,2049,train,21_0029.wav,spk_21_0018,North,21
train,2050,train,21_0030.wav,spk_21_0019,North,21
train,2051,train,21_0031.wav,spk_21_0020,North,21
train,2052,train,21_0032.wav,spk_21_0021,North,21
train,2053,train,21_0033.wav,spk_21_0022,North,21
train,2054,train,21_0034.wav,spk_21_0023,North,21
train,2055,train,21_0035.wav,spk_21_0024,North,21
train,2056,train,21_0036.wav,spk_21_0025,North,21
train,2057,train,21_0037.wav,spk_21_0025,North,21
train,2058,train,21_0038.wav,spk_21_0026,North,21
train,2059,train,21_0039.wav,spk_21_0027,North,21
train,2060,train,21_0040.wav,spk_21_0027,North,21
train,2061,train,21_0041.wav,spk_21_0028,North,21
train,2062,train,21_0042.wav,spk_21_0029,North,21
train,2063,train,21_0043.wav,spk_21_0030,North,21
train,2064,train,21_0044.wav,spk_21_0031,North,21
train,2065,train,21_0045.wav,spk_21_0032,North,21
train,2066,train,21_0046.wav,spk_21_0032,North,21
train,2067,train,21_0047.wav,spk_21_0033,North,21
train,2068,train,21_0048.wav,spk_21_0033,North,21
train,2069,train,21_0049.wav,spk_21_0033,North,21
train,2070,train,21_0050.wav,spk_21_0034,North,21
train,2071,train,21_0051.wav,spk_21_0035,North,21
train,2072,train,21_0052.wav,spk_21_0036,North,21
train,2073,train,21_0053.wav,spk_21_0036,North,21
train,2074,train,21_0054.wav,spk_21_0037,North,21
train,2075,train,21_0055.wav,spk_21_0038,North,21
train,2076,train,21_0056.wav,spk_21_0039,North,21
train,2077,train,21_0057.wav,spk_21_0039,North,21
train,2078,train,21_0058.wav,spk_21_0040,North,21
train,2079,train,21_0059.wav,spk_21_0040,North,21
train,2080,train,21_0060.wav,spk_21_0041,North,21
train,2081,train,21_0061.wav,spk_21_0042,North,21
train,2082,train,21_0062.wav,spk_21_0043,North,21
train,2083,train,21_0063.wav,spk_21_0043,North,21
train,2084,train,21_0064.wav,spk_21_0044,North,21
train,2085,train,21_0065.wav,spk_21_0045,North,21
train,2086,train,21_0066.wav,spk_21_0045,North,21
train,2087,train,21_0067.wav,spk_21_0046,North,21
train,2088,train,21_0068.wav,spk_21_0047,North,21
train,2089,train,21_0069.wav,spk_21_0048,North,21
train,2090,train,21_0070.wav,spk_21_0048,North,21
train,2091,train,21_0071.wav,spk_21_0049,North,21
train,2092,train,21_0072.wav,spk_21_0049,North,21
train,2093,train,21_0073.wav,spk_21_0049,North,21
train,2094,train,21_0074.wav,spk_21_0050,North,21
train,2095,train,21_0075.wav,spk_21_0050,North,21
train,2096,train,21_0076.wav,spk_21_0050,North,21
train,2097,train,21_0077.wav,spk_21_0051,North,21
train,2098,train,21_0078.wav,spk_21_0052,North,21
train,2099,train,21_0079.wav,spk_21_0052,North,21
train,2100,train,21_0080.wav,spk_21_0053,North,21
train,2101,train,21_0081.wav,spk_21_0053,North,21
train,2102,train,21_0082.wav,spk_21_0054,North,21
train,2103,train,21_0083.wav,spk_21_0055,North,21
train,2104,train,21_0084.wav,spk_21_0056,North,21
train,2105,train,21_0085.wav,spk_21_0057,North,21
train,2106,train,21_0086.wav,spk_21_0058,North,21
train,2107,train,21_0087.wav,spk_21_0058,North,21
train,2108,train,21_0088.wav,spk_21_0058,North,21
train,2109,train,21_0089.wav,spk_21_0059,North,21
train,2110,train,21_0090.wav,spk_21_0060,North,21
train,2111,train,21_0091.wav,spk_21_0060,North,21
train,2112,train,21_0092.wav,spk_21_0061,North,21
train,2113,train,21_0093.wav,spk_21_0062,North,21
train,2114,train,21_0094.wav,spk_21_0062,North,21
train,2115,train,21_0095.wav,spk_21_0063,North,21
train,2116,train,21_0096.wav,spk_21_0063,North,21
train,2117,train,21_0097.wav,spk_21_0064,North,21
train,2118,train,21_0098.wav,spk_21_0065,North,21
train,2119,train,21_0099.wav,spk_21_0066,North,21
train,2120,train,21_0100.wav,spk_21_0067,North,21
train,2121,train,21_0101.wav,spk_21_0068,North,21
train,2122,train,21_0102.wav,spk_21_0069,North,21
train,2123,train,21_0103.wav,spk_21_0070,North,21
train,2124,train,21_0104.wav,spk_21_0070,North,21
train,2125,train,21_0105.wav,spk_21_0071,North,21
train,2126,train,21_0106.wav,spk_21_0072,North,21
train,2127,train,21_0107.wav,spk_21_0073,North,21
train,2128,train,21_0108.wav,spk_21_0074,North,21
train,2129,train,21_0109.wav,spk_21_0075,North,21
train,2130,train,21_0110.wav,spk_21_0076,North,21
train,2131,train,21_0111.wav,spk_21_0076,North,21
train,2132,train,21_0112.wav,spk_21_0077,North,21
train,2133,train,21_0113.wav,spk_21_0077,North,21
train,2134,train,21_0114.wav,spk_21_0077,North,21
train,2135,train,21_0115.wav,spk_21_0078,North,21
train,2136,train,21_0116.wav,spk_21_0078,North,21
train,2137,train,21_0117.wav,spk_21_0079,North,21
train,2138,train,21_0118.wav,spk_21_0080,North,21
train,2139,train,21_0119.wav,spk_21_0081,North,21
train,2140,train,21_0120.wav,spk_21_0082,North,21
train,2141,train,21_0121.wav,spk_21_0082,North,21
train,2142,train,21_0122.wav,spk_21_0082,North,21
train,2143,train,21_0123.wav,spk_21_0082,North,21
train,2144,train,21_0124.wav,spk_21_0083,North,21
train,2145,train,21_0125.wav,spk_21_0084,North,21
train,2146,train,21_0126.wav,spk_21_0085,North,21
train,2147,train,21_0127.wav,spk_21_0086,North,21
train,2148,train,21_0128.wav,spk_21_0087,North,21
train,2149,train,21_0129.wav,spk_21_0088,North,21
train,2150,train,21_0130.wav,spk_21_0088,North,21
train,2151,train,21_0131.wav,spk_21_0089,North,21
train,2152,train,21_0132.wav,spk_21_0089,North,21
train,2153,train,21_0133.wav,spk_21_0090,North,21
train,2154,train,21_0134.wav,spk_21_0090,North,21
train,2155,train,21_0135.wav,spk_21_0090,North,21
train,2156,train,21_0136.wav,spk_21_0091,North,21
train,2157,train,21_0137.wav,spk_21_0091,North,21
train,2158,train,21_0138.wav,spk_21_0092,North,21
train,2159,train,21_0139.wav,spk_21_0092,North,21
train,2160,train,21_0140.wav,spk_21_0093,North,21
train,2161,train,21_0141.wav,spk_21_0094,North,21
train,2162,train,21_0142.wav,spk_21_0095,North,21
train,2163,train,21_0143.wav,spk_21_0096,North,21
train,2164,train,21_0144.wav,spk_21_0097,North,21
train,2165,train,21_0145.wav,spk_21_0098,North,21
train,2166,train,21_0146.wav,spk_21_0098,North,21
train,2167,train,21_0147.wav,spk_21_0099,North,21
train,2168,train,21_0148.wav,spk_21_0099,North,21
train,2169,train,21_0149.wav,spk_21_0100,North,21
train,2170,train,21_0150.wav,spk_21_0100,North,21
train,2171,train,21_0151.wav,spk_21_0101,North,21
train,2172,train,21_0152.wav,spk_21_0101,North,21
train,2173,train,21_0153.wav,spk_21_0102,North,21
train,2174,train,21_0154.wav,spk_21_0102,North,21
train,2175,train,21_0155.wav,spk_21_0103,North,21
train,2176,train,21_0156.wav,spk_21_0104,North,21
train,2177,train,21_0157.wav,spk_21_0105,North,21
train,2178,train,21_0158.wav,spk_21_0106,North,21
train,2179,train,21_0159.wav,spk_21_0107,North,21
train,2180,train,21_0160.wav,spk_21_0108,North,21
train,2181,train,21_0161.wav,spk_21_0108,North,21
train,2182,train,21_0162.wav,spk_21_0109,North,21
train,2183,train,21_0163.wav,spk_21_0110,North,21
train,2184,train,21_0164.wav,spk_21_0111,North,21
train,2185,train,21_0165.wav,spk_21_0112,North,21
train,2186,train,21_0166.wav,spk_21_0113,North,21
train,2187,train,21_0167.wav,spk_21_0114,North,21
train,2188,train,21_0168.wav,spk_21_0115,North,21
train,2189,train,21_0169.wav,spk_21_0116,North,21
train,2190,train,21_0170.wav,spk_21_0117,North,21
train,2191,train,21_0171.wav,spk_21_0117,North,21
train,2192,train,21_0172.wav,spk_21_0118,North,21
train,2193,train,21_0173.wav,spk_21_0119,North,21
train,2194,train,21_0174.wav,spk_21_0119,North,21
train,2195,train,21_0175.wav,spk_21_0120,North,21
train,2196,train,21_0176.wav,spk_21_0120,North,21
train,2197,train,21_0177.wav,spk_21_0120,North,21
train,2198,train,21_0178.wav,spk_21_0121,North,21
train,2199,train,21_0179.wav,spk_21_0121,North,21
train,2200,train,21_0180.wav,spk_21_0121,North,21
train,2201,train,21_0181.wav,spk_21_0122,North,21
train,2202,train,21_0182.wav,spk_21_0123,North,21
train,2203,train,21_0183.wav,spk_21_0123,North,21
train,2204,train,21_0184.wav,spk_21_0124,North,21
train,2205,train,21_0185.wav,spk_21_0125,North,21
train,2206,train,21_0186.wav,spk_21_0125,North,21
train,2207,train,21_0187.wav,spk_21_0126,North,21
train,2208,train,21_0188.wav,spk_21_0126,North,21
train,2209,train,21_0189.wav,spk_21_0126,North,21
train,2210,train,21_0190.wav,spk_21_0127,North,21
train,2211,train,21_0191.wav,spk_21_0128,North,21
train,2212,train,21_0192.wav,spk_21_0129,North,21
train,2213,train,21_0193.wav,spk_21_0130,North,21
train,2214,train,21_0194.wav,spk_21_0130,North,21
train,2215,train,21_0195.wav,spk_21_0130,North,21
train,2216,train,21_0196.wav,spk_21_0131,North,21
train,2217,train,21_0197.wav,spk_21_0132,North,21
train,2218,train,21_0198.wav,spk_21_0133,North,21
train,2219,train,21_0199.wav,spk_21_0134,North,21
train,2220,train,21_0200.wav,spk_21_0134,North,21
train,2221,train,21_0201.wav,spk_21_0135,North,21
train,2222,train,21_0202.wav,spk_21_0136,North,21
train,2223,train,21_0203.wav,spk_21_0136,North,21
train,2224,train,21_0204.wav,spk_21_0137,North,21
train,2225,train,21_0205.wav,spk_21_0137,North,21
train,2226,train,21_0206.wav,spk_21_0138,North,21
train,2227,train,21_0207.wav,spk_21_0139,North,21
train,2228,train,21_0208.wav,spk_21_0140,North,21
train,2229,train,21_0209.wav,spk_21_0140,North,21
train,2230,train,21_0210.wav,spk_21_0140,North,21
train,2231,train,21_0211.wav,spk_21_0141,North,21
train,2232,train,21_0212.wav,spk_21_0142,North,21
train,2233,train,21_0213.wav,spk_21_0143,North,21
train,2234,train,21_0214.wav,spk_21_0144,North,21
train,2235,train,21_0215.wav,spk_21_0145,North,21
train,2236,train,21_0216.wav,spk_21_0145,North,21
train,2237,train,21_0217.wav,spk_21_0146,North,21
train,2238,train,21_0218.wav,spk_21_0147,North,21
train,2239,train,21_0219.wav,spk_21_0147,North,21
train,2240,train,21_0220.wav,spk_21_0148,North,21
train,2241,train,21_0221.wav,spk_21_0149,North,21
train,2242,train,21_0222.wav,spk_21_0149,North,21
train,2243,train,21_0223.wav,spk_21_0150,North,21
train,2244,train,21_0224.wav,spk_21_0151,North,21
train,2245,train,21_0225.wav,spk_21_0152,North,21
train,2246,train,21_0226.wav,spk_21_0153,North,21
train,2247,train,21_0227.wav,spk_21_0153,North,21
train,2248,train,21_0228.wav,spk_21_0154,North,21
train,2249,train,21_0229.wav,spk_21_0155,North,21
train,2250,train,21_0230.wav,spk_21_0155,North,21
train,2251,train,21_0231.wav,spk_21_0156,North,21
train,2252,train,21_0241.wav,spk_21_0165,North,21
train,2253,train,22_0001.wav,spk_22_0001,North,22
train,2254,train,22_0002.wav,spk_22_0002,North,22
train,2255,train,22_0003.wav,spk_22_0002,North,22
train,2256,train,22_0004.wav,spk_22_0003,North,22
train,2257,train,22_0005.wav,spk_22_0004,North,22
train,2258,train,22_0006.wav,spk_22_0005,North,22
train,2259,train,22_0007.wav,spk_22_0006,North,22
train,2260,train,22_0008.wav,spk_22_0007,North,22
train,2261,train,22_0009.wav,spk_22_0008,North,22
train,2262,train,22_0010.wav,spk_22_0009,North,22
train,2263,train,22_0011.wav,spk_22_0010,North,22
train,2264,train,22_0012.wav,spk_22_0011,North,22
train,2265,train,22_0013.wav,spk_22_0011,North,22
train,2266,train,22_0014.wav,spk_22_0012,North,22
train,2267,train,22_0015.wav,spk_22_0012,North,22
train,2268,train,22_0016.wav,spk_22_0013,North,22
train,2269,train,22_0017.wav,spk_22_0014,North,22
train,2270,train,22_0018.wav,spk_22_0014,North,22
train,2271,train,22_0019.wav,spk_22_0015,North,22
train,2272,train,22_0020.wav,spk_22_0015,North,22
train,2273,train,22_0021.wav,spk_22_0015,North,22
train,2274,train,22_0022.wav,spk_22_0016,North,22
train,2275,train,22_0023.wav,spk_22_0016,North,22
train,2276,train,22_0024.wav,spk_22_0017,North,22
train,2277,train,22_0025.wav,spk_22_0018,North,22
train,2278,train,22_0026.wav,spk_22_0019,North,22
train,2279,train,22_0027.wav,spk_22_0020,North,22
train,2280,train,22_0028.wav,spk_22_0021,North,22
train,2281,train,22_0029.wav,spk_22_0022,North,22
train,2282,train,22_0030.wav,spk_22_0023,North,22
train,2283,train,22_0031.wav,spk_22_0023,North,22
train,2284,train,22_0032.wav,spk_22_0024,North,22
train,2285,train,22_0033.wav,spk_22_0025,North,22
train,2286,train,22_0034.wav,spk_22_0025,North,22
train,2287,train,22_0035.wav,spk_22_0026,North,22
train,2288,train,22_0036.wav,spk_22_0027,North,22
train,2289,train,22_0037.wav,spk_22_0027,North,22
train,2290,train,22_0038.wav,spk_22_0028,North,22
train,2291,train,22_0039.wav,spk_22_0028,North,22
train,2292,train,22_0040.wav,spk_22_0029,North,22
train,2293,train,22_0041.wav,spk_22_0029,North,22
train,2294,train,22_0042.wav,spk_22_0030,North,22
train,2295,train,22_0043.wav,spk_22_0030,North,22
train,2296,train,22_0044.wav,spk_22_0031,North,22
train,2297,train,22_0045.wav,spk_22_0031,North,22
train,2298,train,22_0046.wav,spk_22_0032,North,22
train,2299,train,22_0047.wav,spk_22_0033,North,22
train,2300,train,22_0048.wav,spk_22_0033,North,22
train,2301,train,22_0049.wav,spk_22_0033,North,22
train,2302,train,22_0050.wav,spk_22_0033,North,22
train,2303,train,22_0051.wav,spk_22_0034,North,22
train,2304,train,22_0052.wav,spk_22_0034,North,22
train,2305,train,22_0053.wav,spk_22_0035,North,22
train,2306,train,22_0054.wav,spk_22_0036,North,22
train,2307,train,22_0055.wav,spk_22_0036,North,22
train,2308,train,22_0056.wav,spk_22_0037,North,22
train,2309,train,22_0057.wav,spk_22_0037,North,22
train,2310,train,22_0058.wav,spk_22_0037,North,22
train,2311,train,22_0059.wav,spk_22_0038,North,22
train,2312,train,22_0060.wav,spk_22_0038,North,22
train,2313,train,22_0061.wav,spk_22_0039,North,22
train,2314,train,22_0062.wav,spk_22_0039,North,22
train,2315,train,22_0063.wav,spk_22_0040,North,22
train,2316,train,22_0064.wav,spk_22_0041,North,22
train,2317,train,22_0065.wav,spk_22_0041,North,22
train,2318,train,22_0066.wav,spk_22_0042,North,22
train,2319,train,22_0067.wav,spk_22_0042,North,22
train,2320,train,22_0068.wav,spk_22_0043,North,22
train,2321,train,22_0069.wav,spk_22_0044,North,22
train,2322,train,22_0070.wav,spk_22_0045,North,22
train,2323,train,22_0071.wav,spk_22_0046,North,22
train,2324,train,22_0072.wav,spk_22_0047,North,22
train,2325,train,22_0073.wav,spk_22_0048,North,22
train,2326,train,22_0074.wav,spk_22_0049,North,22
train,2327,train,22_0075.wav,spk_22_0049,North,22
train,2328,train,22_0076.wav,spk_22_0050,North,22
train,2329,train,22_0077.wav,spk_22_0051,North,22
train,2330,train,22_0078.wav,spk_22_0052,North,22
train,2331,train,22_0079.wav,spk_22_0053,North,22
train,2332,train,22_0080.wav,spk_22_0054,North,22
train,2333,train,22_0081.wav,spk_22_0055,North,22
train,2334,train,22_0082.wav,spk_22_0056,North,22
train,2335,train,22_0083.wav,spk_22_0057,North,22
train,2336,train,22_0084.wav,spk_22_0058,North,22
train,2337,train,22_0085.wav,spk_22_0058,North,22
train,2338,train,22_0086.wav,spk_22_0059,North,22
train,2339,train,22_0087.wav,spk_22_0060,North,22
train,2340,train,22_0088.wav,spk_22_0061,North,22
train,2341,train,22_0089.wav,spk_22_0061,North,22
train,2342,train,22_0090.wav,spk_22_0061,North,22
train,2343,train,22_0091.wav,spk_22_0062,North,22
train,2344,train,22_0092.wav,spk_22_0062,North,22
train,2345,train,22_0093.wav,spk_22_0063,North,22
train,2346,train,22_0094.wav,spk_22_0064,North,22
train,2347,train,22_0095.wav,spk_22_0065,North,22
train,2348,train,22_0096.wav,spk_22_0066,North,22
train,2349,train,22_0097.wav,spk_22_0067,North,22
train,2350,train,22_0098.wav,spk_22_0068,North,22
train,2351,train,22_0099.wav,spk_22_0069,North,22
train,2352,train,22_0100.wav,spk_22_0070,North,22
train,2353,train,22_0101.wav,spk_22_0071,North,22
train,2354,train,22_0102.wav,spk_22_0072,North,22
train,2355,train,22_0103.wav,spk_22_0073,North,22
train,2356,train,22_0104.wav,spk_22_0074,North,22
train,2357,train,22_0105.wav,spk_22_0074,North,22
train,2358,train,22_0106.wav,spk_22_0075,North,22
train,2359,train,22_0107.wav,spk_22_0076,North,22
train,2360,train,22_0108.wav,spk_22_0077,North,22
train,2361,train,22_0109.wav,spk_22_0078,North,22
train,2362,train,22_0110.wav,spk_22_0078,North,22
train,2363,train,22_0111.wav,spk_22_0079,North,22
train,2364,train,22_0112.wav,spk_22_0079,North,22
train,2365,train,22_0113.wav,spk_22_0080,North,22
train,2366,train,22_0114.wav,spk_22_0081,North,22
train,2367,train,22_0115.wav,spk_22_0082,North,22
train,2368,train,22_0116.wav,spk_22_0083,North,22
train,2369,train,22_0117.wav,spk_22_0083,North,22
train,2370,train,22_0118.wav,spk_22_0084,North,22
train,2371,train,22_0119.wav,spk_22_0084,North,22
train,2372,train,22_0120.wav,spk_22_0085,North,22
train,2373,train,22_0121.wav,spk_22_0086,North,22
train,2374,train,22_0122.wav,spk_22_0087,North,22
train,2375,train,22_0123.wav,spk_22_0087,North,22
train,2376,train,22_0124.wav,spk_22_0088,North,22
train,2377,train,22_0125.wav,spk_22_0088,North,22
train,2378,train,22_0126.wav,spk_22_0089,North,22
train,2379,train,22_0127.wav,spk_22_0090,North,22
train,2380,train,22_0128.wav,spk_22_0091,North,22
train,2381,train,22_0129.wav,spk_22_0092,North,22
train,2382,train,22_0130.wav,spk_22_0092,North,22
train,2383,train,22_0131.wav,spk_22_0093,North,22
train,2384,train,22_0132.wav,spk_22_0094,North,22
train,2385,train,22_0133.wav,spk_22_0094,North,22
train,2386,train,22_0134.wav,spk_22_0095,North,22
train,2387,train,22_0135.wav,spk_22_0096,North,22
train,2388,train,22_0136.wav,spk_22_0097,North,22
train,2389,train,22_0137.wav,spk_22_0098,North,22
train,2390,train,22_0138.wav,spk_22_0099,North,22
train,2391,train,22_0139.wav,spk_22_0099,North,22
train,2392,train,22_0140.wav,spk_22_0100,North,22
train,2393,train,22_0141.wav,spk_22_0101,North,22
train,2394,train,22_0142.wav,spk_22_0102,North,22
train,2395,train,22_0143.wav,spk_22_0102,North,22
train,2396,train,22_0144.wav,spk_22_0102,North,22
train,2397,train,22_0145.wav,spk_22_0103,North,22
train,2398,train,22_0146.wav,spk_22_0103,North,22
train,2399,train,22_0147.wav,spk_22_0103,North,22
train,2400,train,22_0148.wav,spk_22_0104,North,22
train,2401,train,22_0149.wav,spk_22_0104,North,22
train,2402,train,22_0150.wav,spk_22_0105,North,22
train,2403,train,22_0151.wav,spk_22_0106,North,22
train,2404,train,22_0152.wav,spk_22_0106,North,22
train,2405,train,22_0153.wav,spk_22_0106,North,22
train,2406,train,22_0154.wav,spk_22_0107,North,22
train,2407,train,22_0155.wav,spk_22_0107,North,22
train,2408,train,22_0156.wav,spk_22_0107,North,22
train,2409,train,22_0157.wav,spk_22_0108,North,22
train,2410,train,22_0158.wav,spk_22_0109,North,22
train,2411,train,22_0159.wav,spk_22_0110,North,22
train,2412,train,22_0160.wav,spk_22_0110,North,22
train,2413,train,22_0161.wav,spk_22_0111,North,22
train,2414,train,22_0162.wav,spk_22_0112,North,22
train,2415,train,22_0163.wav,spk_22_0113,North,22
train,2416,train,22_0164.wav,spk_22_0114,North,22
train,2417,train,22_0165.wav,spk_22_0115,North,22
train,2418,train,22_0166.wav,spk_22_0115,North,22
train,2419,train,22_0167.wav,spk_22_0116,North,22
train,2420,train,22_0168.wav,spk_22_0117,North,22
train,2421,train,22_0169.wav,spk_22_0118,North,22
train,2422,train,22_0170.wav,spk_22_0119,North,22
train,2423,train,22_0171.wav,spk_22_0119,North,22
train,2424,train,22_0172.wav,spk_22_0120,North,22
train,2425,train,22_0173.wav,spk_22_0121,North,22
train,2426,train,22_0174.wav,spk_22_0122,North,22
train,2427,train,22_0175.wav,spk_22_0123,North,22
train,2428,train,22_0176.wav,spk_22_0123,North,22
train,2429,train,22_0177.wav,spk_22_0124,North,22
train,2430,train,22_0178.wav,spk_22_0124,North,22
train,2431,train,22_0179.wav,spk_22_0125,North,22
train,2432,train,22_0180.wav,spk_22_0125,North,22
train,2433,train,22_0181.wav,spk_22_0126,North,22
train,2434,train,22_0182.wav,spk_22_0127,North,22
train,2435,train,22_0183.wav,spk_22_0127,North,22
train,2436,train,22_0184.wav,spk_22_0128,North,22
train,2437,train,22_0185.wav,spk_22_0129,North,22
train,2438,train,22_0186.wav,spk_22_0129,North,22
train,2439,train,22_0187.wav,spk_22_0130,North,22
train,2440,train,22_0188.wav,spk_22_0131,North,22
train,2441,train,22_0189.wav,spk_22_0131,North,22
train,2442,train,22_0190.wav,spk_22_0132,North,22
train,2443,train,22_0191.wav,spk_22_0132,North,22
train,2444,train,22_0192.wav,spk_22_0133,North,22
train,2445,train,22_0193.wav,spk_22_0134,North,22
train,2446,train,22_0194.wav,spk_22_0135,North,22
train,2447,train,22_0195.wav,spk_22_0136,North,22
train,2448,train,22_0196.wav,spk_22_0137,North,22
train,2449,train,22_0197.wav,spk_22_0138,North,22
train,2450,train,22_0198.wav,spk_22_0138,North,22
train,2451,train,22_0199.wav,spk_22_0139,North,22
train,2452,train,22_0200.wav,spk_22_0140,North,22
train,2453,train,22_0201.wav,spk_22_0141,North,22
train,2454,train,22_0202.wav,spk_22_0141,North,22
train,2455,train,22_0203.wav,spk_22_0142,North,22
train,2456,train,22_0204.wav,spk_22_0143,North,22
train,2457,train,22_0205.wav,spk_22_0144,North,22
train,2458,train,22_0206.wav,spk_22_0145,North,22
train,2459,train,22_0207.wav,spk_22_0145,North,22
train,2460,train,22_0208.wav,spk_22_0146,North,22
train,2461,train,22_0209.wav,spk_22_0146,North,22
train,2462,train,22_0210.wav,spk_22_0147,North,22
train,2463,train,22_0211.wav,spk_22_0148,North,22
train,2464,train,22_0212.wav,spk_22_0149,North,22
train,2465,train,22_0213.wav,spk_22_0149,North,22
train,2466,train,22_0214.wav,spk_22_0150,North,22
train,2467,train,22_0215.wav,spk_22_0151,North,22
train,2468,train,22_0216.wav,spk_22_0152,North,22
train,2469,train,22_0217.wav,spk_22_0153,North,22
train,2470,train,22_0218.wav,spk_22_0153,North,22
train,2471,train,22_0221.wav,spk_22_0155,North,22
train,2472,train,22_0222.wav,spk_22_0155,North,22
train,2473,train,22_0224.wav,spk_22_0157,North,22
train,2474,train,22_0225.wav,spk_22_0157,North,22
train,2475,train,22_0231.wav,spk_22_0161,North,22
train,2476,train,22_0236.wav,spk_22_0165,North,22
train,2477,train,23_0001.wav,spk_23_0001,North,23
train,2478,train,23_0002.wav,spk_23_0002,North,23
train,2479,train,23_0003.wav,spk_23_0003,North,23
train,2480,train,23_0004.wav,spk_23_0004,North,23
train,2481,train,23_0005.wav,spk_23_0005,North,23
train,2482,train,23_0006.wav,spk_23_0006,North,23
train,2483,train,23_0007.wav,spk_23_0007,North,23
train,2484,train,23_0008.wav,spk_23_0008,North,23
train,2485,train,23_0009.wav,spk_23_0009,North,23
train,2486,train,23_0010.wav,spk_23_0010,North,23
train,2487,train,23_0011.wav,spk_23_0011,North,23
train,2488,train,23_0012.wav,spk_23_0012,North,23
train,2489,train,23_0013.wav,spk_23_0013,North,23
train,2490,train,23_0014.wav,spk_23_0014,North,23
train,2491,train,23_0015.wav,spk_23_0015,North,23
train,2492,train,23_0016.wav,spk_23_0016,North,23
train,2493,train,23_0017.wav,spk_23_0017,North,23
train,2494,train,23_0018.wav,spk_23_0018,North,23
train,2495,train,23_0019.wav,spk_23_0019,North,23
train,2496,train,23_0020.wav,spk_23_0020,North,23
train,2497,train,23_0021.wav,spk_23_0021,North,23
train,2498,train,23_0022.wav,spk_23_0022,North,23
train,2499,train,23_0023.wav,spk_23_0023,North,23
train,2500,train,23_0024.wav,spk_23_0024,North,23
train,2501,train,23_0025.wav,spk_23_0025,North,23
train,2502,train,23_0026.wav,spk_23_0026,North,23
train,2503,train,23_0027.wav,spk_23_0026,North,23
train,2504,train,23_0028.wav,spk_23_0027,North,23
train,2505,train,23_0029.wav,spk_23_0028,North,23
train,2506,train,23_0030.wav,spk_23_0029,North,23
train,2507,train,23_0031.wav,spk_23_0030,North,23
train,2508,train,23_0032.wav,spk_23_0031,North,23
train,2509,train,23_0033.wav,spk_23_0032,North,23
train,2510,train,23_0034.wav,spk_23_0033,North,23
train,2511,train,23_0035.wav,spk_23_0034,North,23
train,2512,train,23_0036.wav,spk_23_0035,North,23
train,2513,train,23_0037.wav,spk_23_0036,North,23
train,2514,train,23_0038.wav,spk_23_0037,North,23
train,2515,train,23_0039.wav,spk_23_0038,North,23
train,2516,train,23_0040.wav,spk_23_0039,North,23
train,2517,train,23_0041.wav,spk_23_0040,North,23
train,2518,train,23_0042.wav,spk_23_0041,North,23
train,2519,train,23_0043.wav,spk_23_0042,North,23
train,2520,train,23_0044.wav,spk_23_0043,North,23
train,2521,train,23_0045.wav,spk_23_0044,North,23
train,2522,train,23_0046.wav,spk_23_0045,North,23
train,2523,train,23_0047.wav,spk_23_0046,North,23
train,2524,train,23_0048.wav,spk_23_0047,North,23
train,2525,train,23_0049.wav,spk_23_0048,North,23
train,2526,train,23_0050.wav,spk_23_0049,North,23
train,2527,train,23_0051.wav,spk_23_0050,North,23
train,2528,train,23_0052.wav,spk_23_0051,North,23
train,2529,train,23_0053.wav,spk_23_0052,North,23
train,2530,train,23_0054.wav,spk_23_0053,North,23
train,2531,train,23_0055.wav,spk_23_0054,North,23
train,2532,train,23_0056.wav,spk_23_0055,North,23
train,2533,train,23_0057.wav,spk_23_0056,North,23
train,2534,train,23_0058.wav,spk_23_0057,North,23
train,2535,train,23_0059.wav,spk_23_0058,North,23
train,2536,train,23_0060.wav,spk_23_0059,North,23
train,2537,train,23_0061.wav,spk_23_0060,North,23
train,2538,train,23_0062.wav,spk_23_0061,North,23
train,2539,train,23_0063.wav,spk_23_0062,North,23
train,2540,train,23_0064.wav,spk_23_0063,North,23
train,2541,train,23_0065.wav,spk_23_0064,North,23
train,2542,train,23_0066.wav,spk_23_0065,North,23
train,2543,train,23_0067.wav,spk_23_0066,North,23
train,2544,train,23_0068.wav,spk_23_0067,North,23
train,2545,train,23_0069.wav,spk_23_0068,North,23
train,2546,train,23_0070.wav,spk_23_0069,North,23
train,2547,train,23_0071.wav,spk_23_0070,North,23
train,2548,train,23_0072.wav,spk_23_0071,North,23
train,2549,train,23_0073.wav,spk_23_0072,North,23
train,2550,train,23_0074.wav,spk_23_0073,North,23
train,2551,train,23_0075.wav,spk_23_0074,North,23
train,2552,train,23_0076.wav,spk_23_0075,North,23
train,2553,train,23_0077.wav,spk_23_0076,North,23
train,2554,train,23_0078.wav,spk_23_0077,North,23
train,2555,train,23_0079.wav,spk_23_0078,North,23
train,2556,train,23_0080.wav,spk_23_0079,North,23
train,2557,train,23_0081.wav,spk_23_0080,North,23
train,2558,train,23_0082.wav,spk_23_0081,North,23
train,2559,train,23_0083.wav,spk_23_0082,North,23
train,2560,train,23_0084.wav,spk_23_0083,North,23
train,2561,train,23_0085.wav,spk_23_0084,North,23
train,2562,train,23_0086.wav,spk_23_0085,North,23
train,2563,train,23_0087.wav,spk_23_0086,North,23
train,2564,train,23_0088.wav,spk_23_0087,North,23
train,2565,train,23_0089.wav,spk_23_0087,North,23
train,2566,train,23_0090.wav,spk_23_0088,North,23
train,2567,train,23_0091.wav,spk_23_0089,North,23
train,2568,train,23_0092.wav,spk_23_0090,North,23
train,2569,train,23_0093.wav,spk_23_0090,North,23
train,2570,train,23_0094.wav,spk_23_0091,North,23
train,2571,train,23_0095.wav,spk_23_0092,North,23
train,2572,train,23_0096.wav,spk_23_0093,North,23
train,2573,train,23_0097.wav,spk_23_0094,North,23
train,2574,train,23_0098.wav,spk_23_0095,North,23
train,2575,train,23_0099.wav,spk_23_0096,North,23
train,2576,train,23_0100.wav,spk_23_0097,North,23
train,2577,train,23_0101.wav,spk_23_0098,North,23
train,2578,train,23_0102.wav,spk_23_0099,North,23
train,2579,train,23_0103.wav,spk_23_0100,North,23
train,2580,train,23_0104.wav,spk_23_0101,North,23
train,2581,train,23_0105.wav,spk_23_0102,North,23
train,2582,train,23_0106.wav,spk_23_0103,North,23
train,2583,train,23_0107.wav,spk_23_0104,North,23
train,2584,train,23_0108.wav,spk_23_0104,North,23
train,2585,train,23_0109.wav,spk_23_0105,North,23
train,2586,train,23_0110.wav,spk_23_0106,North,23
train,2587,train,23_0111.wav,spk_23_0107,North,23
train,2588,train,23_0112.wav,spk_23_0108,North,23
train,2589,train,23_0113.wav,spk_23_0109,North,23
train,2590,train,23_0114.wav,spk_23_0110,North,23
train,2591,train,23_0115.wav,spk_23_0111,North,23
train,2592,train,23_0116.wav,spk_23_0112,North,23
train,2593,train,23_0117.wav,spk_23_0113,North,23
train,2594,train,23_0118.wav,spk_23_0114,North,23
train,2595,train,23_0119.wav,spk_23_0115,North,23
train,2596,train,23_0120.wav,spk_23_0116,North,23
train,2597,train,23_0121.wav,spk_23_0117,North,23
train,2598,train,23_0122.wav,spk_23_0118,North,23
train,2599,train,23_0123.wav,spk_23_0119,North,23
train,2600,train,23_0124.wav,spk_23_0120,North,23
train,2601,train,23_0125.wav,spk_23_0121,North,23
train,2602,train,23_0126.wav,spk_23_0122,North,23
train,2603,train,23_0127.wav,spk_23_0123,North,23
train,2604,train,23_0128.wav,spk_23_0124,North,23
train,2605,train,23_0129.wav,spk_23_0125,North,23
train,2606,train,23_0130.wav,spk_23_0126,North,23
train,2607,train,23_0131.wav,spk_23_0127,North,23
train,2608,train,23_0132.wav,spk_23_0128,North,23
train,2609,train,23_0133.wav,spk_23_0129,North,23
train,2610,train,23_0134.wav,spk_23_0130,North,23
train,2611,train,23_0135.wav,spk_23_0131,North,23
train,2612,train,23_0136.wav,spk_23_0132,North,23
train,2613,train,23_0137.wav,spk_23_0133,North,23
train,2614,train,23_0138.wav,spk_23_0134,North,23
train,2615,train,23_0139.wav,spk_23_0135,North,23
train,2616,train,23_0140.wav,spk_23_0136,North,23
train,2617,train,23_0141.wav,spk_23_0137,North,23
train,2618,train,23_0142.wav,spk_23_0138,North,23
train,2619,train,23_0143.wav,spk_23_0139,North,23
train,2620,train,23_0144.wav,spk_23_0140,North,23
train,2621,train,23_0145.wav,spk_23_0141,North,23
train,2622,train,23_0146.wav,spk_23_0142,North,23
train,2623,train,23_0147.wav,spk_23_0143,North,23
train,2624,train,23_0148.wav,spk_23_0144,North,23
train,2625,train,23_0149.wav,spk_23_0145,North,23
train,2626,train,23_0150.wav,spk_23_0146,North,23
train,2627,train,23_0151.wav,spk_23_0147,North,23
train,2628,train,23_0152.wav,spk_23_0148,North,23
train,2629,train,23_0153.wav,spk_23_0149,North,23
train,2630,train,23_0154.wav,spk_23_0150,North,23
train,2631,train,23_0155.wav,spk_23_0151,North,23
train,2632,train,23_0156.wav,spk_23_0151,North,23
train,2633,train,23_0157.wav,spk_23_0152,North,23
train,2634,train,23_0158.wav,spk_23_0153,North,23
train,2635,train,23_0159.wav,spk_23_0154,North,23
train,2636,train,23_0160.wav,spk_23_0155,North,23
train,2637,train,23_0161.wav,spk_23_0156,North,23
train,2638,train,23_0162.wav,spk_23_0157,North,23
train,2639,train,23_0163.wav,spk_23_0158,North,23
train,2640,train,23_0164.wav,spk_23_0159,North,23
train,2641,train,23_0165.wav,spk_23_0160,North,23
train,2642,train,23_0166.wav,spk_23_0161,North,23
train,2643,train,23_0167.wav,spk_23_0162,North,23
train,2644,train,23_0168.wav,spk_23_0163,North,23
train,2645,train,23_0169.wav,spk_23_0163,North,23
train,2646,train,23_0170.wav,spk_23_0164,North,23
train,2647,train,23_0171.wav,spk_23_0165,North,23
train,2648,train,23_0172.wav,spk_23_0166,North,23
train,2649,train,23_0173.wav,spk_23_0167,North,23
train,2650,train,23_0174.wav,spk_23_0168,North,23
train,2651,train,23_0175.wav,spk_23_0169,North,23
train,2652,train,23_0176.wav,spk_23_0170,North,23
train,2653,train,23_0177.wav,spk_23_0171,North,23
train,2654,train,23_0178.wav,spk_23_0172,North,23
train,2655,train,23_0179.wav,spk_23_0172,North,23
train,2656,train,23_0180.wav,spk_23_0173,North,23
train,2657,train,23_0181.wav,spk_23_0174,North,23
train,2658,train,23_0182.wav,spk_23_0175,North,23
train,2659,train,23_0183.wav,spk_23_0176,North,23
train,2660,train,23_0184.wav,spk_23_0177,North,23
train,2661,train,23_0185.wav,spk_23_0178,North,23
train,2662,train,23_0186.wav,spk_23_0179,North,23
train,2663,train,23_0187.wav,spk_23_0179,North,23
train,2664,train,23_0188.wav,spk_23_0180,North,23
train,2665,train,23_0189.wav,spk_23_0181,North,23
train,2666,train,23_0190.wav,spk_23_0182,North,23
train,2667,train,23_0191.wav,spk_23_0183,North,23
train,2668,train,23_0192.wav,spk_23_0184,North,23
train,2669,train,23_0193.wav,spk_23_0185,North,23
train,2670,train,23_0194.wav,spk_23_0186,North,23
train,2671,train,23_0195.wav,spk_23_0187,North,23
train,2672,train,23_0196.wav,spk_23_0188,North,23
train,2673,train,23_0197.wav,spk_23_0189,North,23
train,2674,train,23_0198.wav,spk_23_0190,North,23
train,2675,train,23_0199.wav,spk_23_0191,North,23
train,2676,train,23_0200.wav,spk_23_0192,North,23
train,2677,train,23_0201.wav,spk_23_0193,North,23
train,2678,train,23_0202.wav,spk_23_0194,North,23
train,2679,train,23_0203.wav,spk_23_0195,North,23
train,2680,train,23_0204.wav,spk_23_0196,North,23
train,2681,train,23_0205.wav,spk_23_0197,North,23
train,2682,train,23_0206.wav,spk_23_0197,North,23
train,2683,train,23_0207.wav,spk_23_0198,North,23
train,2684,train,23_0208.wav,spk_23_0199,North,23
train,2685,train,23_0209.wav,spk_23_0200,North,23
train,2686,train,23_0210.wav,spk_23_0201,North,23
train,2687,train,23_0211.wav,spk_23_0202,North,23
train,2688,train,23_0212.wav,spk_23_0203,North,23
train,2689,train,23_0213.wav,spk_23_0204,North,23
train,2690,train,23_0214.wav,spk_23_0205,North,23
train,2691,train,23_0215.wav,spk_23_0206,North,23
train,2692,train,23_0216.wav,spk_23_0207,North,23
train,2693,train,23_0217.wav,spk_23_0208,North,23
train,2694,train,23_0218.wav,spk_23_0209,North,23
train,2695,train,23_0219.wav,spk_23_0210,North,23
train,2696,train,23_0220.wav,spk_23_0211,North,23
train,2697,train,23_0221.wav,spk_23_0212,North,23
train,2698,train,23_0222.wav,spk_23_0213,North,23
train,2699,train,23_0223.wav,spk_23_0214,North,23
train,2700,train,23_0224.wav,spk_23_0215,North,23
train,2701,train,23_0225.wav,spk_23_0216,North,23
train,2702,train,23_0226.wav,spk_23_0217,North,23
train,2703,train,23_0227.wav,spk_23_0218,North,23
train,2704,train,23_0228.wav,spk_23_0219,North,23
train,2705,train,23_0229.wav,spk_23_0220,North,23
train,2706,train,23_0230.wav,spk_23_0221,North,23
train,2707,train,23_0231.wav,spk_23_0222,North,23
train,2708,train,23_0232.wav,spk_23_0222,North,23
train,2709,train,23_0233.wav,spk_23_0223,North,23
train,2710,train,23_0234.wav,spk_23_0224,North,23
train,2711,train,23_0235.wav,spk_23_0225,North,23
train,2712,train,23_0236.wav,spk_23_0226,North,23
train,2713,train,23_0237.wav,spk_23_0227,North,23
train,2714,train,23_0238.wav,spk_23_0228,North,23
train,2715,train,23_0239.wav,spk_23_0229,North,23
train,2716,train,23_0240.wav,spk_23_0230,North,23
train,2717,train,23_0241.wav,spk_23_0231,North,23
train,2718,train,23_0242.wav,spk_23_0232,North,23
train,2719,train,23_0243.wav,spk_23_0233,North,23
train,2720,train,23_0244.wav,spk_23_0234,North,23
train,2721,train,23_0245.wav,spk_23_0235,North,23
train,2722,train,23_0246.wav,spk_23_0236,North,23
train,2723,train,23_0247.wav,spk_23_0237,North,23
train,2724,train,23_0248.wav,spk_23_0238,North,23
train,2725,train,23_0249.wav,spk_23_0239,North,23
train,2726,train,23_0250.wav,spk_23_0240,North,23
train,2727,train,23_0251.wav,spk_23_0241,North,23
train,2728,train,23_0252.wav,spk_23_0242,North,23
train,2729,train,23_0253.wav,spk_23_0243,North,23
train,2730,train,23_0254.wav,spk_23_0244,North,23
train,2731,train,23_0260.wav,spk_23_0250,North,23
train,2732,train,23_0266.wav,spk_23_0255,North,23
train,2733,train,23_0270.wav,spk_23_0259,North,23
train,2734,train,23_0277.wav,spk_23_0266,North,23
train,2735,train,23_0279.wav,spk_23_0268,North,23
train,2736,train,23_0281.wav,spk_23_0270,North,23
train,2737,train,24_0001.wav,spk_24_0001,North,24
train,2738,train,24_0002.wav,spk_24_0002,North,24
train,2739,train,24_0003.wav,spk_24_0003,North,24
train,2740,train,24_0004.wav,spk_24_0004,North,24
train,2741,train,24_0005.wav,spk_24_0005,North,24
train,2742,train,24_0006.wav,spk_24_0006,North,24
train,2743,train,24_0007.wav,spk_24_0007,North,24
train,2744,train,24_0008.wav,spk_24_0008,North,24
train,2745,train,24_0009.wav,spk_24_0009,North,24
train,2746,train,24_0010.wav,spk_24_0010,North,24
train,2747,train,24_0011.wav,spk_24_0011,North,24
train,2748,train,24_0012.wav,spk_24_0012,North,24
train,2749,train,24_0013.wav,spk_24_0013,North,24
train,2750,train,24_0014.wav,spk_24_0013,North,24
train,2751,train,24_0015.wav,spk_24_0014,North,24
train,2752,train,24_0016.wav,spk_24_0015,North,24
train,2753,train,24_0017.wav,spk_24_0015,North,24
train,2754,train,24_0018.wav,spk_24_0016,North,24
train,2755,train,24_0019.wav,spk_24_0017,North,24
train,2756,train,24_0020.wav,spk_24_0018,North,24
train,2757,train,24_0021.wav,spk_24_0018,North,24
train,2758,train,24_0022.wav,spk_24_0019,North,24
train,2759,train,24_0023.wav,spk_24_0020,North,24
train,2760,train,24_0024.wav,spk_24_0021,North,24
train,2761,train,24_0025.wav,spk_24_0022,North,24
train,2762,train,24_0026.wav,spk_24_0023,North,24
train,2763,train,24_0027.wav,spk_24_0024,North,24
train,2764,train,24_0028.wav,spk_24_0025,North,24
train,2765,train,24_0029.wav,spk_24_0026,North,24
train,2766,train,24_0030.wav,spk_24_0027,North,24
train,2767,train,24_0031.wav,spk_24_0028,North,24
train,2768,train,24_0032.wav,spk_24_0029,North,24
train,2769,train,24_0033.wav,spk_24_0030,North,24
train,2770,train,24_0034.wav,spk_24_0031,North,24
train,2771,train,24_0035.wav,spk_24_0032,North,24
train,2772,train,24_0036.wav,spk_24_0033,North,24
train,2773,train,24_0037.wav,spk_24_0034,North,24
train,2774,train,24_0038.wav,spk_24_0035,North,24
train,2775,train,24_0039.wav,spk_24_0036,North,24
train,2776,train,24_0040.wav,spk_24_0037,North,24
train,2777,train,24_0041.wav,spk_24_0038,North,24
train,2778,train,24_0042.wav,spk_24_0039,North,24
train,2779,train,24_0043.wav,spk_24_0040,North,24
train,2780,train,24_0044.wav,spk_24_0041,North,24
train,2781,train,24_0045.wav,spk_24_0042,North,24
train,2782,train,24_0046.wav,spk_24_0043,North,24
train,2783,train,24_0047.wav,spk_24_0044,North,24
train,2784,train,24_0048.wav,spk_24_0045,North,24
train,2785,train,24_0049.wav,spk_24_0046,North,24
train,2786,train,24_0050.wav,spk_24_0047,North,24
train,2787,train,24_0051.wav,spk_24_0048,North,24
train,2788,train,24_0052.wav,spk_24_0049,North,24
train,2789,train,24_0053.wav,spk_24_0050,North,24
train,2790,train,24_0054.wav,spk_24_0051,North,24
train,2791,train,24_0055.wav,spk_24_0051,North,24
train,2792,train,24_0056.wav,spk_24_0052,North,24
train,2793,train,24_0057.wav,spk_24_0053,North,24
train,2794,train,24_0058.wav,spk_24_0054,North,24
train,2795,train,24_0059.wav,spk_24_0055,North,24
train,2796,train,24_0060.wav,spk_24_0056,North,24
train,2797,train,24_0061.wav,spk_24_0057,North,24
train,2798,train,24_0062.wav,spk_24_0058,North,24
train,2799,train,24_0063.wav,spk_24_0059,North,24
train,2800,train,24_0064.wav,spk_24_0060,North,24
train,2801,train,24_0065.wav,spk_24_0061,North,24
train,2802,train,24_0066.wav,spk_24_0062,North,24
train,2803,train,24_0067.wav,spk_24_0063,North,24
train,2804,train,24_0068.wav,spk_24_0064,North,24
train,2805,train,24_0069.wav,spk_24_0065,North,24
train,2806,train,24_0070.wav,spk_24_0066,North,24
train,2807,train,24_0071.wav,spk_24_0067,North,24
train,2808,train,24_0072.wav,spk_24_0067,North,24
train,2809,train,24_0073.wav,spk_24_0068,North,24
train,2810,train,24_0074.wav,spk_24_0069,North,24
train,2811,train,24_0075.wav,spk_24_0070,North,24
train,2812,train,24_0076.wav,spk_24_0071,North,24
train,2813,train,24_0077.wav,spk_24_0072,North,24
train,2814,train,24_0078.wav,spk_24_0073,North,24
train,2815,train,24_0079.wav,spk_24_0074,North,24
train,2816,train,24_0080.wav,spk_24_0075,North,24
train,2817,train,24_0081.wav,spk_24_0075,North,24
train,2818,train,24_0082.wav,spk_24_0076,North,24
train,2819,train,24_0083.wav,spk_24_0077,North,24
train,2820,train,24_0084.wav,spk_24_0078,North,24
train,2821,train,24_0085.wav,spk_24_0079,North,24
train,2822,train,24_0086.wav,spk_24_0080,North,24
train,2823,train,24_0087.wav,spk_24_0081,North,24
train,2824,train,24_0088.wav,spk_24_0082,North,24
train,2825,train,24_0089.wav,spk_24_0082,North,24
train,2826,train,24_0090.wav,spk_24_0083,North,24
train,2827,train,24_0091.wav,spk_24_0084,North,24
train,2828,train,24_0092.wav,spk_24_0085,North,24
train,2829,train,24_0093.wav,spk_24_0086,North,24
train,2830,train,24_0094.wav,spk_24_0087,North,24
train,2831,train,24_0095.wav,spk_24_0088,North,24
train,2832,train,24_0096.wav,spk_24_0089,North,24
train,2833,train,24_0097.wav,spk_24_0090,North,24
train,2834,train,24_0098.wav,spk_24_0091,North,24
train,2835,train,24_0099.wav,spk_24_0092,North,24
train,2836,train,24_0100.wav,spk_24_0093,North,24
train,2837,train,24_0101.wav,spk_24_0094,North,24
train,2838,train,24_0102.wav,spk_24_0094,North,24
train,2839,train,24_0103.wav,spk_24_0095,North,24
train,2840,train,24_0104.wav,spk_24_0096,North,24
train,2841,train,24_0105.wav,spk_24_0097,North,24
train,2842,train,24_0106.wav,spk_24_0098,North,24
train,2843,train,24_0107.wav,spk_24_0099,North,24
train,2844,train,24_0108.wav,spk_24_0100,North,24
train,2845,train,24_0109.wav,spk_24_0100,North,24
train,2846,train,24_0110.wav,spk_24_0101,North,24
train,2847,train,24_0111.wav,spk_24_0102,North,24
train,2848,train,24_0112.wav,spk_24_0103,North,24
train,2849,train,24_0113.wav,spk_24_0104,North,24
train,2850,train,24_0114.wav,spk_24_0105,North,24
train,2851,train,24_0115.wav,spk_24_0106,North,24
train,2852,train,24_0116.wav,spk_24_0107,North,24
train,2853,train,24_0117.wav,spk_24_0108,North,24
train,2854,train,24_0118.wav,spk_24_0109,North,24
train,2855,train,24_0119.wav,spk_24_0110,North,24
train,2856,train,24_0120.wav,spk_24_0111,North,24
train,2857,train,24_0121.wav,spk_24_0111,North,24
train,2858,train,24_0122.wav,spk_24_0112,North,24
train,2859,train,24_0123.wav,spk_24_0113,North,24
train,2860,train,24_0124.wav,spk_24_0113,North,24
train,2861,train,24_0125.wav,spk_24_0114,North,24
train,2862,train,24_0126.wav,spk_24_0115,North,24
train,2863,train,24_0127.wav,spk_24_0116,North,24
train,2864,train,24_0128.wav,spk_24_0117,North,24
train,2865,train,24_0129.wav,spk_24_0118,North,24
train,2866,train,24_0130.wav,spk_24_0119,North,24
train,2867,train,24_0131.wav,spk_24_0120,North,24
train,2868,train,24_0132.wav,spk_24_0121,North,24
train,2869,train,24_0133.wav,spk_24_0122,North,24
train,2870,train,24_0134.wav,spk_24_0123,North,24
train,2871,train,24_0135.wav,spk_24_0124,North,24
train,2872,train,24_0136.wav,spk_24_0125,North,24
train,2873,train,24_0137.wav,spk_24_0126,North,24
train,2874,train,24_0138.wav,spk_24_0127,North,24
train,2875,train,24_0139.wav,spk_24_0128,North,24
train,2876,train,24_0140.wav,spk_24_0129,North,24
train,2877,train,24_0141.wav,spk_24_0130,North,24
train,2878,train,24_0142.wav,spk_24_0131,North,24
train,2879,train,24_0143.wav,spk_24_0132,North,24
train,2880,train,24_0144.wav,spk_24_0133,North,24
train,2881,train,24_0145.wav,spk_24_0134,North,24
train,2882,train,24_0146.wav,spk_24_0135,North,24
train,2883,train,24_0147.wav,spk_24_0136,North,24
train,2884,train,24_0148.wav,spk_24_0137,North,24
train,2885,train,24_0149.wav,spk_24_0138,North,24
train,2886,train,24_0150.wav,spk_24_0139,North,24
train,2887,train,24_0151.wav,spk_24_0140,North,24
train,2888,train,24_0152.wav,spk_24_0141,North,24
train,2889,train,24_0153.wav,spk_24_0142,North,24
train,2890,train,24_0154.wav,spk_24_0143,North,24
train,2891,train,24_0155.wav,spk_24_0144,North,24
train,2892,train,24_0156.wav,spk_24_0145,North,24
train,2893,train,24_0157.wav,spk_24_0146,North,24
train,2894,train,24_0158.wav,spk_24_0147,North,24
train,2895,train,24_0159.wav,spk_24_0148,North,24
train,2896,train,24_0160.wav,spk_24_0149,North,24
train,2897,train,24_0161.wav,spk_24_0150,North,24
train,2898,train,24_0162.wav,spk_24_0151,North,24
train,2899,train,24_0163.wav,spk_24_0152,North,24
train,2900,train,24_0164.wav,spk_24_0153,North,24
train,2901,train,24_0165.wav,spk_24_0154,North,24
train,2902,train,24_0166.wav,spk_24_0155,North,24
train,2903,train,24_0167.wav,spk_24_0156,North,24
train,2904,train,24_0168.wav,spk_24_0157,North,24
train,2905,train,24_0169.wav,spk_24_0158,North,24
train,2906,train,24_0170.wav,spk_24_0159,North,24
train,2907,train,24_0171.wav,spk_24_0159,North,24
train,2908,train,24_0172.wav,spk_24_0160,North,24
train,2909,train,24_0173.wav,spk_24_0161,North,24
train,2910,train,24_0174.wav,spk_24_0162,North,24
train,2911,train,24_0175.wav,spk_24_0163,North,24
train,2912,train,24_0176.wav,spk_24_0164,North,24
train,2913,train,24_0177.wav,spk_24_0164,North,24
train,2914,train,24_0178.wav,spk_24_0165,North,24
train,2915,train,24_0179.wav,spk_24_0166,North,24
train,2916,train,24_0180.wav,spk_24_0167,North,24
train,2917,train,24_0181.wav,spk_24_0168,North,24
train,2918,train,24_0182.wav,spk_24_0169,North,24
train,2919,train,24_0183.wav,spk_24_0170,North,24
train,2920,train,24_0184.wav,spk_24_0171,North,24
train,2921,train,24_0185.wav,spk_24_0172,North,24
train,2922,train,24_0186.wav,spk_24_0173,North,24
train,2923,train,24_0187.wav,spk_24_0173,North,24
train,2924,train,24_0188.wav,spk_24_0174,North,24
train,2925,train,24_0189.wav,spk_24_0175,North,24
train,2926,train,24_0190.wav,spk_24_0176,North,24
train,2927,train,24_0191.wav,spk_24_0177,North,24
train,2928,train,24_0192.wav,spk_24_0178,North,24
train,2929,train,24_0193.wav,spk_24_0179,North,24
train,2930,train,24_0194.wav,spk_24_0180,North,24
train,2931,train,24_0195.wav,spk_24_0181,North,24
train,2932,train,24_0196.wav,spk_24_0182,North,24
train,2933,train,24_0197.wav,spk_24_0183,North,24
train,2934,train,24_0198.wav,spk_24_0184,North,24
train,2935,train,24_0199.wav,spk_24_0185,North,24
train,2936,train,24_0200.wav,spk_24_0186,North,24
train,2937,train,24_0201.wav,spk_24_0187,North,24
train,2938,train,24_0202.wav,spk_24_0188,North,24
train,2939,train,24_0203.wav,spk_24_0189,North,24
train,2940,train,24_0204.wav,spk_24_0190,North,24
train,2941,train,24_0205.wav,spk_24_0191,North,24
train,2942,train,24_0206.wav,spk_24_0192,North,24
train,2943,train,24_0207.wav,spk_24_0193,North,24
train,2944,train,24_0208.wav,spk_24_0194,North,24
train,2945,train,24_0209.wav,spk_24_0195,North,24
train,2946,train,24_0210.wav,spk_24_0196,North,24
train,2947,train,24_0211.wav,spk_24_0197,North,24
train,2948,train,24_0212.wav,spk_24_0197,North,24
train,2949,train,24_0213.wav,spk_24_0198,North,24
train,2950,train,24_0214.wav,spk_24_0199,North,24
train,2951,train,24_0215.wav,spk_24_0200,North,24
train,2952,train,24_0216.wav,spk_24_0201,North,24
train,2953,train,24_0217.wav,spk_24_0202,North,24
train,2954,train,24_0218.wav,spk_24_0203,North,24
train,2955,train,24_0219.wav,spk_24_0204,North,24
train,2956,train,24_0220.wav,spk_24_0205,North,24
train,2957,train,24_0221.wav,spk_24_0206,North,24
train,2958,train,24_0222.wav,spk_24_0207,North,24
train,2959,train,24_0223.wav,spk_24_0208,North,24
train,2960,train,24_0224.wav,spk_24_0209,North,24
train,2961,train,24_0225.wav,spk_24_0210,North,24
train,2962,train,24_0226.wav,spk_24_0211,North,24
train,2963,train,24_0227.wav,spk_24_0212,North,24
train,2964,train,24_0228.wav,spk_24_0213,North,24
train,2965,train,24_0229.wav,spk_24_0214,North,24
train,2966,train,24_0233.wav,spk_24_0217,North,24
train,2967,train,24_0235.wav,spk_24_0219,North,24
train,2968,train,24_0236.wav,spk_24_0220,North,24
train,2969,train,24_0237.wav,spk_24_0221,North,24
train,2970,train,24_0238.wav,spk_24_0222,North,24
train,2971,train,24_0239.wav,spk_24_0223,North,24
train,2972,train,24_0244.wav,spk_24_0228,North,24
train,2973,train,24_0245.wav,spk_24_0229,North,24
train,2974,train,24_0246.wav,spk_24_0230,North,24
train,2975,train,24_0247.wav,spk_24_0231,North,24
train,2976,train,24_0248.wav,spk_24_0232,North,24
train,2977,train,24_0249.wav,spk_24_0233,North,24
train,2978,train,25_0001.wav,spk_25_0001,North,25
train,2979,train,25_0002.wav,spk_25_0002,North,25
train,2980,train,25_0003.wav,spk_25_0002,North,25
train,2981,train,25_0004.wav,spk_25_0003,North,25
train,2982,train,25_0005.wav,spk_25_0004,North,25
train,2983,train,25_0006.wav,spk_25_0004,North,25
train,2984,train,25_0007.wav,spk_25_0005,North,25
train,2985,train,25_0008.wav,spk_25_0005,North,25
train,2986,train,25_0009.wav,spk_25_0005,North,25
train,2987,train,25_0010.wav,spk_25_0006,North,25
train,2988,train,25_0011.wav,spk_25_0007,North,25
train,2989,train,25_0012.wav,spk_25_0007,North,25
train,2990,train,25_0013.wav,spk_25_0008,North,25
train,2991,train,25_0014.wav,spk_25_0008,North,25
train,2992,train,25_0015.wav,spk_25_0008,North,25
train,2993,train,25_0016.wav,spk_25_0009,North,25
train,2994,train,25_0017.wav,spk_25_0009,North,25
train,2995,train,25_0018.wav,spk_25_0010,North,25
train,2996,train,25_0019.wav,spk_25_0010,North,25
train,2997,train,25_0020.wav,spk_25_0010,North,25
train,2998,train,25_0021.wav,spk_25_0011,North,25
train,2999,train,25_0022.wav,spk_25_0012,North,25
train,3000,train,25_0023.wav,spk_25_0012,North,25
train,3001,train,25_0024.wav,spk_25_0013,North,25
train,3002,train,25_0025.wav,spk_25_0013,North,25
train,3003,train,25_0026.wav,spk_25_0014,North,25
train,3004,train,25_0027.wav,spk_25_0014,North,25
train,3005,train,25_0028.wav,spk_25_0015,North,25
train,3006,train,25_0029.wav,spk_25_0016,North,25
train,3007,train,25_0030.wav,spk_25_0016,North,25
train,3008,train,25_0031.wav,spk_25_0016,North,25
train,3009,train,25_0032.wav,spk_25_0017,North,25
train,3010,train,25_0033.wav,spk_25_0017,North,25
train,3011,train,25_0034.wav,spk_25_0018,North,25
train,3012,train,25_0035.wav,spk_25_0018,North,25
train,3013,train,25_0036.wav,spk_25_0019,North,25
train,3014,train,25_0037.wav,spk_25_0020,North,25
train,3015,train,25_0038.wav,spk_25_0020,North,25
train,3016,train,25_0039.wav,spk_25_0020,North,25
train,3017,train,25_0040.wav,spk_25_0021,North,25
train,3018,train,25_0041.wav,spk_25_0022,North,25
train,3019,train,25_0042.wav,spk_25_0023,North,25
train,3020,train,25_0043.wav,spk_25_0023,North,25
train,3021,train,25_0044.wav,spk_25_0024,North,25
train,3022,train,25_0045.wav,spk_25_0025,North,25
train,3023,train,25_0046.wav,spk_25_0026,North,25
train,3024,train,25_0047.wav,spk_25_0027,North,25
train,3025,train,25_0048.wav,spk_25_0027,North,25
train,3026,train,25_0049.wav,spk_25_0027,North,25
train,3027,train,25_0050.wav,spk_25_0028,North,25
train,3028,train,25_0051.wav,spk_25_0028,North,25
train,3029,train,25_0052.wav,spk_25_0029,North,25
train,3030,train,25_0053.wav,spk_25_0029,North,25
train,3031,train,25_0054.wav,spk_25_0030,North,25
train,3032,train,25_0055.wav,spk_25_0030,North,25
train,3033,train,25_0056.wav,spk_25_0031,North,25
train,3034,train,25_0057.wav,spk_25_0032,North,25
train,3035,train,25_0058.wav,spk_25_0033,North,25
train,3036,train,25_0059.wav,spk_25_0033,North,25
train,3037,train,25_0060.wav,spk_25_0033,North,25
train,3038,train,25_0061.wav,spk_25_0034,North,25
train,3039,train,25_0062.wav,spk_25_0034,North,25
train,3040,train,25_0063.wav,spk_25_0035,North,25
train,3041,train,25_0064.wav,spk_25_0036,North,25
train,3042,train,25_0065.wav,spk_25_0036,North,25
train,3043,train,25_0066.wav,spk_25_0036,North,25
train,3044,train,25_0067.wav,spk_25_0037,North,25
train,3045,train,25_0068.wav,spk_25_0038,North,25
train,3046,train,25_0069.wav,spk_25_0038,North,25
train,3047,train,25_0070.wav,spk_25_0039,North,25
train,3048,train,25_0071.wav,spk_25_0039,North,25
train,3049,train,25_0072.wav,spk_25_0039,North,25
train,3050,train,25_0073.wav,spk_25_0040,North,25
train,3051,train,25_0074.wav,spk_25_0040,North,25
train,3052,train,25_0075.wav,spk_25_0041,North,25
train,3053,train,25_0076.wav,spk_25_0042,North,25
train,3054,train,25_0077.wav,spk_25_0043,North,25
train,3055,train,25_0078.wav,spk_25_0044,North,25
train,3056,train,25_0079.wav,spk_25_0044,North,25
train,3057,train,25_0080.wav,spk_25_0045,North,25
train,3058,train,25_0081.wav,spk_25_0045,North,25
train,3059,train,25_0082.wav,spk_25_0046,North,25
train,3060,train,25_0083.wav,spk_25_0046,North,25
train,3061,train,25_0084.wav,spk_25_0047,North,25
train,3062,train,25_0085.wav,spk_25_0047,North,25
train,3063,train,25_0086.wav,spk_25_0048,North,25
train,3064,train,25_0087.wav,spk_25_0049,North,25
train,3065,train,25_0088.wav,spk_25_0049,North,25
train,3066,train,25_0089.wav,spk_25_0049,North,25
train,3067,train,25_0090.wav,spk_25_0050,North,25
train,3068,train,25_0091.wav,spk_25_0051,North,25
train,3069,train,25_0092.wav,spk_25_0052,North,25
train,3070,train,25_0093.wav,spk_25_0052,North,25
train,3071,train,25_0094.wav,spk_25_0053,North,25
train,3072,train,25_0095.wav,spk_25_0053,North,25
train,3073,train,25_0096.wav,spk_25_0054,North,25
train,3074,train,25_0097.wav,spk_25_0054,North,25
train,3075,train,25_0098.wav,spk_25_0055,North,25
train,3076,train,25_0099.wav,spk_25_0055,North,25
train,3077,train,25_0100.wav,spk_25_0055,North,25
train,3078,train,25_0101.wav,spk_25_0056,North,25
train,3079,train,25_0102.wav,spk_25_0057,North,25
train,3080,train,25_0103.wav,spk_25_0058,North,25
train,3081,train,25_0104.wav,spk_25_0058,North,25
train,3082,train,25_0105.wav,spk_25_0059,North,25
train,3083,train,25_0106.wav,spk_25_0060,North,25
train,3084,train,25_0107.wav,spk_25_0060,North,25
train,3085,train,25_0108.wav,spk_25_0060,North,25
train,3086,train,25_0109.wav,spk_25_0061,North,25
train,3087,train,25_0110.wav,spk_25_0061,North,25
train,3088,train,25_0111.wav,spk_25_0061,North,25
train,3089,train,25_0112.wav,spk_25_0062,North,25
train,3090,train,25_0113.wav,spk_25_0062,North,25
train,3091,train,25_0114.wav,spk_25_0063,North,25
train,3092,train,25_0115.wav,spk_25_0063,North,25
train,3093,train,25_0116.wav,spk_25_0064,North,25
train,3094,train,25_0117.wav,spk_25_0064,North,25
train,3095,train,25_0118.wav,spk_25_0064,North,25
train,3096,train,25_0119.wav,spk_25_0065,North,25
train,3097,train,25_0120.wav,spk_25_0065,North,25
train,3098,train,25_0121.wav,spk_25_0066,North,25
train,3099,train,25_0122.wav,spk_25_0067,North,25
train,3100,train,25_0123.wav,spk_25_0067,North,25
train,3101,train,25_0124.wav,spk_25_0068,North,25
train,3102,train,25_0125.wav,spk_25_0068,North,25
train,3103,train,25_0126.wav,spk_25_0069,North,25
train,3104,train,25_0127.wav,spk_25_0069,North,25
train,3105,train,25_0128.wav,spk_25_0070,North,25
train,3106,train,25_0129.wav,spk_25_0070,North,25
train,3107,train,25_0130.wav,spk_25_0071,North,25
train,3108,train,25_0131.wav,spk_25_0072,North,25
train,3109,train,25_0132.wav,spk_25_0073,North,25
train,3110,train,25_0133.wav,spk_25_0074,North,25
train,3111,train,25_0134.wav,spk_25_0075,North,25
train,3112,train,25_0135.wav,spk_25_0075,North,25
train,3113,train,25_0136.wav,spk_25_0076,North,25
train,3114,train,25_0137.wav,spk_25_0076,North,25
train,3115,train,25_0138.wav,spk_25_0077,North,25
train,3116,train,25_0139.wav,spk_25_0078,North,25
train,3117,train,25_0140.wav,spk_25_0079,North,25
train,3118,train,25_0141.wav,spk_25_0080,North,25
train,3119,train,25_0142.wav,spk_25_0081,North,25
train,3120,train,25_0143.wav,spk_25_0081,North,25
train,3121,train,25_0144.wav,spk_25_0082,North,25
train,3122,train,25_0145.wav,spk_25_0082,North,25
train,3123,train,25_0146.wav,spk_25_0083,North,25
train,3124,train,25_0147.wav,spk_25_0084,North,25
train,3125,train,25_0148.wav,spk_25_0085,North,25
train,3126,train,25_0149.wav,spk_25_0085,North,25
train,3127,train,25_0150.wav,spk_25_0086,North,25
train,3128,train,25_0151.wav,spk_25_0087,North,25
train,3129,train,25_0152.wav,spk_25_0087,North,25
train,3130,train,25_0153.wav,spk_25_0088,North,25
train,3131,train,25_0154.wav,spk_25_0089,North,25
train,3132,train,25_0155.wav,spk_25_0089,North,25
train,3133,train,25_0156.wav,spk_25_0090,North,25
train,3134,train,25_0157.wav,spk_25_0091,North,25
train,3135,train,25_0158.wav,spk_25_0091,North,25
train,3136,train,25_0159.wav,spk_25_0091,North,25
train,3137,train,25_0160.wav,spk_25_0092,North,25
train,3138,train,25_0161.wav,spk_25_0092,North,25
train,3139,train,25_0162.wav,spk_25_0092,North,25
train,3140,train,25_0163.wav,spk_25_0093,North,25
train,3141,train,25_0164.wav,spk_25_0094,North,25
train,3142,train,25_0165.wav,spk_25_0095,North,25
train,3143,train,25_0166.wav,spk_25_0095,North,25
train,3144,train,25_0167.wav,spk_25_0096,North,25
train,3145,train,25_0168.wav,spk_25_0097,North,25
train,3146,train,25_0169.wav,spk_25_0097,North,25
train,3147,train,25_0170.wav,spk_25_0098,North,25
train,3148,train,25_0171.wav,spk_25_0098,North,25
train,3149,train,25_0172.wav,spk_25_0098,North,25
train,3150,train,25_0173.wav,spk_25_0099,North,25
train,3151,train,25_0174.wav,spk_25_0099,North,25
train,3152,train,25_0175.wav,spk_25_0100,North,25
train,3153,train,25_0176.wav,spk_25_0101,North,25
train,3154,train,25_0177.wav,spk_25_0101,North,25
train,3155,train,25_0178.wav,spk_25_0102,North,25
train,3156,train,25_0179.wav,spk_25_0103,North,25
train,3157,train,25_0180.wav,spk_25_0104,North,25
train,3158,train,25_0181.wav,spk_25_0104,North,25
train,3159,train,25_0182.wav,spk_25_0104,North,25
train,3160,train,25_0183.wav,spk_25_0105,North,25
train,3161,train,25_0184.wav,spk_25_0106,North,25
train,3162,train,25_0185.wav,spk_25_0107,North,25
train,3163,train,25_0186.wav,spk_25_0107,North,25
train,3164,train,25_0187.wav,spk_25_0108,North,25
train,3165,train,25_0188.wav,spk_25_0108,North,25
train,3166,train,25_0189.wav,spk_25_0109,North,25
train,3167,train,25_0190.wav,spk_25_0110,North,25
train,3168,train,25_0191.wav,spk_25_0110,North,25
train,3169,train,25_0192.wav,spk_25_0110,North,25
train,3170,train,25_0193.wav,spk_25_0111,North,25
train,3171,train,25_0194.wav,spk_25_0111,North,25
train,3172,train,25_0195.wav,spk_25_0112,North,25
train,3173,train,25_0196.wav,spk_25_0112,North,25
train,3174,train,25_0197.wav,spk_25_0113,North,25
train,3175,train,25_0198.wav,spk_25_0114,North,25
train,3176,train,25_0199.wav,spk_25_0114,North,25
train,3177,train,25_0200.wav,spk_25_0115,North,25
train,3178,train,25_0201.wav,spk_25_0116,North,25
train,3179,train,25_0202.wav,spk_25_0116,North,25
train,3180,train,25_0203.wav,spk_25_0117,North,25
train,3181,train,25_0204.wav,spk_25_0117,North,25
train,3182,train,25_0205.wav,spk_25_0118,North,25
train,3183,train,25_0206.wav,spk_25_0119,North,25
train,3184,train,25_0207.wav,spk_25_0120,North,25
train,3185,train,25_0208.wav,spk_25_0120,North,25
train,3186,train,25_0209.wav,spk_25_0121,North,25
train,3187,train,25_0210.wav,spk_25_0122,North,25
train,3188,train,25_0211.wav,spk_25_0122,North,25
train,3189,train,25_0212.wav,spk_25_0123,North,25
train,3190,train,25_0213.wav,spk_25_0123,North,25
train,3191,train,25_0214.wav,spk_25_0124,North,25
train,3192,train,25_0215.wav,spk_25_0124,North,25
train,3193,train,25_0216.wav,spk_25_0125,North,25
train,3194,train,25_0217.wav,spk_25_0125,North,25
train,3195,train,25_0218.wav,spk_25_0126,North,25
train,3196,train,25_0219.wav,spk_25_0126,North,25
train,3197,train,25_0220.wav,spk_25_0127,North,25
train,3198,train,25_0221.wav,spk_25_0127,North,25
train,3199,train,25_0222.wav,spk_25_0128,North,25
train,3200,train,25_0223.wav,spk_25_0129,North,25
train,3201,train,25_0224.wav,spk_25_0129,North,25
train,3202,train,25_0225.wav,spk_25_0129,North,25
train,3203,train,25_0226.wav,spk_25_0130,North,25
train,3204,train,25_0227.wav,spk_25_0130,North,25
train,3205,train,25_0228.wav,spk_25_0130,North,25
train,3206,train,25_0229.wav,spk_25_0131,North,25
train,3207,train,25_0230.wav,spk_25_0131,North,25
train,3208,train,25_0231.wav,spk_25_0132,North,25
train,3209,train,25_0232.wav,spk_25_0133,North,25
train,3210,train,25_0233.wav,spk_25_0133,North,25
train,3211,train,25_0234.wav,spk_25_0134,North,25
train,3212,train,25_0235.wav,spk_25_0135,North,25
train,3213,train,26_0001.wav,spk_26_0001,North,26
train,3214,train,26_0002.wav,spk_26_0002,North,26
train,3215,train,26_0003.wav,spk_26_0003,North,26
train,3216,train,26_0004.wav,spk_26_0004,North,26
train,3217,train,26_0005.wav,spk_26_0005,North,26
train,3218,train,26_0006.wav,spk_26_0006,North,26
train,3219,train,26_0007.wav,spk_26_0007,North,26
train,3220,train,26_0008.wav,spk_26_0008,North,26
train,3221,train,26_0009.wav,spk_26_0009,North,26
train,3222,train,26_0010.wav,spk_26_0010,North,26
train,3223,train,26_0011.wav,spk_26_0011,North,26
train,3224,train,26_0012.wav,spk_26_0012,North,26
train,3225,train,26_0013.wav,spk_26_0013,North,26
train,3226,train,26_0014.wav,spk_26_0014,North,26
train,3227,train,26_0015.wav,spk_26_0014,North,26
train,3228,train,26_0016.wav,spk_26_0014,North,26
train,3229,train,26_0017.wav,spk_26_0014,North,26
train,3230,train,26_0018.wav,spk_26_0015,North,26
train,3231,train,26_0019.wav,spk_26_0016,North,26
train,3232,train,26_0020.wav,spk_26_0016,North,26
train,3233,train,26_0021.wav,spk_26_0017,North,26
train,3234,train,26_0022.wav,spk_26_0017,North,26
train,3235,train,26_0023.wav,spk_26_0018,North,26
train,3236,train,26_0024.wav,spk_26_0019,North,26
train,3237,train,26_0025.wav,spk_26_0020,North,26
train,3238,train,26_0026.wav,spk_26_0021,North,26
train,3239,train,26_0027.wav,spk_26_0022,North,26
train,3240,train,26_0028.wav,spk_26_0023,North,26
train,3241,train,26_0029.wav,spk_26_0024,North,26
train,3242,train,26_0030.wav,spk_26_0025,North,26
train,3243,train,26_0031.wav,spk_26_0026,North,26
train,3244,train,26_0032.wav,spk_26_0027,North,26
train,3245,train,26_0033.wav,spk_26_0028,North,26
train,3246,train,26_0034.wav,spk_26_0029,North,26
train,3247,train,26_0035.wav,spk_26_0030,North,26
train,3248,train,26_0036.wav,spk_26_0031,North,26
train,3249,train,26_0037.wav,spk_26_0032,North,26
train,3250,train,26_0038.wav,spk_26_0033,North,26
train,3251,train,26_0039.wav,spk_26_0034,North,26
train,3252,train,26_0040.wav,spk_26_0035,North,26
train,3253,train,26_0041.wav,spk_26_0035,North,26
train,3254,train,26_0042.wav,spk_26_0036,North,26
train,3255,train,26_0043.wav,spk_26_0037,North,26
train,3256,train,26_0044.wav,spk_26_0038,North,26
train,3257,train,26_0045.wav,spk_26_0039,North,26
train,3258,train,26_0046.wav,spk_26_0040,North,26
train,3259,train,26_0047.wav,spk_26_0040,North,26
train,3260,train,26_0048.wav,spk_26_0041,North,26
train,3261,train,26_0049.wav,spk_26_0042,North,26
train,3262,train,26_0050.wav,spk_26_0042,North,26
train,3263,train,26_0051.wav,spk_26_0043,North,26
train,3264,train,26_0052.wav,spk_26_0044,North,26
train,3265,train,26_0053.wav,spk_26_0045,North,26
train,3266,train,26_0054.wav,spk_26_0046,North,26
train,3267,train,26_0055.wav,spk_26_0047,North,26
train,3268,train,26_0056.wav,spk_26_0048,North,26
train,3269,train,26_0057.wav,spk_26_0049,North,26
train,3270,train,26_0058.wav,spk_26_0050,North,26
train,3271,train,26_0059.wav,spk_26_0051,North,26
train,3272,train,26_0060.wav,spk_26_0052,North,26
train,3273,train,26_0061.wav,spk_26_0053,North,26
train,3274,train,26_0062.wav,spk_26_0054,North,26
train,3275,train,26_0063.wav,spk_26_0054,North,26
train,3276,train,26_0064.wav,spk_26_0054,North,26
train,3277,train,26_0065.wav,spk_26_0055,North,26
train,3278,train,26_0066.wav,spk_26_0055,North,26
train,3279,train,26_0067.wav,spk_26_0056,North,26
train,3280,train,26_0068.wav,spk_26_0057,North,26
train,3281,train,26_0069.wav,spk_26_0058,North,26
train,3282,train,26_0070.wav,spk_26_0059,North,26
train,3283,train,26_0071.wav,spk_26_0059,North,26
train,3284,train,26_0072.wav,spk_26_0060,North,26
train,3285,train,26_0073.wav,spk_26_0061,North,26
train,3286,train,26_0074.wav,spk_26_0062,North,26
train,3287,train,26_0075.wav,spk_26_0063,North,26
train,3288,train,26_0076.wav,spk_26_0064,North,26
train,3289,train,26_0077.wav,spk_26_0064,North,26
train,3290,train,26_0078.wav,spk_26_0065,North,26
train,3291,train,26_0079.wav,spk_26_0066,North,26
train,3292,train,26_0080.wav,spk_26_0067,North,26
train,3293,train,26_0081.wav,spk_26_0068,North,26
train,3294,train,26_0082.wav,spk_26_0069,North,26
train,3295,train,26_0083.wav,spk_26_0070,North,26
train,3296,train,26_0084.wav,spk_26_0071,North,26
train,3297,train,26_0085.wav,spk_26_0072,North,26
train,3298,train,26_0086.wav,spk_26_0073,North,26
train,3299,train,26_0087.wav,spk_26_0073,North,26
train,3300,train,26_0088.wav,spk_26_0074,North,26
train,3301,train,26_0089.wav,spk_26_0074,North,26
train,3302,train,26_0090.wav,spk_26_0075,North,26
train,3303,train,26_0091.wav,spk_26_0075,North,26
train,3304,train,26_0092.wav,spk_26_0076,North,26
train,3305,train,26_0093.wav,spk_26_0077,North,26
train,3306,train,26_0094.wav,spk_26_0078,North,26
train,3307,train,26_0095.wav,spk_26_0079,North,26
train,3308,train,26_0096.wav,spk_26_0080,North,26
train,3309,train,26_0097.wav,spk_26_0081,North,26
train,3310,train,26_0098.wav,spk_26_0082,North,26
train,3311,train,26_0099.wav,spk_26_0083,North,26
train,3312,train,26_0100.wav,spk_26_0084,North,26
train,3313,train,26_0101.wav,spk_26_0084,North,26
train,3314,train,26_0102.wav,spk_26_0085,North,26
train,3315,train,26_0103.wav,spk_26_0086,North,26
train,3316,train,26_0104.wav,spk_26_0087,North,26
train,3317,train,26_0105.wav,spk_26_0088,North,26
train,3318,train,26_0106.wav,spk_26_0089,North,26
train,3319,train,26_0107.wav,spk_26_0089,North,26
train,3320,train,26_0108.wav,spk_26_0090,North,26
train,3321,train,26_0109.wav,spk_26_0091,North,26
train,3322,train,26_0110.wav,spk_26_0091,North,26
train,3323,train,26_0111.wav,spk_26_0092,North,26
train,3324,train,26_0112.wav,spk_26_0092,North,26
train,3325,train,26_0113.wav,spk_26_0093,North,26
train,3326,train,26_0114.wav,spk_26_0094,North,26
train,3327,train,26_0115.wav,spk_26_0095,North,26
train,3328,train,26_0116.wav,spk_26_0096,North,26
train,3329,train,26_0117.wav,spk_26_0097,North,26
train,3330,train,26_0118.wav,spk_26_0097,North,26
train,3331,train,26_0119.wav,spk_26_0098,North,26
train,3332,train,26_0120.wav,spk_26_0099,North,26
train,3333,train,26_0121.wav,spk_26_0100,North,26
train,3334,train,26_0122.wav,spk_26_0101,North,26
train,3335,train,26_0123.wav,spk_26_0102,North,26
train,3336,train,26_0124.wav,spk_26_0103,North,26
train,3337,train,26_0125.wav,spk_26_0104,North,26
train,3338,train,26_0126.wav,spk_26_0105,North,26
train,3339,train,26_0127.wav,spk_26_0106,North,26
train,3340,train,26_0128.wav,spk_26_0107,North,26
train,3341,train,26_0129.wav,spk_26_0108,North,26
train,3342,train,26_0130.wav,spk_26_0109,North,26
train,3343,train,26_0131.wav,spk_26_0110,North,26
train,3344,train,26_0132.wav,spk_26_0110,North,26
train,3345,train,26_0133.wav,spk_26_0111,North,26
train,3346,train,26_0134.wav,spk_26_0112,North,26
train,3347,train,26_0135.wav,spk_26_0113,North,26
train,3348,train,26_0136.wav,spk_26_0113,North,26
train,3349,train,26_0137.wav,spk_26_0114,North,26
train,3350,train,26_0138.wav,spk_26_0114,North,26
train,3351,train,26_0139.wav,spk_26_0115,North,26
train,3352,train,26_0140.wav,spk_26_0116,North,26
train,3353,train,26_0141.wav,spk_26_0116,North,26
train,3354,train,26_0142.wav,spk_26_0117,North,26
train,3355,train,26_0143.wav,spk_26_0118,North,26
train,3356,train,26_0144.wav,spk_26_0119,North,26
train,3357,train,26_0145.wav,spk_26_0119,North,26
train,3358,train,26_0146.wav,spk_26_0120,North,26
train,3359,train,26_0147.wav,spk_26_0121,North,26
train,3360,train,26_0148.wav,spk_26_0122,North,26
train,3361,train,26_0149.wav,spk_26_0123,North,26
train,3362,train,26_0150.wav,spk_26_0124,North,26
train,3363,train,26_0151.wav,spk_26_0125,North,26
train,3364,train,26_0152.wav,spk_26_0126,North,26
train,3365,train,26_0153.wav,spk_26_0127,North,26
train,3366,train,26_0154.wav,spk_26_0128,North,26
train,3367,train,26_0155.wav,spk_26_0129,North,26
train,3368,train,26_0156.wav,spk_26_0130,North,26
train,3369,train,26_0157.wav,spk_26_0131,North,26
train,3370,train,26_0158.wav,spk_26_0132,North,26
train,3371,train,26_0159.wav,spk_26_0133,North,26
train,3372,train,26_0160.wav,spk_26_0133,North,26
train,3373,train,26_0161.wav,spk_26_0134,North,26
train,3374,train,26_0162.wav,spk_26_0135,North,26
train,3375,train,26_0163.wav,spk_26_0136,North,26
train,3376,train,26_0164.wav,spk_26_0137,North,26
train,3377,train,26_0165.wav,spk_26_0138,North,26
train,3378,train,26_0166.wav,spk_26_0138,North,26
train,3379,train,26_0167.wav,spk_26_0139,North,26
train,3380,train,26_0168.wav,spk_26_0140,North,26
train,3381,train,26_0169.wav,spk_26_0140,North,26
train,3382,train,26_0170.wav,spk_26_0141,North,26
train,3383,train,26_0171.wav,spk_26_0142,North,26
train,3384,train,26_0172.wav,spk_26_0143,North,26
train,3385,train,26_0173.wav,spk_26_0143,North,26
train,3386,train,26_0174.wav,spk_26_0144,North,26
train,3387,train,26_0175.wav,spk_26_0145,North,26
train,3388,train,26_0176.wav,spk_26_0146,North,26
train,3389,train,26_0177.wav,spk_26_0146,North,26
train,3390,train,26_0178.wav,spk_26_0147,North,26
train,3391,train,26_0179.wav,spk_26_0148,North,26
train,3392,train,26_0180.wav,spk_26_0148,North,26
train,3393,train,26_0181.wav,spk_26_0149,North,26
train,3394,train,26_0182.wav,spk_26_0150,North,26
train,3395,train,26_0183.wav,spk_26_0150,North,26
train,3396,train,26_0184.wav,spk_26_0151,North,26
train,3397,train,26_0185.wav,spk_26_0151,North,26
train,3398,train,26_0186.wav,spk_26_0152,North,26
train,3399,train,26_0187.wav,spk_26_0152,North,26
train,3400,train,26_0188.wav,spk_26_0152,North,26
train,3401,train,26_0189.wav,spk_26_0153,North,26
train,3402,train,26_0190.wav,spk_26_0154,North,26
train,3403,train,26_0191.wav,spk_26_0155,North,26
train,3404,train,26_0192.wav,spk_26_0156,North,26
train,3405,train,26_0193.wav,spk_26_0157,North,26
train,3406,train,26_0194.wav,spk_26_0158,North,26
train,3407,train,26_0195.wav,spk_26_0159,North,26
train,3408,train,26_0196.wav,spk_26_0160,North,26
train,3409,train,26_0197.wav,spk_26_0161,North,26
train,3410,train,26_0198.wav,spk_26_0162,North,26
train,3411,train,26_0199.wav,spk_26_0163,North,26
train,3412,train,26_0200.wav,spk_26_0163,North,26
train,3413,train,26_0201.wav,spk_26_0164,North,26
train,3414,train,26_0202.wav,spk_26_0165,North,26
train,3415,train,26_0203.wav,spk_26_0166,North,26
train,3416,train,26_0204.wav,spk_26_0167,North,26
train,3417,train,26_0205.wav,spk_26_0168,North,26
train,3418,train,26_0206.wav,spk_26_0169,North,26
train,3419,train,26_0207.wav,spk_26_0169,North,26
train,3420,train,26_0208.wav,spk_26_0170,North,26
train,3421,train,26_0209.wav,spk_26_0171,North,26
train,3422,train,26_0210.wav,spk_26_0172,North,26
train,3423,train,26_0211.wav,spk_26_0173,North,26
train,3424,train,26_0212.wav,spk_26_0174,North,26
train,3425,train,26_0213.wav,spk_26_0175,North,26
train,3426,train,26_0214.wav,spk_26_0176,North,26
train,3427,train,26_0215.wav,spk_26_0177,North,26
train,3428,train,26_0216.wav,spk_26_0178,North,26
train,3429,train,26_0217.wav,spk_26_0179,North,26
train,3430,train,26_0218.wav,spk_26_0180,North,26
train,3431,train,26_0219.wav,spk_26_0181,North,26
train,3432,train,26_0220.wav,spk_26_0181,North,26
train,3433,train,26_0221.wav,spk_26_0182,North,26
train,3434,train,26_0222.wav,spk_26_0183,North,26
train,3435,train,26_0223.wav,spk_26_0184,North,26
train,3436,train,26_0224.wav,spk_26_0185,North,26
train,3437,train,26_0225.wav,spk_26_0186,North,26
train,3438,train,26_0226.wav,spk_26_0187,North,26
train,3439,train,26_0227.wav,spk_26_0188,North,26
train,3440,train,26_0228.wav,spk_26_0188,North,26
train,3441,train,26_0229.wav,spk_26_0189,North,26
train,3442,train,26_0230.wav,spk_26_0189,North,26
train,3443,train,26_0231.wav,spk_26_0190,North,26
train,3444,train,26_0232.wav,spk_26_0191,North,26
train,3445,train,26_0233.wav,spk_26_0192,North,26
train,3446,train,26_0234.wav,spk_26_0193,North,26
train,3447,train,26_0235.wav,spk_26_0193,North,26
train,3448,train,26_0236.wav,spk_26_0194,North,26
train,3449,train,26_0237.wav,spk_26_0195,North,26
train,3450,train,26_0238.wav,spk_26_0196,North,26
train,3451,train,26_0239.wav,spk_26_0197,North,26
train,3452,train,26_0240.wav,spk_26_0198,North,26
train,3453,train,26_0241.wav,spk_26_0198,North,26
train,3454,train,27_0001.wav,spk_27_0001,North,27
train,3455,train,27_0002.wav,spk_27_0001,North,27
train,3456,train,27_0003.wav,spk_27_0001,North,27
train,3457,train,27_0004.wav,spk_27_0001,North,27
train,3458,train,27_0005.wav,spk_27_0002,North,27
train,3459,train,27_0006.wav,spk_27_0002,North,27
train,3460,train,27_0007.wav,spk_27_0003,North,27
train,3461,train,27_0008.wav,spk_27_0004,North,27
train,3462,train,27_0009.wav,spk_27_0005,North,27
train,3463,train,27_0010.wav,spk_27_0006,North,27
train,3464,train,27_0011.wav,spk_27_0006,North,27
train,3465,train,27_0012.wav,spk_27_0006,North,27
train,3466,train,27_0013.wav,spk_27_0007,North,27
train,3467,train,27_0014.wav,spk_27_0007,North,27
train,3468,train,27_0015.wav,spk_27_0008,North,27
train,3469,train,27_0016.wav,spk_27_0009,North,27
train,3470,train,27_0017.wav,spk_27_0009,North,27
train,3471,train,27_0018.wav,spk_27_0010,North,27
train,3472,train,27_0019.wav,spk_27_0011,North,27
train,3473,train,27_0020.wav,spk_27_0012,North,27
train,3474,train,27_0021.wav,spk_27_0012,North,27
train,3475,train,27_0022.wav,spk_27_0013,North,27
train,3476,train,27_0023.wav,spk_27_0014,North,27
train,3477,train,27_0024.wav,spk_27_0014,North,27
train,3478,train,27_0025.wav,spk_27_0015,North,27
train,3479,train,27_0026.wav,spk_27_0016,North,27
train,3480,train,27_0027.wav,spk_27_0017,North,27
train,3481,train,27_0028.wav,spk_27_0018,North,27
train,3482,train,27_0029.wav,spk_27_0018,North,27
train,3483,train,27_0030.wav,spk_27_0019,North,27
train,3484,train,27_0031.wav,spk_27_0019,North,27
train,3485,train,27_0032.wav,spk_27_0020,North,27
train,3486,train,27_0033.wav,spk_27_0021,North,27
train,3487,train,27_0034.wav,spk_27_0022,North,27
train,3488,train,27_0035.wav,spk_27_0022,North,27
train,3489,train,27_0036.wav,spk_27_0023,North,27
train,3490,train,27_0037.wav,spk_27_0024,North,27
train,3491,train,27_0038.wav,spk_27_0024,North,27
train,3492,train,27_0039.wav,spk_27_0025,North,27
train,3493,train,27_0040.wav,spk_27_0026,North,27
train,3494,train,27_0041.wav,spk_27_0027,North,27
train,3495,train,27_0042.wav,spk_27_0028,North,27
train,3496,train,27_0043.wav,spk_27_0028,North,27
train,3497,train,27_0044.wav,spk_27_0028,North,27
train,3498,train,27_0045.wav,spk_27_0029,North,27
train,3499,train,27_0046.wav,spk_27_0029,North,27
train,3500,train,27_0047.wav,spk_27_0030,North,27
train,3501,train,27_0048.wav,spk_27_0031,North,27
train,3502,train,27_0049.wav,spk_27_0032,North,27
train,3503,train,27_0050.wav,spk_27_0033,North,27
train,3504,train,27_0051.wav,spk_27_0033,North,27
train,3505,train,27_0052.wav,spk_27_0034,North,27
train,3506,train,27_0053.wav,spk_27_0035,North,27
train,3507,train,27_0054.wav,spk_27_0035,North,27
train,3508,train,27_0055.wav,spk_27_0036,North,27
train,3509,train,27_0056.wav,spk_27_0037,North,27
train,3510,train,27_0057.wav,spk_27_0038,North,27
train,3511,train,27_0058.wav,spk_27_0038,North,27
train,3512,train,27_0059.wav,spk_27_0039,North,27
train,3513,train,27_0060.wav,spk_27_0040,North,27
train,3514,train,27_0061.wav,spk_27_0041,North,27
train,3515,train,27_0062.wav,spk_27_0041,North,27
train,3516,train,27_0063.wav,spk_27_0042,North,27
train,3517,train,27_0064.wav,spk_27_0042,North,27
train,3518,train,27_0065.wav,spk_27_0043,North,27
train,3519,train,27_0066.wav,spk_27_0043,North,27
train,3520,train,27_0067.wav,spk_27_0044,North,27
train,3521,train,27_0068.wav,spk_27_0045,North,27
train,3522,train,27_0069.wav,spk_27_0046,North,27
train,3523,train,27_0070.wav,spk_27_0046,North,27
train,3524,train,27_0071.wav,spk_27_0047,North,27
train,3525,train,27_0072.wav,spk_27_0048,North,27
train,3526,train,27_0073.wav,spk_27_0049,North,27
train,3527,train,27_0074.wav,spk_27_0050,North,27
train,3528,train,27_0075.wav,spk_27_0051,North,27
train,3529,train,27_0076.wav,spk_27_0052,North,27
train,3530,train,27_0077.wav,spk_27_0052,North,27
train,3531,train,27_0078.wav,spk_27_0053,North,27
train,3532,train,27_0079.wav,spk_27_0053,North,27
train,3533,train,27_0080.wav,spk_27_0054,North,27
train,3534,train,27_0081.wav,spk_27_0054,North,27
train,3535,train,27_0082.wav,spk_27_0055,North,27
train,3536,train,27_0083.wav,spk_27_0055,North,27
train,3537,train,27_0084.wav,spk_27_0056,North,27
train,3538,train,27_0085.wav,spk_27_0057,North,27
train,3539,train,27_0086.wav,spk_27_0058,North,27
train,3540,train,27_0087.wav,spk_27_0059,North,27
train,3541,train,27_0088.wav,spk_27_0060,North,27
train,3542,train,27_0089.wav,spk_27_0061,North,27
train,3543,train,27_0090.wav,spk_27_0062,North,27
train,3544,train,27_0091.wav,spk_27_0063,North,27
train,3545,train,27_0092.wav,spk_27_0064,North,27
train,3546,train,27_0093.wav,spk_27_0065,North,27
train,3547,train,27_0094.wav,spk_27_0065,North,27
train,3548,train,27_0095.wav,spk_27_0066,North,27
train,3549,train,27_0096.wav,spk_27_0067,North,27
train,3550,train,27_0097.wav,spk_27_0068,North,27
train,3551,train,27_0098.wav,spk_27_0069,North,27
train,3552,train,27_0099.wav,spk_27_0070,North,27
train,3553,train,27_0100.wav,spk_27_0071,North,27
train,3554,train,27_0101.wav,spk_27_0071,North,27
train,3555,train,27_0102.wav,spk_27_0072,North,27
train,3556,train,27_0103.wav,spk_27_0072,North,27
train,3557,train,27_0104.wav,spk_27_0073,North,27
train,3558,train,27_0105.wav,spk_27_0074,North,27
train,3559,train,27_0106.wav,spk_27_0075,North,27
train,3560,train,27_0107.wav,spk_27_0076,North,27
train,3561,train,27_0108.wav,spk_27_0077,North,27
train,3562,train,27_0109.wav,spk_27_0078,North,27
train,3563,train,27_0110.wav,spk_27_0079,North,27
train,3564,train,27_0111.wav,spk_27_0080,North,27
train,3565,train,27_0112.wav,spk_27_0081,North,27
train,3566,train,27_0113.wav,spk_27_0082,North,27
train,3567,train,27_0114.wav,spk_27_0083,North,27
train,3568,train,27_0115.wav,spk_27_0084,North,27
train,3569,train,27_0116.wav,spk_27_0085,North,27
train,3570,train,27_0117.wav,spk_27_0086,North,27
train,3571,train,27_0118.wav,spk_27_0087,North,27
train,3572,train,27_0119.wav,spk_27_0088,North,27
train,3573,train,27_0120.wav,spk_27_0088,North,27
train,3574,train,27_0121.wav,spk_27_0088,North,27
train,3575,train,27_0122.wav,spk_27_0089,North,27
train,3576,train,27_0123.wav,spk_27_0089,North,27
train,3577,train,27_0124.wav,spk_27_0090,North,27
train,3578,train,27_0125.wav,spk_27_0090,North,27
train,3579,train,27_0126.wav,spk_27_0091,North,27
train,3580,train,27_0127.wav,spk_27_0091,North,27
train,3581,train,27_0128.wav,spk_27_0092,North,27
train,3582,train,27_0129.wav,spk_27_0092,North,27
train,3583,train,27_0130.wav,spk_27_0092,North,27
train,3584,train,27_0131.wav,spk_27_0093,North,27
train,3585,train,27_0132.wav,spk_27_0094,North,27
train,3586,train,27_0133.wav,spk_27_0095,North,27
train,3587,train,27_0134.wav,spk_27_0095,North,27
train,3588,train,27_0135.wav,spk_27_0096,North,27
train,3589,train,27_0136.wav,spk_27_0096,North,27
train,3590,train,27_0137.wav,spk_27_0097,North,27
train,3591,train,27_0138.wav,spk_27_0098,North,27
train,3592,train,27_0139.wav,spk_27_0099,North,27
train,3593,train,27_0140.wav,spk_27_0100,North,27
train,3594,train,27_0141.wav,spk_27_0101,North,27
train,3595,train,27_0142.wav,spk_27_0102,North,27
train,3596,train,27_0143.wav,spk_27_0102,North,27
train,3597,train,27_0144.wav,spk_27_0103,North,27
train,3598,train,27_0145.wav,spk_27_0104,North,27
train,3599,train,27_0146.wav,spk_27_0104,North,27
train,3600,train,27_0147.wav,spk_27_0105,North,27
train,3601,train,27_0148.wav,spk_27_0105,North,27
train,3602,train,27_0149.wav,spk_27_0106,North,27
train,3603,train,27_0150.wav,spk_27_0107,North,27
train,3604,train,27_0151.wav,spk_27_0108,North,27
train,3605,train,27_0152.wav,spk_27_0108,North,27
train,3606,train,27_0153.wav,spk_27_0109,North,27
train,3607,train,27_0154.wav,spk_27_0110,North,27
train,3608,train,27_0155.wav,spk_27_0111,North,27
train,3609,train,27_0156.wav,spk_27_0111,North,27
train,3610,train,27_0157.wav,spk_27_0112,North,27
train,3611,train,27_0158.wav,spk_27_0112,North,27
train,3612,train,27_0159.wav,spk_27_0113,North,27
train,3613,train,27_0160.wav,spk_27_0114,North,27
train,3614,train,27_0161.wav,spk_27_0115,North,27
train,3615,train,27_0162.wav,spk_27_0115,North,27
train,3616,train,27_0163.wav,spk_27_0116,North,27
train,3617,train,27_0164.wav,spk_27_0117,North,27
train,3618,train,27_0165.wav,spk_27_0118,North,27
train,3619,train,27_0166.wav,spk_27_0118,North,27
train,3620,train,27_0167.wav,spk_27_0118,North,27
train,3621,train,27_0168.wav,spk_27_0119,North,27
train,3622,train,27_0169.wav,spk_27_0119,North,27
train,3623,train,27_0170.wav,spk_27_0120,North,27
train,3624,train,27_0171.wav,spk_27_0120,North,27
train,3625,train,27_0172.wav,spk_27_0121,North,27
train,3626,train,27_0173.wav,spk_27_0121,North,27
train,3627,train,27_0174.wav,spk_27_0122,North,27
train,3628,train,27_0175.wav,spk_27_0122,North,27
train,3629,train,27_0176.wav,spk_27_0123,North,27
train,3630,train,27_0177.wav,spk_27_0123,North,27
train,3631,train,27_0178.wav,spk_27_0124,North,27
train,3632,train,27_0179.wav,spk_27_0124,North,27
train,3633,train,27_0180.wav,spk_27_0124,North,27
train,3634,train,27_0181.wav,spk_27_0124,North,27
train,3635,train,27_0182.wav,spk_27_0124,North,27
train,3636,train,27_0183.wav,spk_27_0124,North,27
train,3637,train,27_0184.wav,spk_27_0125,North,27
train,3638,train,27_0185.wav,spk_27_0126,North,27
train,3639,train,27_0186.wav,spk_27_0127,North,27
train,3640,train,27_0189.wav,spk_27_0129,North,27
train,3641,train,27_0190.wav,spk_27_0129,North,27
train,3642,train,27_0191.wav,spk_27_0130,North,27
train,3643,train,27_0192.wav,spk_27_0131,North,27
train,3644,train,27_0193.wav,spk_27_0132,North,27
train,3645,train,27_0194.wav,spk_27_0133,North,27
train,3646,train,27_0195.wav,spk_27_0134,North,27
train,3647,train,27_0196.wav,spk_27_0134,North,27
train,3648,train,27_0197.wav,spk_27_0134,North,27
train,3649,train,27_0198.wav,spk_27_0135,North,27
train,3650,train,27_0199.wav,spk_27_0135,North,27
train,3651,train,27_0200.wav,spk_27_0136,North,27
train,3652,train,27_0201.wav,spk_27_0136,North,27
train,3653,train,27_0202.wav,spk_27_0137,North,27
train,3654,train,27_0203.wav,spk_27_0137,North,27
train,3655,train,27_0204.wav,spk_27_0138,North,27
train,3656,train,27_0205.wav,spk_27_0139,North,27
train,3657,train,27_0206.wav,spk_27_0139,North,27
train,3658,train,27_0207.wav,spk_27_0139,North,27
train,3659,train,27_0208.wav,spk_27_0140,North,27
train,3660,train,27_0209.wav,spk_27_0140,North,27
train,3661,train,27_0210.wav,spk_27_0141,North,27
train,3662,train,27_0211.wav,spk_27_0141,North,27
train,3663,train,27_0212.wav,spk_27_0142,North,27
train,3664,train,27_0215.wav,spk_27_0144,North,27
train,3665,train,27_0216.wav,spk_27_0144,North,27
train,3666,train,27_0217.wav,spk_27_0145,North,27
train,3667,train,27_0218.wav,spk_27_0145,North,27
train,3668,train,27_0219.wav,spk_27_0146,North,27
train,3669,train,27_0220.wav,spk_27_0147,North,27
train,3670,train,27_0221.wav,spk_27_0148,North,27
train,3671,train,27_0222.wav,spk_27_0149,North,27
train,3672,train,27_0223.wav,spk_27_0149,North,27
train,3673,train,27_0224.wav,spk_27_0150,North,27
train,3674,train,27_0225.wav,spk_27_0151,North,27
train,3675,train,27_0226.wav,spk_27_0151,North,27
train,3676,train,27_0227.wav,spk_27_0152,North,27
train,3677,train,27_0228.wav,spk_27_0152,North,27
train,3678,train,27_0229.wav,spk_27_0153,North,27
train,3679,train,28_0001.wav,spk_28_0001,North,28
train,3680,train,28_0002.wav,spk_28_0001,North,28
train,3681,train,28_0003.wav,spk_28_0002,North,28
train,3682,train,28_0004.wav,spk_28_0003,North,28
train,3683,train,28_0005.wav,spk_28_0004,North,28
train,3684,train,28_0006.wav,spk_28_0005,North,28
train,3685,train,28_0007.wav,spk_28_0006,North,28
train,3686,train,28_0008.wav,spk_28_0007,North,28
train,3687,train,28_0009.wav,spk_28_0008,North,28
train,3688,train,28_0010.wav,spk_28_0008,North,28
train,3689,train,28_0011.wav,spk_28_0009,North,28
train,3690,train,28_0012.wav,spk_28_0010,North,28
train,3691,train,28_0013.wav,spk_28_0010,North,28
train,3692,train,28_0014.wav,spk_28_0011,North,28
train,3693,train,28_0015.wav,spk_28_0012,North,28
train,3694,train,28_0016.wav,spk_28_0013,North,28
train,3695,train,28_0017.wav,spk_28_0014,North,28
train,3696,train,28_0018.wav,spk_28_0014,North,28
train,3697,train,28_0019.wav,spk_28_0015,North,28
train,3698,train,28_0020.wav,spk_28_0015,North,28
train,3699,train,28_0021.wav,spk_28_0016,North,28
train,3700,train,28_0022.wav,spk_28_0017,North,28
train,3701,train,28_0023.wav,spk_28_0017,North,28
train,3702,train,28_0024.wav,spk_28_0018,North,28
train,3703,train,28_0025.wav,spk_28_0018,North,28
train,3704,train,28_0026.wav,spk_28_0019,North,28
train,3705,train,28_0027.wav,spk_28_0020,North,28
train,3706,train,28_0028.wav,spk_28_0021,North,28
train,3707,train,28_0029.wav,spk_28_0021,North,28
train,3708,train,28_0030.wav,spk_28_0022,North,28
train,3709,train,28_0031.wav,spk_28_0022,North,28
train,3710,train,28_0032.wav,spk_28_0023,North,28
train,3711,train,28_0033.wav,spk_28_0024,North,28
train,3712,train,28_0034.wav,spk_28_0025,North,28
train,3713,train,28_0035.wav,spk_28_0025,North,28
train,3714,train,28_0036.wav,spk_28_0025,North,28
train,3715,train,28_0037.wav,spk_28_0026,North,28
train,3716,train,28_0038.wav,spk_28_0027,North,28
train,3717,train,28_0039.wav,spk_28_0028,North,28
train,3718,train,28_0040.wav,spk_28_0029,North,28
train,3719,train,28_0041.wav,spk_28_0029,North,28
train,3720,train,28_0042.wav,spk_28_0030,North,28
train,3721,train,28_0043.wav,spk_28_0030,North,28
train,3722,train,28_0044.wav,spk_28_0031,North,28
train,3723,train,28_0045.wav,spk_28_0031,North,28
train,3724,train,28_0046.wav,spk_28_0032,North,28
train,3725,train,28_0047.wav,spk_28_0032,North,28
train,3726,train,28_0048.wav,spk_28_0033,North,28
train,3727,train,28_0049.wav,spk_28_0034,North,28
train,3728,train,28_0050.wav,spk_28_0034,North,28
train,3729,train,28_0051.wav,spk_28_0035,North,28
train,3730,train,28_0052.wav,spk_28_0035,North,28
train,3731,train,28_0053.wav,spk_28_0036,North,28
train,3732,train,28_0054.wav,spk_28_0037,North,28
train,3733,train,28_0055.wav,spk_28_0037,North,28
train,3734,train,28_0056.wav,spk_28_0038,North,28
train,3735,train,28_0057.wav,spk_28_0038,North,28
train,3736,train,28_0058.wav,spk_28_0038,North,28
train,3737,train,28_0059.wav,spk_28_0039,North,28
train,3738,train,28_0060.wav,spk_28_0040,North,28
train,3739,train,28_0061.wav,spk_28_0041,North,28
train,3740,train,28_0062.wav,spk_28_0041,North,28
train,3741,train,28_0063.wav,spk_28_0041,North,28
train,3742,train,28_0064.wav,spk_28_0041,North,28
train,3743,train,28_0065.wav,spk_28_0041,North,28
train,3744,train,28_0066.wav,spk_28_0041,North,28
train,3745,train,28_0067.wav,spk_28_0041,North,28
train,3746,train,28_0068.wav,spk_28_0042,North,28
train,3747,train,28_0069.wav,spk_28_0042,North,28
train,3748,train,28_0070.wav,spk_28_0043,North,28
train,3749,train,28_0071.wav,spk_28_0044,North,28
train,3750,train,28_0072.wav,spk_28_0045,North,28
train,3751,train,28_0073.wav,spk_28_0045,North,28
train,3752,train,28_0074.wav,spk_28_0046,North,28
train,3753,train,28_0075.wav,spk_28_0047,North,28
train,3754,train,28_0076.wav,spk_28_0048,North,28
train,3755,train,28_0077.wav,spk_28_0048,North,28
train,3756,train,28_0078.wav,spk_28_0049,North,28
train,3757,train,28_0079.wav,spk_28_0049,North,28
train,3758,train,28_0080.wav,spk_28_0050,North,28
train,3759,train,28_0081.wav,spk_28_0051,North,28
train,3760,train,28_0082.wav,spk_28_0052,North,28
train,3761,train,28_0083.wav,spk_28_0052,North,28
train,3762,train,28_0084.wav,spk_28_0053,North,28
train,3763,train,28_0085.wav,spk_28_0053,North,28
train,3764,train,28_0086.wav,spk_28_0054,North,28
train,3765,train,28_0087.wav,spk_28_0054,North,28
train,3766,train,28_0088.wav,spk_28_0055,North,28
train,3767,train,28_0089.wav,spk_28_0056,North,28
train,3768,train,28_0090.wav,spk_28_0057,North,28
train,3769,train,28_0091.wav,spk_28_0058,North,28
train,3770,train,28_0092.wav,spk_28_0059,North,28
train,3771,train,28_0093.wav,spk_28_0060,North,28
train,3772,train,28_0094.wav,spk_28_0061,North,28
train,3773,train,28_0095.wav,spk_28_0062,North,28
train,3774,train,28_0096.wav,spk_28_0063,North,28
train,3775,train,28_0097.wav,spk_28_0064,North,28
train,3776,train,28_0098.wav,spk_28_0065,North,28
train,3777,train,28_0099.wav,spk_28_0066,North,28
train,3778,train,28_0100.wav,spk_28_0066,North,28
train,3779,train,28_0101.wav,spk_28_0066,North,28
train,3780,train,28_0102.wav,spk_28_0067,North,28
train,3781,train,28_0103.wav,spk_28_0068,North,28
train,3782,train,28_0104.wav,spk_28_0069,North,28
train,3783,train,28_0105.wav,spk_28_0069,North,28
train,3784,train,28_0106.wav,spk_28_0070,North,28
train,3785,train,28_0107.wav,spk_28_0070,North,28
train,3786,train,28_0108.wav,spk_28_0071,North,28
train,3787,train,28_0109.wav,spk_28_0071,North,28
train,3788,train,28_0110.wav,spk_28_0072,North,28
train,3789,train,28_0111.wav,spk_28_0073,North,28
train,3790,train,28_0112.wav,spk_28_0074,North,28
train,3791,train,28_0113.wav,spk_28_0074,North,28
train,3792,train,28_0114.wav,spk_28_0075,North,28
train,3793,train,28_0115.wav,spk_28_0075,North,28
train,3794,train,28_0116.wav,spk_28_0076,North,28
train,3795,train,28_0117.wav,spk_28_0076,North,28
train,3796,train,28_0118.wav,spk_28_0077,North,28
train,3797,train,28_0119.wav,spk_28_0077,North,28
train,3798,train,28_0120.wav,spk_28_0078,North,28
train,3799,train,28_0121.wav,spk_28_0079,North,28
train,3800,train,28_0122.wav,spk_28_0080,North,28
train,3801,train,28_0123.wav,spk_28_0081,North,28
train,3802,train,28_0124.wav,spk_28_0082,North,28
train,3803,train,28_0125.wav,spk_28_0083,North,28
train,3804,train,28_0126.wav,spk_28_0083,North,28
train,3805,train,28_0127.wav,spk_28_0084,North,28
train,3806,train,28_0128.wav,spk_28_0085,North,28
train,3807,train,28_0129.wav,spk_28_0086,North,28
train,3808,train,28_0130.wav,spk_28_0086,North,28
train,3809,train,28_0131.wav,spk_28_0087,North,28
train,3810,train,28_0132.wav,spk_28_0088,North,28
train,3811,train,28_0133.wav,spk_28_0089,North,28
train,3812,train,28_0134.wav,spk_28_0089,North,28
train,3813,train,28_0135.wav,spk_28_0090,North,28
train,3814,train,28_0136.wav,spk_28_0091,North,28
train,3815,train,28_0137.wav,spk_28_0092,North,28
train,3816,train,28_0138.wav,spk_28_0092,North,28
train,3817,train,28_0139.wav,spk_28_0093,North,28
train,3818,train,28_0140.wav,spk_28_0094,North,28
train,3819,train,28_0141.wav,spk_28_0094,North,28
train,3820,train,28_0142.wav,spk_28_0095,North,28
train,3821,train,28_0143.wav,spk_28_0096,North,28
train,3822,train,28_0144.wav,spk_28_0097,North,28
train,3823,train,28_0145.wav,spk_28_0098,North,28
train,3824,train,28_0146.wav,spk_28_0099,North,28
train,3825,train,28_0147.wav,spk_28_0100,North,28
train,3826,train,28_0148.wav,spk_28_0101,North,28
train,3827,train,28_0149.wav,spk_28_0102,North,28
train,3828,train,28_0150.wav,spk_28_0102,North,28
train,3829,train,28_0151.wav,spk_28_0102,North,28
train,3830,train,28_0152.wav,spk_28_0102,North,28
train,3831,train,28_0153.wav,spk_28_0103,North,28
train,3832,train,28_0154.wav,spk_28_0103,North,28
train,3833,train,28_0155.wav,spk_28_0104,North,28
train,3834,train,28_0156.wav,spk_28_0105,North,28
train,3835,train,28_0157.wav,spk_28_0106,North,28
train,3836,train,28_0158.wav,spk_28_0107,North,28
train,3837,train,28_0159.wav,spk_28_0108,North,28
train,3838,train,28_0160.wav,spk_28_0109,North,28
train,3839,train,28_0161.wav,spk_28_0110,North,28
train,3840,train,28_0162.wav,spk_28_0111,North,28
train,3841,train,28_0163.wav,spk_28_0112,North,28
train,3842,train,28_0164.wav,spk_28_0113,North,28
train,3843,train,28_0165.wav,spk_28_0114,North,28
train,3844,train,28_0166.wav,spk_28_0115,North,28
train,3845,train,28_0167.wav,spk_28_0116,North,28
train,3846,train,28_0168.wav,spk_28_0117,North,28
train,3847,train,28_0169.wav,spk_28_0118,North,28
train,3848,train,28_0170.wav,spk_28_0119,North,28
train,3849,train,28_0171.wav,spk_28_0120,North,28
train,3850,train,28_0172.wav,spk_28_0120,North,28
train,3851,train,28_0173.wav,spk_28_0121,North,28
train,3852,train,28_0174.wav,spk_28_0121,North,28
train,3853,train,28_0175.wav,spk_28_0122,North,28
train,3854,train,28_0176.wav,spk_28_0122,North,28
train,3855,train,28_0177.wav,spk_28_0123,North,28
train,3856,train,28_0178.wav,spk_28_0123,North,28
train,3857,train,28_0179.wav,spk_28_0124,North,28
train,3858,train,28_0180.wav,spk_28_0125,North,28
train,3859,train,28_0181.wav,spk_28_0126,North,28
train,3860,train,28_0182.wav,spk_28_0127,North,28
train,3861,train,28_0183.wav,spk_28_0127,North,28
train,3862,train,28_0184.wav,spk_28_0128,North,28
train,3863,train,28_0185.wav,spk_28_0129,North,28
train,3864,train,28_0186.wav,spk_28_0130,North,28
train,3865,train,28_0187.wav,spk_28_0131,North,28
train,3866,train,28_0188.wav,spk_28_0132,North,28
train,3867,train,28_0189.wav,spk_28_0133,North,28
train,3868,train,28_0190.wav,spk_28_0133,North,28
train,3869,train,28_0191.wav,spk_28_0134,North,28
train,3870,train,28_0192.wav,spk_28_0135,North,28
train,3871,train,28_0193.wav,spk_28_0136,North,28
train,3872,train,28_0194.wav,spk_28_0136,North,28
train,3873,train,28_0195.wav,spk_28_0137,North,28
train,3874,train,28_0196.wav,spk_28_0137,North,28
train,3875,train,28_0197.wav,spk_28_0138,North,28
train,3876,train,28_0198.wav,spk_28_0138,North,28
train,3877,train,28_0199.wav,spk_28_0139,North,28
train,3878,train,28_0200.wav,spk_28_0139,North,28
train,3879,train,28_0201.wav,spk_28_0140,North,28
train,3880,train,28_0202.wav,spk_28_0140,North,28
train,3881,train,28_0203.wav,spk_28_0140,North,28
train,3882,train,28_0204.wav,spk_28_0141,North,28
train,3883,train,28_0205.wav,spk_28_0142,North,28
train,3884,train,28_0206.wav,spk_28_0143,North,28
train,3885,train,28_0207.wav,spk_28_0143,North,28
train,3886,train,28_0208.wav,spk_28_0144,North,28
train,3887,train,28_0209.wav,spk_28_0145,North,28
train,3888,train,28_0210.wav,spk_28_0146,North,28
train,3889,train,28_0211.wav,spk_28_0146,North,28
train,3890,train,28_0212.wav,spk_28_0147,North,28
train,3891,train,28_0213.wav,spk_28_0147,North,28
train,3892,train,28_0214.wav,spk_28_0148,North,28
train,3893,train,28_0215.wav,spk_28_0149,North,28
train,3894,train,28_0216.wav,spk_28_0150,North,28
train,3895,train,28_0217.wav,spk_28_0151,North,28
train,3896,train,28_0231.wav,spk_28_0158,North,28
train,3897,train,28_0232.wav,spk_28_0159,North,28
train,3898,train,28_0233.wav,spk_28_0159,North,28
train,3899,train,30_0001.wav,spk_30_0001,North,30
train,3900,train,30_0002.wav,spk_30_0001,North,30
train,3901,train,30_0003.wav,spk_30_0001,North,30
train,3902,train,30_0004.wav,spk_30_0001,North,30
train,3903,train,30_0005.wav,spk_30_0001,North,30
train,3904,train,30_0006.wav,spk_30_0001,North,30
train,3905,train,30_0007.wav,spk_30_0002,North,30
train,3906,train,30_0008.wav,spk_30_0002,North,30
train,3907,train,30_0009.wav,spk_30_0002,North,30
train,3908,train,30_0010.wav,spk_30_0003,North,30
train,3909,train,30_0011.wav,spk_30_0004,North,30
train,3910,train,30_0012.wav,spk_30_0005,North,30
train,3911,train,30_0013.wav,spk_30_0006,North,30
train,3912,train,30_0014.wav,spk_30_0007,North,30
train,3913,train,30_0015.wav,spk_30_0008,North,30
train,3914,train,30_0016.wav,spk_30_0009,North,30
train,3915,train,30_0017.wav,spk_30_0010,North,30
train,3916,train,30_0018.wav,spk_30_0010,North,30
train,3917,train,30_0019.wav,spk_30_0011,North,30
train,3918,train,30_0020.wav,spk_30_0012,North,30
train,3919,train,30_0021.wav,spk_30_0013,North,30
train,3920,train,30_0022.wav,spk_30_0014,North,30
train,3921,train,30_0023.wav,spk_30_0015,North,30
train,3922,train,30_0024.wav,spk_30_0015,North,30
train,3923,train,30_0025.wav,spk_30_0016,North,30
train,3924,train,30_0026.wav,spk_30_0017,North,30
train,3925,train,30_0027.wav,spk_30_0018,North,30
train,3926,train,30_0028.wav,spk_30_0019,North,30
train,3927,train,30_0029.wav,spk_30_0019,North,30
train,3928,train,30_0030.wav,spk_30_0019,North,30
train,3929,train,30_0031.wav,spk_30_0020,North,30
train,3930,train,30_0032.wav,spk_30_0021,North,30
train,3931,train,30_0033.wav,spk_30_0021,North,30
train,3932,train,30_0034.wav,spk_30_0022,North,30
train,3933,train,30_0035.wav,spk_30_0022,North,30
train,3934,train,30_0036.wav,spk_30_0023,North,30
train,3935,train,30_0037.wav,spk_30_0024,North,30
train,3936,train,30_0038.wav,spk_30_0025,North,30
train,3937,train,30_0039.wav,spk_30_0026,North,30
train,3938,train,30_0040.wav,spk_30_0026,North,30
train,3939,train,30_0041.wav,spk_30_0027,North,30
train,3940,train,30_0042.wav,spk_30_0028,North,30
train,3941,train,30_0043.wav,spk_30_0029,North,30
train,3942,train,30_0044.wav,spk_30_0029,North,30
train,3943,train,30_0045.wav,spk_30_0030,North,30
train,3944,train,30_0046.wav,spk_30_0030,North,30
train,3945,train,30_0047.wav,spk_30_0030,North,30
train,3946,train,30_0048.wav,spk_30_0030,North,30
train,3947,train,30_0049.wav,spk_30_0030,North,30
train,3948,train,30_0050.wav,spk_30_0030,North,30
train,3949,train,30_0051.wav,spk_30_0031,North,30
train,3950,train,30_0052.wav,spk_30_0031,North,30
train,3951,train,30_0053.wav,spk_30_0031,North,30
train,3952,train,30_0054.wav,spk_30_0032,North,30
train,3953,train,30_0055.wav,spk_30_0032,North,30
train,3954,train,30_0056.wav,spk_30_0033,North,30
train,3955,train,30_0057.wav,spk_30_0034,North,30
train,3956,train,30_0058.wav,spk_30_0034,North,30
train,3957,train,30_0059.wav,spk_30_0035,North,30
train,3958,train,30_0060.wav,spk_30_0036,North,30
train,3959,train,30_0061.wav,spk_30_0037,North,30
train,3960,train,30_0062.wav,spk_30_0038,North,30
train,3961,train,30_0063.wav,spk_30_0038,North,30
train,3962,train,30_0064.wav,spk_30_0038,North,30
train,3963,train,30_0065.wav,spk_30_0039,North,30
train,3964,train,30_0066.wav,spk_30_0040,North,30
train,3965,train,30_0067.wav,spk_30_0041,North,30
train,3966,train,30_0068.wav,spk_30_0041,North,30
train,3967,train,30_0069.wav,spk_30_0041,North,30
train,3968,train,30_0070.wav,spk_30_0042,North,30
train,3969,train,30_0071.wav,spk_30_0042,North,30
train,3970,train,30_0072.wav,spk_30_0043,North,30
train,3971,train,30_0073.wav,spk_30_0044,North,30
train,3972,train,30_0074.wav,spk_30_0044,North,30
train,3973,train,30_0075.wav,spk_30_0045,North,30
train,3974,train,30_0076.wav,spk_30_0046,North,30
train,3975,train,30_0077.wav,spk_30_0047,North,30
train,3976,train,30_0078.wav,spk_30_0048,North,30
train,3977,train,30_0079.wav,spk_30_0049,North,30
train,3978,train,30_0080.wav,spk_30_0050,North,30
train,3979,train,30_0081.wav,spk_30_0051,North,30
train,3980,train,30_0082.wav,spk_30_0052,North,30
train,3981,train,30_0083.wav,spk_30_0053,North,30
train,3982,train,30_0084.wav,spk_30_0054,North,30
train,3983,train,30_0085.wav,spk_30_0055,North,30
train,3984,train,30_0086.wav,spk_30_0056,North,30
train,3985,train,30_0087.wav,spk_30_0057,North,30
train,3986,train,30_0088.wav,spk_30_0058,North,30
train,3987,train,30_0089.wav,spk_30_0059,North,30
train,3988,train,30_0090.wav,spk_30_0060,North,30
train,3989,train,30_0091.wav,spk_30_0060,North,30
train,3990,train,30_0092.wav,spk_30_0061,North,30
train,3991,train,30_0093.wav,spk_30_0061,North,30
train,3992,train,30_0094.wav,spk_30_0061,North,30
train,3993,train,30_0095.wav,spk_30_0061,North,30
train,3994,train,30_0096.wav,spk_30_0061,North,30
train,3995,train,30_0097.wav,spk_30_0062,North,30
train,3996,train,30_0098.wav,spk_30_0062,North,30
train,3997,train,30_0099.wav,spk_30_0063,North,30
train,3998,train,30_0100.wav,spk_30_0064,North,30
train,3999,train,30_0101.wav,spk_30_0065,North,30
train,4000,train,30_0102.wav,spk_30_0066,North,30
train,4001,train,30_0103.wav,spk_30_0066,North,30
train,4002,train,30_0104.wav,spk_30_0066,North,30
train,4003,train,30_0105.wav,spk_30_0067,North,30
train,4004,train,30_0106.wav,spk_30_0068,North,30
train,4005,train,30_0107.wav,spk_30_0068,North,30
train,4006,train,30_0108.wav,spk_30_0069,North,30
train,4007,train,30_0109.wav,spk_30_0069,North,30
train,4008,train,30_0110.wav,spk_30_0069,North,30
train,4009,train,30_0111.wav,spk_30_0070,North,30
train,4010,train,30_0112.wav,spk_30_0071,North,30
train,4011,train,30_0113.wav,spk_30_0072,North,30
train,4012,train,30_0114.wav,spk_30_0073,North,30
train,4013,train,30_0115.wav,spk_30_0073,North,30
train,4014,train,30_0116.wav,spk_30_0073,North,30
train,4015,train,30_0117.wav,spk_30_0073,North,30
train,4016,train,30_0118.wav,spk_30_0074,North,30
train,4017,train,30_0119.wav,spk_30_0074,North,30
train,4018,train,30_0120.wav,spk_30_0074,North,30
train,4019,train,30_0121.wav,spk_30_0074,North,30
train,4020,train,30_0122.wav,spk_30_0074,North,30
train,4021,train,30_0123.wav,spk_30_0075,North,30
train,4022,train,30_0124.wav,spk_30_0075,North,30
train,4023,train,30_0125.wav,spk_30_0076,North,30
train,4024,train,30_0126.wav,spk_30_0076,North,30
train,4025,train,30_0127.wav,spk_30_0077,North,30
train,4026,train,30_0128.wav,spk_30_0078,North,30
train,4027,train,30_0129.wav,spk_30_0079,North,30
train,4028,train,30_0130.wav,spk_30_0080,North,30
train,4029,train,30_0131.wav,spk_30_0081,North,30
train,4030,train,30_0132.wav,spk_30_0082,North,30
train,4031,train,30_0133.wav,spk_30_0083,North,30
train,4032,train,30_0134.wav,spk_30_0084,North,30
train,4033,train,30_0135.wav,spk_30_0085,North,30
train,4034,train,30_0136.wav,spk_30_0086,North,30
train,4035,train,30_0137.wav,spk_30_0087,North,30
train,4036,train,30_0138.wav,spk_30_0087,North,30
train,4037,train,30_0139.wav,spk_30_0087,North,30
train,4038,train,30_0140.wav,spk_30_0088,North,30
train,4039,train,30_0141.wav,spk_30_0088,North,30
train,4040,train,30_0142.wav,spk_30_0089,North,30
train,4041,train,30_0143.wav,spk_30_0089,North,30
train,4042,train,30_0144.wav,spk_30_0089,North,30
train,4043,train,30_0145.wav,spk_30_0090,North,30
train,4044,train,30_0146.wav,spk_30_0091,North,30
train,4045,train,30_0147.wav,spk_30_0091,North,30
train,4046,train,30_0148.wav,spk_30_0091,North,30
train,4047,train,30_0149.wav,spk_30_0091,North,30
train,4048,train,30_0150.wav,spk_30_0092,North,30
train,4049,train,30_0151.wav,spk_30_0092,North,30
train,4050,train,30_0152.wav,spk_30_0093,North,30
train,4051,train,30_0153.wav,spk_30_0094,North,30
train,4052,train,30_0154.wav,spk_30_0094,North,30
train,4053,train,30_0155.wav,spk_30_0095,North,30
train,4054,train,30_0156.wav,spk_30_0095,North,30
train,4055,train,30_0157.wav,spk_30_0095,North,30
train,4056,train,30_0158.wav,spk_30_0096,North,30
train,4057,train,30_0159.wav,spk_30_0096,North,30
train,4058,train,30_0160.wav,spk_30_0097,North,30
train,4059,train,30_0161.wav,spk_30_0098,North,30
train,4060,train,30_0162.wav,spk_30_0098,North,30
train,4061,train,30_0163.wav,spk_30_0098,North,30
train,4062,train,30_0164.wav,spk_30_0099,North,30
train,4063,train,30_0165.wav,spk_30_0100,North,30
train,4064,train,30_0166.wav,spk_30_0101,North,30
train,4065,train,30_0167.wav,spk_30_0102,North,30
train,4066,train,30_0168.wav,spk_30_0102,North,30
train,4067,train,30_0169.wav,spk_30_0103,North,30
train,4068,train,30_0170.wav,spk_30_0103,North,30
train,4069,train,30_0171.wav,spk_30_0103,North,30
train,4070,train,30_0172.wav,spk_30_0103,North,30
train,4071,train,30_0173.wav,spk_30_0104,North,30
train,4072,train,30_0174.wav,spk_30_0104,North,30
train,4073,train,30_0175.wav,spk_30_0105,North,30
train,4074,train,30_0176.wav,spk_30_0106,North,30
train,4075,train,30_0177.wav,spk_30_0107,North,30
train,4076,train,30_0178.wav,spk_30_0108,North,30
train,4077,train,30_0179.wav,spk_30_0108,North,30
train,4078,train,30_0180.wav,spk_30_0108,North,30
train,4079,train,30_0181.wav,spk_30_0108,North,30
train,4080,train,30_0182.wav,spk_30_0109,North,30
train,4081,train,30_0183.wav,spk_30_0109,North,30
train,4082,train,30_0184.wav,spk_30_0109,North,30
train,4083,train,30_0185.wav,spk_30_0109,North,30
train,4084,train,30_0186.wav,spk_30_0109,North,30
train,4085,train,30_0187.wav,spk_30_0110,North,30
train,4086,train,30_0188.wav,spk_30_0111,North,30
train,4087,train,30_0189.wav,spk_30_0112,North,30
train,4088,train,30_0190.wav,spk_30_0113,North,30
train,4089,train,30_0191.wav,spk_30_0114,North,30
train,4090,train,30_0192.wav,spk_30_0115,North,30
train,4091,train,30_0193.wav,spk_30_0115,North,30
train,4092,train,30_0194.wav,spk_30_0116,North,30
train,4093,train,30_0195.wav,spk_30_0117,North,30
train,4094,train,30_0196.wav,spk_30_0117,North,30
train,4095,train,30_0197.wav,spk_30_0118,North,30
train,4096,train,30_0198.wav,spk_30_0118,North,30
train,4097,train,30_0199.wav,spk_30_0118,North,30
train,4098,train,30_0200.wav,spk_30_0119,North,30
train,4099,train,30_0201.wav,spk_30_0119,North,30
train,4100,train,30_0202.wav,spk_30_0120,North,30
train,4101,train,30_0203.wav,spk_30_0120,North,30
train,4102,train,30_0204.wav,spk_30_0121,North,30
train,4103,train,30_0205.wav,spk_30_0122,North,30
train,4104,train,30_0206.wav,spk_30_0123,North,30
train,4105,train,30_0207.wav,spk_30_0124,North,30
train,4106,train,30_0208.wav,spk_30_0125,North,30
train,4107,train,30_0209.wav,spk_30_0126,North,30
train,4108,train,30_0210.wav,spk_30_0127,North,30
train,4109,train,30_0211.wav,spk_30_0128,North,30
train,4110,train,30_0212.wav,spk_30_0129,North,30
train,4111,train,30_0213.wav,spk_30_0130,North,30
train,4112,train,30_0214.wav,spk_30_0131,North,30
train,4113,train,30_0215.wav,spk_30_0131,North,30
train,4114,train,30_0216.wav,spk_30_0132,North,30
train,4115,train,30_0217.wav,spk_30_0133,North,30
train,4116,train,30_0218.wav,spk_30_0134,North,30
train,4117,train,30_0219.wav,spk_30_0134,North,30
train,4118,train,30_0220.wav,spk_30_0135,North,30
train,4119,train,30_0221.wav,spk_30_0136,North,30
train,4120,train,30_0222.wav,spk_30_0137,North,30
train,4121,train,30_0223.wav,spk_30_0138,North,30
train,4122,train,30_0224.wav,spk_30_0139,North,30
train,4123,train,30_0225.wav,spk_30_0139,North,30
train,4124,train,30_0226.wav,spk_30_0140,North,30
train,4125,train,30_0227.wav,spk_30_0140,North,30
train,4126,train,30_0228.wav,spk_30_0141,North,30
train,4127,train,30_0231.wav,spk_30_0144,North,30
train,4128,train,30_0232.wav,spk_30_0144,North,30
train,4129,train,30_0233.wav,spk_30_0144,North,30
train,4130,train,30_0234.wav,spk_30_0145,North,30
train,4131,train,30_0235.wav,spk_30_0145,North,30
train,4132,train,30_0240.wav,spk_30_0148,North,30
train,4133,train,30_0241.wav,spk_30_0148,North,30
train,4134,train,30_0242.wav,spk_30_0149,North,30
train,4135,train,30_0243.wav,spk_30_0149,North,30
train,4136,train,30_0244.wav,spk_30_0149,North,30
train,4137,train,30_0248.wav,spk_30_0151,North,30
train,4138,train,30_0249.wav,spk_30_0151,North,30
train,4139,train,30_0250.wav,spk_30_0152,North,30
train,4140,train,30_0251.wav,spk_30_0153,North,30
train,4141,train,30_0252.wav,spk_30_0154,North,30
train,4142,train,30_0253.wav,spk_30_0154,North,30
train,4143,train,30_0254.wav,spk_30_0154,North,30
train,4144,train,30_0255.wav,spk_30_0155,North,30
train,4145,train,30_0256.wav,spk_30_0155,North,30
train,4146,train,30_0257.wav,spk_30_0156,North,30
train,4147,train,34_0001.wav,spk_34_0001,North,34
train,4148,train,34_0002.wav,spk_34_0002,North,34
train,4149,train,34_0003.wav,spk_34_0002,North,34
train,4150,train,34_0004.wav,spk_34_0003,North,34
train,4151,train,34_0005.wav,spk_34_0003,North,34
train,4152,train,34_0006.wav,spk_34_0004,North,34
train,4153,train,34_0007.wav,spk_34_0004,North,34
train,4154,train,34_0008.wav,spk_34_0005,North,34
train,4155,train,34_0009.wav,spk_34_0006,North,34
train,4156,train,34_0010.wav,spk_34_0007,North,34
train,4157,train,34_0011.wav,spk_34_0008,North,34
train,4158,train,34_0012.wav,spk_34_0008,North,34
train,4159,train,34_0013.wav,spk_34_0009,North,34
train,4160,train,34_0014.wav,spk_34_0009,North,34
train,4161,train,34_0015.wav,spk_34_0010,North,34
train,4162,train,34_0016.wav,spk_34_0010,North,34
train,4163,train,34_0017.wav,spk_34_0010,North,34
train,4164,train,34_0018.wav,spk_34_0011,North,34
train,4165,train,34_0019.wav,spk_34_0012,North,34
train,4166,train,34_0020.wav,spk_34_0013,North,34
train,4167,train,34_0021.wav,spk_34_0014,North,34
train,4168,train,34_0022.wav,spk_34_0014,North,34
train,4169,train,34_0023.wav,spk_34_0015,North,34
train,4170,train,34_0024.wav,spk_34_0016,North,34
train,4171,train,34_0025.wav,spk_34_0017,North,34
train,4172,train,34_0026.wav,spk_34_0018,North,34
train,4173,train,34_0027.wav,spk_34_0019,North,34
train,4174,train,34_0028.wav,spk_34_0019,North,34
train,4175,train,34_0029.wav,spk_34_0020,North,34
train,4176,train,34_0030.wav,spk_34_0020,North,34
train,4177,train,34_0031.wav,spk_34_0020,North,34
train,4178,train,34_0032.wav,spk_34_0021,North,34
train,4179,train,34_0033.wav,spk_34_0021,North,34
train,4180,train,34_0034.wav,spk_34_0021,North,34
train,4181,train,34_0035.wav,spk_34_0022,North,34
train,4182,train,34_0036.wav,spk_34_0022,North,34
train,4183,train,34_0037.wav,spk_34_0022,North,34
train,4184,train,34_0038.wav,spk_34_0023,North,34
train,4185,train,34_0039.wav,spk_34_0023,North,34
train,4186,train,34_0040.wav,spk_34_0023,North,34
train,4187,train,34_0041.wav,spk_34_0023,North,34
train,4188,train,34_0042.wav,spk_34_0024,North,34
train,4189,train,34_0043.wav,spk_34_0025,North,34
train,4190,train,34_0044.wav,spk_34_0025,North,34
train,4191,train,34_0045.wav,spk_34_0026,North,34
train,4192,train,34_0046.wav,spk_34_0026,North,34
train,4193,train,34_0047.wav,spk_34_0027,North,34
train,4194,train,34_0048.wav,spk_34_0028,North,34
train,4195,train,34_0049.wav,spk_34_0028,North,34
train,4196,train,34_0050.wav,spk_34_0028,North,34
train,4197,train,34_0051.wav,spk_34_0029,North,34
train,4198,train,34_0052.wav,spk_34_0030,North,34
train,4199,train,34_0053.wav,spk_34_0030,North,34
train,4200,train,34_0054.wav,spk_34_0031,North,34
train,4201,train,34_0055.wav,spk_34_0031,North,34
train,4202,train,34_0056.wav,spk_34_0032,North,34
train,4203,train,34_0057.wav,spk_34_0032,North,34
train,4204,train,34_0058.wav,spk_34_0033,North,34
train,4205,train,34_0059.wav,spk_34_0034,North,34
train,4206,train,34_0060.wav,spk_34_0035,North,34
train,4207,train,34_0061.wav,spk_34_0035,North,34
train,4208,train,34_0062.wav,spk_34_0035,North,34
train,4209,train,34_0063.wav,spk_34_0036,North,34
train,4210,train,34_0064.wav,spk_34_0036,North,34
train,4211,train,34_0065.wav,spk_34_0037,North,34
train,4212,train,34_0066.wav,spk_34_0038,North,34
train,4213,train,34_0067.wav,spk_34_0039,North,34
train,4214,train,34_0068.wav,spk_34_0039,North,34
train,4215,train,34_0069.wav,spk_34_0040,North,34
train,4216,train,34_0070.wav,spk_34_0040,North,34
train,4217,train,34_0071.wav,spk_34_0041,North,34
train,4218,train,34_0072.wav,spk_34_0042,North,34
train,4219,train,34_0073.wav,spk_34_0043,North,34
train,4220,train,34_0074.wav,spk_34_0043,North,34
train,4221,train,34_0075.wav,spk_34_0044,North,34
train,4222,train,34_0076.wav,spk_34_0044,North,34
train,4223,train,34_0077.wav,spk_34_0045,North,34
train,4224,train,34_0078.wav,spk_34_0045,North,34
train,4225,train,34_0079.wav,spk_34_0046,North,34
train,4226,train,34_0080.wav,spk_34_0047,North,34
train,4227,train,34_0081.wav,spk_34_0048,North,34
train,4228,train,34_0082.wav,spk_34_0049,North,34
train,4229,train,34_0083.wav,spk_34_0050,North,34
train,4230,train,34_0084.wav,spk_34_0051,North,34
train,4231,train,34_0085.wav,spk_34_0052,North,34
train,4232,train,34_0086.wav,spk_34_0053,North,34
train,4233,train,34_0087.wav,spk_34_0054,North,34
train,4234,train,34_0088.wav,spk_34_0054,North,34
train,4235,train,34_0089.wav,spk_34_0055,North,34
train,4236,train,34_0090.wav,spk_34_0056,North,34
train,4237,train,34_0091.wav,spk_34_0057,North,34
train,4238,train,34_0092.wav,spk_34_0057,North,34
train,4239,train,34_0093.wav,spk_34_0058,North,34
train,4240,train,34_0094.wav,spk_34_0058,North,34
train,4241,train,34_0095.wav,spk_34_0059,North,34
train,4242,train,34_0096.wav,spk_34_0060,North,34
train,4243,train,34_0097.wav,spk_34_0061,North,34
train,4244,train,34_0098.wav,spk_34_0061,North,34
train,4245,train,34_0099.wav,spk_34_0062,North,34
train,4246,train,34_0100.wav,spk_34_0062,North,34
train,4247,train,34_0101.wav,spk_34_0063,North,34
train,4248,train,34_0102.wav,spk_34_0064,North,34
train,4249,train,34_0103.wav,spk_34_0064,North,34
train,4250,train,34_0104.wav,spk_34_0065,North,34
train,4251,train,34_0105.wav,spk_34_0065,North,34
train,4252,train,34_0106.wav,spk_34_0066,North,34
train,4253,train,34_0107.wav,spk_34_0067,North,34
train,4254,train,34_0108.wav,spk_34_0068,North,34
train,4255,train,34_0109.wav,spk_34_0069,North,34
train,4256,train,34_0110.wav,spk_34_0070,North,34
train,4257,train,34_0111.wav,spk_34_0070,North,34
train,4258,train,34_0112.wav,spk_34_0070,North,34
train,4259,train,34_0113.wav,spk_34_0070,North,34
train,4260,train,34_0114.wav,spk_34_0070,North,34
train,4261,train,34_0115.wav,spk_34_0071,North,34
train,4262,train,34_0116.wav,spk_34_0071,North,34
train,4263,train,34_0117.wav,spk_34_0072,North,34
train,4264,train,34_0118.wav,spk_34_0073,North,34
train,4265,train,34_0119.wav,spk_34_0073,North,34
train,4266,train,34_0120.wav,spk_34_0074,North,34
train,4267,train,34_0121.wav,spk_34_0075,North,34
train,4268,train,34_0122.wav,spk_34_0075,North,34
train,4269,train,34_0123.wav,spk_34_0076,North,34
train,4270,train,34_0124.wav,spk_34_0077,North,34
train,4271,train,34_0125.wav,spk_34_0078,North,34
train,4272,train,34_0126.wav,spk_34_0078,North,34
train,4273,train,34_0127.wav,spk_34_0079,North,34
train,4274,train,34_0128.wav,spk_34_0079,North,34
train,4275,train,34_0129.wav,spk_34_0080,North,34
train,4276,train,34_0130.wav,spk_34_0081,North,34
train,4277,train,34_0131.wav,spk_34_0082,North,34
train,4278,train,34_0132.wav,spk_34_0083,North,34
train,4279,train,34_0133.wav,spk_34_0083,North,34
train,4280,train,34_0134.wav,spk_34_0084,North,34
train,4281,train,34_0135.wav,spk_34_0085,North,34
train,4282,train,34_0136.wav,spk_34_0086,North,34
train,4283,train,34_0137.wav,spk_34_0087,North,34
train,4284,train,34_0138.wav,spk_34_0088,North,34
train,4285,train,34_0139.wav,spk_34_0089,North,34
train,4286,train,34_0140.wav,spk_34_0089,North,34
train,4287,train,34_0141.wav,spk_34_0090,North,34
train,4288,train,34_0142.wav,spk_34_0091,North,34
train,4289,train,34_0143.wav,spk_34_0091,North,34
train,4290,train,34_0144.wav,spk_34_0091,North,34
train,4291,train,34_0145.wav,spk_34_0092,North,34
train,4292,train,34_0146.wav,spk_34_0093,North,34
train,4293,train,34_0147.wav,spk_34_0094,North,34
train,4294,train,34_0148.wav,spk_34_0095,North,34
train,4295,train,34_0149.wav,spk_34_0095,North,34
train,4296,train,34_0150.wav,spk_34_0096,North,34
train,4297,train,34_0151.wav,spk_34_0097,North,34
train,4298,train,34_0152.wav,spk_34_0097,North,34
train,4299,train,34_0153.wav,spk_34_0098,North,34
train,4300,train,34_0154.wav,spk_34_0098,North,34
train,4301,train,34_0155.wav,spk_34_0099,North,34
train,4302,train,34_0156.wav,spk_34_0099,North,34
train,4303,train,34_0157.wav,spk_34_0100,North,34
train,4304,train,34_0158.wav,spk_34_0101,North,34
train,4305,train,34_0159.wav,spk_34_0101,North,34
train,4306,train,34_0160.wav,spk_34_0102,North,34
train,4307,train,34_0161.wav,spk_34_0103,North,34
train,4308,train,34_0162.wav,spk_34_0104,North,34
train,4309,train,34_0163.wav,spk_34_0105,North,34
train,4310,train,34_0164.wav,spk_34_0106,North,34
train,4311,train,34_0165.wav,spk_34_0106,North,34
train,4312,train,34_0166.wav,spk_34_0107,North,34
train,4313,train,34_0167.wav,spk_34_0108,North,34
train,4314,train,34_0168.wav,spk_34_0109,North,34
train,4315,train,34_0169.wav,spk_34_0109,North,34
train,4316,train,34_0170.wav,spk_34_0110,North,34
train,4317,train,34_0171.wav,spk_34_0111,North,34
train,4318,train,34_0172.wav,spk_34_0112,North,34
train,4319,train,34_0173.wav,spk_34_0112,North,34
train,4320,train,34_0174.wav,spk_34_0113,North,34
train,4321,train,34_0175.wav,spk_34_0114,North,34
train,4322,train,34_0176.wav,spk_34_0115,North,34
train,4323,train,34_0177.wav,spk_34_0115,North,34
train,4324,train,34_0178.wav,spk_34_0116,North,34
train,4325,train,34_0179.wav,spk_34_0117,North,34
train,4326,train,34_0180.wav,spk_34_0118,North,34
train,4327,train,34_0181.wav,spk_34_0119,North,34
train,4328,train,34_0182.wav,spk_34_0120,North,34
train,4329,train,34_0183.wav,spk_34_0121,North,34
train,4330,train,34_0184.wav,spk_34_0122,North,34
train,4331,train,34_0185.wav,spk_34_0122,North,34
train,4332,train,34_0186.wav,spk_34_0123,North,34
train,4333,train,34_0187.wav,spk_34_0124,North,34
train,4334,train,34_0188.wav,spk_34_0125,North,34
train,4335,train,34_0189.wav,spk_34_0125,North,34
train,4336,train,34_0190.wav,spk_34_0126,North,34
train,4337,train,34_0191.wav,spk_34_0127,North,34
train,4338,train,34_0192.wav,spk_34_0127,North,34
train,4339,train,34_0193.wav,spk_34_0128,North,34
train,4340,train,34_0194.wav,spk_34_0129,North,34
train,4341,train,34_0195.wav,spk_34_0129,North,34
train,4342,train,34_0196.wav,spk_34_0130,North,34
train,4343,train,34_0197.wav,spk_34_0130,North,34
train,4344,train,34_0198.wav,spk_34_0131,North,34
train,4345,train,34_0199.wav,spk_34_0131,North,34
train,4346,train,34_0200.wav,spk_34_0131,North,34
train,4347,train,34_0201.wav,spk_34_0132,North,34
train,4348,train,34_0202.wav,spk_34_0133,North,34
train,4349,train,34_0203.wav,spk_34_0134,North,34
train,4350,train,34_0204.wav,spk_34_0135,North,34
train,4351,train,34_0205.wav,spk_34_0136,North,34
train,4352,train,34_0206.wav,spk_34_0136,North,34
train,4353,train,34_0207.wav,spk_34_0137,North,34
train,4354,train,34_0208.wav,spk_34_0137,North,34
train,4355,train,34_0209.wav,spk_34_0138,North,34
train,4356,train,34_0210.wav,spk_34_0139,North,34
train,4357,train,34_0211.wav,spk_34_0140,North,34
train,4358,train,34_0212.wav,spk_34_0141,North,34
train,4359,train,34_0213.wav,spk_34_0142,North,34
train,4360,train,34_0214.wav,spk_34_0143,North,34
train,4361,train,34_0215.wav,spk_34_0144,North,34
train,4362,train,34_0216.wav,spk_34_0144,North,34
train,4363,train,34_0217.wav,spk_34_0145,North,34
train,4364,train,34_0218.wav,spk_34_0146,North,34
train,4365,train,34_0219.wav,spk_34_0147,North,34
train,4366,train,34_0220.wav,spk_34_0147,North,34
train,4367,train,34_0221.wav,spk_34_0148,North,34
train,4368,train,34_0222.wav,spk_34_0148,North,34
train,4369,train,34_0223.wav,spk_34_0149,North,34
train,4370,train,34_0224.wav,spk_34_0149,North,34
train,4371,train,34_0225.wav,spk_34_0150,North,34
train,4372,train,34_0226.wav,spk_34_0151,North,34
train,4373,train,34_0227.wav,spk_34_0151,North,34
train,4374,train,34_0228.wav,spk_34_0151,North,34
train,4375,train,34_0229.wav,spk_34_0152,North,34
train,4376,train,34_0231.wav,spk_34_0154,North,34
train,4377,train,34_0232.wav,spk_34_0154,North,34
train,4378,train,35_0001.wav,spk_35_0001,North,35
train,4379,train,35_0002.wav,spk_35_0002,North,35
train,4380,train,35_0003.wav,spk_35_0003,North,35
train,4381,train,35_0004.wav,spk_35_0004,North,35
train,4382,train,35_0005.wav,spk_35_0004,North,35
train,4383,train,35_0006.wav,spk_35_0005,North,35
train,4384,train,35_0007.wav,spk_35_0006,North,35
train,4385,train,35_0008.wav,spk_35_0007,North,35
train,4386,train,35_0009.wav,spk_35_0008,North,35
train,4387,train,35_0010.wav,spk_35_0009,North,35
train,4388,train,35_0011.wav,spk_35_0010,North,35
train,4389,train,35_0012.wav,spk_35_0011,North,35
train,4390,train,35_0013.wav,spk_35_0012,North,35
train,4391,train,35_0014.wav,spk_35_0012,North,35
train,4392,train,35_0015.wav,spk_35_0013,North,35
train,4393,train,35_0016.wav,spk_35_0014,North,35
train,4394,train,35_0017.wav,spk_35_0014,North,35
train,4395,train,35_0018.wav,spk_35_0015,North,35
train,4396,train,35_0019.wav,spk_35_0016,North,35
train,4397,train,35_0020.wav,spk_35_0017,North,35
train,4398,train,35_0021.wav,spk_35_0018,North,35
train,4399,train,35_0022.wav,spk_35_0019,North,35
train,4400,train,35_0023.wav,spk_35_0020,North,35
train,4401,train,35_0024.wav,spk_35_0021,North,35
train,4402,train,35_0025.wav,spk_35_0022,North,35
train,4403,train,35_0026.wav,spk_35_0023,North,35
train,4404,train,35_0027.wav,spk_35_0024,North,35
train,4405,train,35_0028.wav,spk_35_0025,North,35
train,4406,train,35_0029.wav,spk_35_0026,North,35
train,4407,train,35_0030.wav,spk_35_0027,North,35
train,4408,train,35_0031.wav,spk_35_0028,North,35
train,4409,train,35_0032.wav,spk_35_0029,North,35
train,4410,train,35_0033.wav,spk_35_0029,North,35
train,4411,train,35_0034.wav,spk_35_0030,North,35
train,4412,train,35_0035.wav,spk_35_0031,North,35
train,4413,train,35_0036.wav,spk_35_0032,North,35
train,4414,train,35_0037.wav,spk_35_0033,North,35
train,4415,train,35_0038.wav,spk_35_0034,North,35
train,4416,train,35_0039.wav,spk_35_0035,North,35
train,4417,train,35_0040.wav,spk_35_0036,North,35
train,4418,train,35_0041.wav,spk_35_0037,North,35
train,4419,train,35_0042.wav,spk_35_0038,North,35
train,4420,train,35_0043.wav,spk_35_0039,North,35
train,4421,train,35_0044.wav,spk_35_0040,North,35
train,4422,train,35_0045.wav,spk_35_0041,North,35
train,4423,train,35_0046.wav,spk_35_0042,North,35
train,4424,train,35_0047.wav,spk_35_0042,North,35
train,4425,train,35_0048.wav,spk_35_0042,North,35
train,4426,train,35_0049.wav,spk_35_0043,North,35
train,4427,train,35_0050.wav,spk_35_0044,North,35
train,4428,train,35_0051.wav,spk_35_0045,North,35
train,4429,train,35_0052.wav,spk_35_0046,North,35
train,4430,train,35_0053.wav,spk_35_0047,North,35
train,4431,train,35_0054.wav,spk_35_0048,North,35
train,4432,train,35_0055.wav,spk_35_0049,North,35
train,4433,train,35_0056.wav,spk_35_0049,North,35
train,4434,train,35_0057.wav,spk_35_0050,North,35
train,4435,train,35_0058.wav,spk_35_0051,North,35
train,4436,train,35_0059.wav,spk_35_0052,North,35
train,4437,train,35_0060.wav,spk_35_0053,North,35
train,4438,train,35_0061.wav,spk_35_0054,North,35
train,4439,train,35_0062.wav,spk_35_0054,North,35
train,4440,train,35_0063.wav,spk_35_0055,North,35
train,4441,train,35_0064.wav,spk_35_0056,North,35
train,4442,train,35_0065.wav,spk_35_0057,North,35
train,4443,train,35_0066.wav,spk_35_0058,North,35
train,4444,train,35_0067.wav,spk_35_0059,North,35
train,4445,train,35_0068.wav,spk_35_0060,North,35
train,4446,train,35_0069.wav,spk_35_0061,North,35
train,4447,train,35_0070.wav,spk_35_0062,North,35
train,4448,train,35_0071.wav,spk_35_0063,North,35
train,4449,train,35_0072.wav,spk_35_0064,North,35
train,4450,train,35_0073.wav,spk_35_0065,North,35
train,4451,train,35_0074.wav,spk_35_0066,North,35
train,4452,train,35_0075.wav,spk_35_0067,North,35
train,4453,train,35_0076.wav,spk_35_0068,North,35
train,4454,train,35_0077.wav,spk_35_0069,North,35
train,4455,train,35_0078.wav,spk_35_0070,North,35
train,4456,train,35_0079.wav,spk_35_0071,North,35
train,4457,train,35_0080.wav,spk_35_0071,North,35
train,4458,train,35_0081.wav,spk_35_0072,North,35
train,4459,train,35_0082.wav,spk_35_0073,North,35
train,4460,train,35_0083.wav,spk_35_0074,North,35
train,4461,train,35_0084.wav,spk_35_0075,North,35
train,4462,train,35_0085.wav,spk_35_0076,North,35
train,4463,train,35_0086.wav,spk_35_0077,North,35
train,4464,train,35_0087.wav,spk_35_0078,North,35
train,4465,train,35_0088.wav,spk_35_0079,North,35
train,4466,train,35_0089.wav,spk_35_0080,North,35
train,4467,train,35_0090.wav,spk_35_0081,North,35
train,4468,train,35_0091.wav,spk_35_0082,North,35
train,4469,train,35_0092.wav,spk_35_0083,North,35
train,4470,train,35_0093.wav,spk_35_0084,North,35
train,4471,train,35_0094.wav,spk_35_0085,North,35
train,4472,train,35_0095.wav,spk_35_0086,North,35
train,4473,train,35_0096.wav,spk_35_0087,North,35
train,4474,train,35_0097.wav,spk_35_0088,North,35
train,4475,train,35_0098.wav,spk_35_0089,North,35
train,4476,train,35_0099.wav,spk_35_0090,North,35
train,4477,train,35_0100.wav,spk_35_0091,North,35
train,4478,train,35_0101.wav,spk_35_0092,North,35
train,4479,train,35_0102.wav,spk_35_0093,North,35
train,4480,train,35_0103.wav,spk_35_0094,North,35
train,4481,train,35_0104.wav,spk_35_0095,North,35
train,4482,train,35_0105.wav,spk_35_0096,North,35
train,4483,train,35_0106.wav,spk_35_0097,North,35
train,4484,train,35_0107.wav,spk_35_0098,North,35
train,4485,train,35_0108.wav,spk_35_0099,North,35
train,4486,train,35_0109.wav,spk_35_0100,North,35
train,4487,train,35_0110.wav,spk_35_0101,North,35
train,4488,train,35_0111.wav,spk_35_0102,North,35
train,4489,train,35_0112.wav,spk_35_0103,North,35
train,4490,train,35_0113.wav,spk_35_0104,North,35
train,4491,train,35_0114.wav,spk_35_0105,North,35
train,4492,train,35_0115.wav,spk_35_0106,North,35
train,4493,train,35_0116.wav,spk_35_0107,North,35
train,4494,train,35_0117.wav,spk_35_0108,North,35
train,4495,train,35_0118.wav,spk_35_0109,North,35
train,4496,train,35_0119.wav,spk_35_0110,North,35
train,4497,train,35_0120.wav,spk_35_0110,North,35
train,4498,train,35_0121.wav,spk_35_0111,North,35
train,4499,train,35_0122.wav,spk_35_0112,North,35
train,4500,train,35_0123.wav,spk_35_0113,North,35
train,4501,train,35_0124.wav,spk_35_0114,North,35
train,4502,train,35_0125.wav,spk_35_0115,North,35
train,4503,train,35_0126.wav,spk_35_0116,North,35
train,4504,train,35_0127.wav,spk_35_0117,North,35
train,4505,train,35_0128.wav,spk_35_0118,North,35
train,4506,train,35_0129.wav,spk_35_0118,North,35
train,4507,train,35_0130.wav,spk_35_0119,North,35
train,4508,train,35_0131.wav,spk_35_0120,North,35
train,4509,train,35_0132.wav,spk_35_0121,North,35
train,4510,train,35_0133.wav,spk_35_0122,North,35
train,4511,train,35_0134.wav,spk_35_0123,North,35
train,4512,train,35_0135.wav,spk_35_0124,North,35
train,4513,train,35_0136.wav,spk_35_0125,North,35
train,4514,train,35_0137.wav,spk_35_0126,North,35
train,4515,train,35_0138.wav,spk_35_0127,North,35
train,4516,train,35_0139.wav,spk_35_0128,North,35
train,4517,train,35_0140.wav,spk_35_0129,North,35
train,4518,train,35_0141.wav,spk_35_0130,North,35
train,4519,train,35_0142.wav,spk_35_0131,North,35
train,4520,train,35_0143.wav,spk_35_0132,North,35
train,4521,train,35_0144.wav,spk_35_0133,North,35
train,4522,train,35_0145.wav,spk_35_0134,North,35
train,4523,train,35_0146.wav,spk_35_0135,North,35
train,4524,train,35_0147.wav,spk_35_0136,North,35
train,4525,train,35_0148.wav,spk_35_0137,North,35
train,4526,train,35_0149.wav,spk_35_0138,North,35
train,4527,train,35_0150.wav,spk_35_0139,North,35
train,4528,train,35_0151.wav,spk_35_0140,North,35
train,4529,train,35_0152.wav,spk_35_0141,North,35
train,4530,train,35_0153.wav,spk_35_0142,North,35
train,4531,train,35_0154.wav,spk_35_0143,North,35
train,4532,train,35_0155.wav,spk_35_0144,North,35
train,4533,train,35_0156.wav,spk_35_0145,North,35
train,4534,train,35_0157.wav,spk_35_0146,North,35
train,4535,train,35_0158.wav,spk_35_0147,North,35
train,4536,train,35_0159.wav,spk_35_0148,North,35
train,4537,train,35_0160.wav,spk_35_0149,North,35
train,4538,train,35_0161.wav,spk_35_0150,North,35
train,4539,train,35_0162.wav,spk_35_0151,North,35
train,4540,train,35_0163.wav,spk_35_0151,North,35
train,4541,train,35_0164.wav,spk_35_0152,North,35
train,4542,train,35_0165.wav,spk_35_0153,North,35
train,4543,train,35_0166.wav,spk_35_0154,North,35
train,4544,train,35_0167.wav,spk_35_0155,North,35
train,4545,train,35_0168.wav,spk_35_0156,North,35
train,4546,train,35_0169.wav,spk_35_0157,North,35
train,4547,train,35_0170.wav,spk_35_0158,North,35
train,4548,train,35_0171.wav,spk_35_0159,North,35
train,4549,train,35_0172.wav,spk_35_0160,North,35
train,4550,train,35_0173.wav,spk_35_0161,North,35
train,4551,train,35_0174.wav,spk_35_0162,North,35
train,4552,train,35_0175.wav,spk_35_0163,North,35
train,4553,train,35_0176.wav,spk_35_0164,North,35
train,4554,train,35_0177.wav,spk_35_0165,North,35
train,4555,train,35_0178.wav,spk_35_0166,North,35
train,4556,train,35_0179.wav,spk_35_0167,North,35
train,4557,train,35_0180.wav,spk_35_0168,North,35
train,4558,train,35_0181.wav,spk_35_0169,North,35
train,4559,train,35_0182.wav,spk_35_0170,North,35
train,4560,train,35_0183.wav,spk_35_0170,North,35
train,4561,train,35_0184.wav,spk_35_0171,North,35
train,4562,train,35_0185.wav,spk_35_0172,North,35
train,4563,train,35_0186.wav,spk_35_0173,North,35
train,4564,train,35_0187.wav,spk_35_0174,North,35
train,4565,train,35_0188.wav,spk_35_0175,North,35
train,4566,train,35_0189.wav,spk_35_0176,North,35
train,4567,train,35_0190.wav,spk_35_0177,North,35
train,4568,train,35_0191.wav,spk_35_0178,North,35
train,4569,train,35_0192.wav,spk_35_0179,North,35
train,4570,train,35_0193.wav,spk_35_0180,North,35
train,4571,train,35_0194.wav,spk_35_0181,North,35
train,4572,train,35_0195.wav,spk_35_0182,North,35
train,4573,train,35_0196.wav,spk_35_0183,North,35
train,4574,train,35_0197.wav,spk_35_0184,North,35
train,4575,train,35_0198.wav,spk_35_0185,North,35
train,4576,train,35_0199.wav,spk_35_0186,North,35
train,4577,train,35_0200.wav,spk_35_0187,North,35
train,4578,train,35_0201.wav,spk_35_0188,North,35
train,4579,train,35_0202.wav,spk_35_0189,North,35
train,4580,train,35_0203.wav,spk_35_0190,North,35
train,4581,train,35_0204.wav,spk_35_0191,North,35
train,4582,train,35_0205.wav,spk_35_0192,North,35
train,4583,train,35_0206.wav,spk_35_0192,North,35
train,4584,train,35_0207.wav,spk_35_0193,North,35
train,4585,train,35_0208.wav,spk_35_0194,North,35
train,4586,train,35_0209.wav,spk_35_0195,North,35
train,4587,train,35_0210.wav,spk_35_0196,North,35
train,4588,train,35_0211.wav,spk_35_0197,North,35
train,4589,train,35_0212.wav,spk_35_0198,North,35
train,4590,train,35_0213.wav,spk_35_0199,North,35
train,4591,train,35_0214.wav,spk_35_0200,North,35
train,4592,train,35_0215.wav,spk_35_0201,North,35
train,4593,train,35_0216.wav,spk_35_0202,North,35
train,4594,train,35_0217.wav,spk_35_0203,North,35
train,4595,train,35_0218.wav,spk_35_0204,North,35
train,4596,train,36_0001.wav,spk_36_0001,Central,36
train,4597,train,36_0002.wav,spk_36_0002,Central,36
train,4598,train,36_0003.wav,spk_36_0003,Central,36
train,4599,train,36_0004.wav,spk_36_0004,Central,36
train,4600,train,36_0005.wav,spk_36_0004,Central,36
train,4601,train,36_0006.wav,spk_36_0005,Central,36
train,4602,train,36_0007.wav,spk_36_0005,Central,36
train,4603,train,36_0008.wav,spk_36_0006,Central,36
train,4604,train,36_0009.wav,spk_36_0007,Central,36
train,4605,train,36_0010.wav,spk_36_0008,Central,36
train,4606,train,36_0011.wav,spk_36_0009,Central,36
train,4607,train,36_0012.wav,spk_36_0009,Central,36
train,4608,train,36_0013.wav,spk_36_0010,Central,36
train,4609,train,36_0014.wav,spk_36_0010,Central,36
train,4610,train,36_0015.wav,spk_36_0011,Central,36
train,4611,train,36_0016.wav,spk_36_0011,Central,36
train,4612,train,36_0017.wav,spk_36_0012,Central,36
train,4613,train,36_0018.wav,spk_36_0013,Central,36
train,4614,train,36_0019.wav,spk_36_0013,Central,36
train,4615,train,36_0020.wav,spk_36_0014,Central,36
train,4616,train,36_0021.wav,spk_36_0014,Central,36
train,4617,train,36_0022.wav,spk_36_0015,Central,36
train,4618,train,36_0023.wav,spk_36_0016,Central,36
train,4619,train,36_0024.wav,spk_36_0016,Central,36
train,4620,train,36_0025.wav,spk_36_0017,Central,36
train,4621,train,36_0026.wav,spk_36_0018,Central,36
train,4622,train,36_0027.wav,spk_36_0019,Central,36
train,4623,train,36_0028.wav,spk_36_0019,Central,36
train,4624,train,36_0029.wav,spk_36_0020,Central,36
train,4625,train,36_0030.wav,spk_36_0021,Central,36
train,4626,train,36_0031.wav,spk_36_0021,Central,36
train,4627,train,36_0032.wav,spk_36_0022,Central,36
train,4628,train,36_0033.wav,spk_36_0023,Central,36
train,4629,train,36_0034.wav,spk_36_0023,Central,36
train,4630,train,36_0035.wav,spk_36_0024,Central,36
train,4631,train,36_0036.wav,spk_36_0025,Central,36
train,4632,train,36_0037.wav,spk_36_0026,Central,36
train,4633,train,36_0038.wav,spk_36_0027,Central,36
train,4634,train,36_0039.wav,spk_36_0028,Central,36
train,4635,train,36_0040.wav,spk_36_0029,Central,36
train,4636,train,36_0041.wav,spk_36_0029,Central,36
train,4637,train,36_0042.wav,spk_36_0030,Central,36
train,4638,train,36_0043.wav,spk_36_0031,Central,36
train,4639,train,36_0044.wav,spk_36_0032,Central,36
train,4640,train,36_0045.wav,spk_36_0032,Central,36
train,4641,train,36_0046.wav,spk_36_0033,Central,36
train,4642,train,36_0047.wav,spk_36_0033,Central,36
train,4643,train,36_0048.wav,spk_36_0034,Central,36
train,4644,train,36_0049.wav,spk_36_0035,Central,36
train,4645,train,36_0050.wav,spk_36_0035,Central,36
train,4646,train,36_0051.wav,spk_36_0036,Central,36
train,4647,train,36_0052.wav,spk_36_0036,Central,36
train,4648,train,36_0053.wav,spk_36_0037,Central,36
train,4649,train,36_0054.wav,spk_36_0037,Central,36
train,4650,train,36_0055.wav,spk_36_0038,Central,36
train,4651,train,36_0056.wav,spk_36_0039,Central,36
train,4652,train,36_0057.wav,spk_36_0040,Central,36
train,4653,train,36_0058.wav,spk_36_0040,Central,36
train,4654,train,36_0059.wav,spk_36_0041,Central,36
train,4655,train,36_0060.wav,spk_36_0042,Central,36
train,4656,train,36_0061.wav,spk_36_0043,Central,36
train,4657,train,36_0062.wav,spk_36_0044,Central,36
train,4658,train,36_0063.wav,spk_36_0044,Central,36
train,4659,train,36_0064.wav,spk_36_0045,Central,36
train,4660,train,36_0065.wav,spk_36_0046,Central,36
train,4661,train,36_0066.wav,spk_36_0047,Central,36
train,4662,train,36_0067.wav,spk_36_0048,Central,36
train,4663,train,36_0068.wav,spk_36_0048,Central,36
train,4664,train,36_0069.wav,spk_36_0049,Central,36
train,4665,train,36_0070.wav,spk_36_0050,Central,36
train,4666,train,36_0071.wav,spk_36_0051,Central,36
train,4667,train,36_0072.wav,spk_36_0052,Central,36
train,4668,train,36_0073.wav,spk_36_0053,Central,36
train,4669,train,36_0074.wav,spk_36_0053,Central,36
train,4670,train,36_0075.wav,spk_36_0054,Central,36
train,4671,train,36_0076.wav,spk_36_0054,Central,36
train,4672,train,36_0077.wav,spk_36_0054,Central,36
train,4673,train,36_0078.wav,spk_36_0055,Central,36
train,4674,train,36_0079.wav,spk_36_0055,Central,36
train,4675,train,36_0080.wav,spk_36_0056,Central,36
train,4676,train,36_0081.wav,spk_36_0057,Central,36
train,4677,train,36_0082.wav,spk_36_0057,Central,36
train,4678,train,36_0083.wav,spk_36_0057,Central,36
train,4679,train,36_0084.wav,spk_36_0058,Central,36
train,4680,train,36_0085.wav,spk_36_0059,Central,36
train,4681,train,36_0086.wav,spk_36_0059,Central,36
train,4682,train,36_0087.wav,spk_36_0060,Central,36
train,4683,train,36_0088.wav,spk_36_0061,Central,36
train,4684,train,36_0089.wav,spk_36_0062,Central,36
train,4685,train,36_0090.wav,spk_36_0062,Central,36
train,4686,train,36_0091.wav,spk_36_0063,Central,36
train,4687,train,36_0092.wav,spk_36_0064,Central,36
train,4688,train,36_0093.wav,spk_36_0065,Central,36
train,4689,train,36_0094.wav,spk_36_0065,Central,36
train,4690,train,36_0095.wav,spk_36_0066,Central,36
train,4691,train,36_0096.wav,spk_36_0067,Central,36
train,4692,train,36_0097.wav,spk_36_0068,Central,36
train,4693,train,36_0098.wav,spk_36_0068,Central,36
train,4694,train,36_0099.wav,spk_36_0069,Central,36
train,4695,train,36_0100.wav,spk_36_0069,Central,36
train,4696,train,36_0101.wav,spk_36_0070,Central,36
train,4697,train,36_0102.wav,spk_36_0070,Central,36
train,4698,train,36_0103.wav,spk_36_0071,Central,36
train,4699,train,36_0104.wav,spk_36_0071,Central,36
train,4700,train,36_0105.wav,spk_36_0072,Central,36
train,4701,train,36_0106.wav,spk_36_0072,Central,36
train,4702,train,36_0107.wav,spk_36_0073,Central,36
train,4703,train,36_0108.wav,spk_36_0074,Central,36
train,4704,train,36_0109.wav,spk_36_0074,Central,36
train,4705,train,36_0110.wav,spk_36_0075,Central,36
train,4706,train,36_0111.wav,spk_36_0075,Central,36
train,4707,train,36_0112.wav,spk_36_0076,Central,36
train,4708,train,36_0113.wav,spk_36_0077,Central,36
train,4709,train,36_0114.wav,spk_36_0077,Central,36
train,4710,train,36_0115.wav,spk_36_0078,Central,36
train,4711,train,36_0116.wav,spk_36_0078,Central,36
train,4712,train,36_0117.wav,spk_36_0079,Central,36
train,4713,train,36_0118.wav,spk_36_0079,Central,36
train,4714,train,36_0119.wav,spk_36_0080,Central,36
train,4715,train,36_0120.wav,spk_36_0080,Central,36
train,4716,train,36_0121.wav,spk_36_0081,Central,36
train,4717,train,36_0122.wav,spk_36_0081,Central,36
train,4718,train,36_0123.wav,spk_36_0082,Central,36
train,4719,train,36_0124.wav,spk_36_0082,Central,36
train,4720,train,36_0125.wav,spk_36_0083,Central,36
train,4721,train,36_0126.wav,spk_36_0084,Central,36
train,4722,train,36_0127.wav,spk_36_0084,Central,36
train,4723,train,36_0128.wav,spk_36_0085,Central,36
train,4724,train,36_0129.wav,spk_36_0086,Central,36
train,4725,train,36_0130.wav,spk_36_0087,Central,36
train,4726,train,36_0131.wav,spk_36_0088,Central,36
train,4727,train,36_0132.wav,spk_36_0088,Central,36
train,4728,train,36_0133.wav,spk_36_0089,Central,36
train,4729,train,36_0134.wav,spk_36_0089,Central,36
train,4730,train,36_0135.wav,spk_36_0090,Central,36
train,4731,train,36_0136.wav,spk_36_0091,Central,36
train,4732,train,36_0137.wav,spk_36_0091,Central,36
train,4733,train,36_0138.wav,spk_36_0092,Central,36
train,4734,train,36_0139.wav,spk_36_0093,Central,36
train,4735,train,36_0140.wav,spk_36_0093,Central,36
train,4736,train,36_0141.wav,spk_36_0093,Central,36
train,4737,train,36_0142.wav,spk_36_0094,Central,36
train,4738,train,36_0143.wav,spk_36_0094,Central,36
train,4739,train,36_0144.wav,spk_36_0095,Central,36
train,4740,train,36_0145.wav,spk_36_0096,Central,36
train,4741,train,36_0146.wav,spk_36_0097,Central,36
train,4742,train,36_0147.wav,spk_36_0098,Central,36
train,4743,train,36_0148.wav,spk_36_0098,Central,36
train,4744,train,36_0149.wav,spk_36_0099,Central,36
train,4745,train,36_0150.wav,spk_36_0100,Central,36
train,4746,train,36_0151.wav,spk_36_0101,Central,36
train,4747,train,36_0152.wav,spk_36_0102,Central,36
train,4748,train,36_0153.wav,spk_36_0103,Central,36
train,4749,train,36_0154.wav,spk_36_0104,Central,36
train,4750,train,36_0155.wav,spk_36_0105,Central,36
train,4751,train,36_0156.wav,spk_36_0106,Central,36
train,4752,train,36_0157.wav,spk_36_0106,Central,36
train,4753,train,36_0158.wav,spk_36_0107,Central,36
train,4754,train,36_0159.wav,spk_36_0108,Central,36
train,4755,train,36_0160.wav,spk_36_0109,Central,36
train,4756,train,36_0161.wav,spk_36_0110,Central,36
train,4757,train,36_0162.wav,spk_36_0111,Central,36
train,4758,train,36_0163.wav,spk_36_0111,Central,36
train,4759,train,36_0164.wav,spk_36_0112,Central,36
train,4760,train,36_0165.wav,spk_36_0112,Central,36
train,4761,train,36_0166.wav,spk_36_0112,Central,36
train,4762,train,36_0167.wav,spk_36_0113,Central,36
train,4763,train,36_0168.wav,spk_36_0113,Central,36
train,4764,train,36_0169.wav,spk_36_0114,Central,36
train,4765,train,36_0170.wav,spk_36_0115,Central,36
train,4766,train,36_0171.wav,spk_36_0115,Central,36
train,4767,train,36_0172.wav,spk_36_0115,Central,36
train,4768,train,36_0173.wav,spk_36_0115,Central,36
train,4769,train,36_0174.wav,spk_36_0116,Central,36
train,4770,train,36_0175.wav,spk_36_0116,Central,36
train,4771,train,36_0176.wav,spk_36_0116,Central,36
train,4772,train,36_0177.wav,spk_36_0116,Central,36
train,4773,train,36_0178.wav,spk_36_0117,Central,36
train,4774,train,36_0179.wav,spk_36_0117,Central,36
train,4775,train,36_0185.wav,spk_36_0120,Central,36
train,4776,train,36_0186.wav,spk_36_0121,Central,36
train,4777,train,36_0187.wav,spk_36_0122,Central,36
train,4778,train,36_0188.wav,spk_36_0122,Central,36
train,4779,train,36_0189.wav,spk_36_0122,Central,36
train,4780,train,36_0190.wav,spk_36_0123,Central,36
train,4781,train,36_0191.wav,spk_36_0123,Central,36
train,4782,train,36_0192.wav,spk_36_0124,Central,36
train,4783,train,36_0193.wav,spk_36_0124,Central,36
train,4784,train,36_0194.wav,spk_36_0124,Central,36
train,4785,train,36_0195.wav,spk_36_0125,Central,36
train,4786,train,36_0196.wav,spk_36_0126,Central,36
train,4787,train,36_0197.wav,spk_36_0127,Central,36
train,4788,train,36_0198.wav,spk_36_0128,Central,36
train,4789,train,36_0199.wav,spk_36_0128,Central,36
train,4790,train,36_0200.wav,spk_36_0129,Central,36
train,4791,train,36_0201.wav,spk_36_0129,Central,36
train,4792,train,36_0202.wav,spk_36_0129,Central,36
train,4793,train,36_0203.wav,spk_36_0129,Central,36
train,4794,train,36_0204.wav,spk_36_0129,Central,36
train,4795,train,36_0205.wav,spk_36_0129,Central,36
train,4796,train,36_0206.wav,spk_36_0130,Central,36
train,4797,train,36_0207.wav,spk_36_0131,Central,36
train,4798,train,36_0208.wav,spk_36_0131,Central,36
train,4799,train,36_0209.wav,spk_36_0132,Central,36
train,4800,train,36_0210.wav,spk_36_0132,Central,36
train,4801,train,36_0211.wav,spk_36_0132,Central,36
train,4802,train,36_0212.wav,spk_36_0132,Central,36
train,4803,train,36_0213.wav,spk_36_0133,Central,36
train,4804,train,36_0214.wav,spk_36_0133,Central,36
train,4805,train,36_0217.wav,spk_36_0136,Central,36
train,4806,train,36_0218.wav,spk_36_0137,Central,36
train,4807,train,36_0219.wav,spk_36_0137,Central,36
train,4808,train,36_0220.wav,spk_36_0138,Central,36
train,4809,train,36_0221.wav,spk_36_0139,Central,36
train,4810,train,36_0222.wav,spk_36_0139,Central,36
train,4811,train,36_0223.wav,spk_36_0140,Central,36
train,4812,train,36_0224.wav,spk_36_0140,Central,36
train,4813,train,36_0225.wav,spk_36_0141,Central,36
train,4814,train,36_0226.wav,spk_36_0141,Central,36
train,4815,train,36_0227.wav,spk_36_0142,Central,36
train,4816,train,36_0228.wav,spk_36_0143,Central,36
train,4817,train,36_0229.wav,spk_36_0144,Central,36
train,4818,train,36_0230.wav,spk_36_0144,Central,36
train,4819,train,36_0231.wav,spk_36_0145,Central,36
train,4820,train,36_0232.wav,spk_36_0146,Central,36
train,4821,train,36_0236.wav,spk_36_0148,Central,36
train,4822,train,36_0237.wav,spk_36_0148,Central,36
train,4823,train,36_0238.wav,spk_36_0148,Central,36
train,4824,train,36_0239.wav,spk_36_0148,Central,36
train,4825,train,36_0240.wav,spk_36_0148,Central,36
train,4826,train,36_0241.wav,spk_36_0148,Central,36
train,4827,train,36_0242.wav,spk_36_0148,Central,36
train,4828,train,36_0244.wav,spk_36_0150,Central,36
train,4829,train,36_0245.wav,spk_36_0150,Central,36
train,4830,train,36_0246.wav,spk_36_0151,Central,36
train,4831,train,36_0247.wav,spk_36_0152,Central,36
train,4832,train,37_0001.wav,spk_37_0001,Central,37
train,4833,train,37_0002.wav,spk_37_0002,Central,37
train,4834,train,37_0003.wav,spk_37_0003,Central,37
train,4835,train,37_0004.wav,spk_37_0004,Central,37
train,4836,train,37_0005.wav,spk_37_0005,Central,37
train,4837,train,37_0006.wav,spk_37_0006,Central,37
train,4838,train,37_0007.wav,spk_37_0006,Central,37
train,4839,train,37_0008.wav,spk_37_0007,Central,37
train,4840,train,37_0009.wav,spk_37_0008,Central,37
train,4841,train,37_0010.wav,spk_37_0008,Central,37
train,4842,train,37_0011.wav,spk_37_0008,Central,37
train,4843,train,37_0012.wav,spk_37_0009,Central,37
train,4844,train,37_0013.wav,spk_37_0010,Central,37
train,4845,train,37_0014.wav,spk_37_0010,Central,37
train,4846,train,37_0015.wav,spk_37_0011,Central,37
train,4847,train,37_0016.wav,spk_37_0012,Central,37
train,4848,train,37_0017.wav,spk_37_0012,Central,37
train,4849,train,37_0018.wav,spk_37_0013,Central,37
train,4850,train,37_0019.wav,spk_37_0014,Central,37
train,4851,train,37_0020.wav,spk_37_0015,Central,37
train,4852,train,37_0021.wav,spk_37_0015,Central,37
train,4853,train,37_0022.wav,spk_37_0016,Central,37
train,4854,train,37_0023.wav,spk_37_0017,Central,37
train,4855,train,37_0024.wav,spk_37_0017,Central,37
train,4856,train,37_0025.wav,spk_37_0018,Central,37
train,4857,train,37_0026.wav,spk_37_0018,Central,37
train,4858,train,37_0027.wav,spk_37_0019,Central,37
train,4859,train,37_0028.wav,spk_37_0020,Central,37
train,4860,train,37_0029.wav,spk_37_0021,Central,37
train,4861,train,37_0030.wav,spk_37_0022,Central,37
train,4862,train,37_0031.wav,spk_37_0022,Central,37
train,4863,train,37_0032.wav,spk_37_0023,Central,37
train,4864,train,37_0033.wav,spk_37_0024,Central,37
train,4865,train,37_0034.wav,spk_37_0025,Central,37
train,4866,train,37_0035.wav,spk_37_0025,Central,37
train,4867,train,37_0036.wav,spk_37_0025,Central,37
train,4868,train,37_0037.wav,spk_37_0026,Central,37
train,4869,train,37_0038.wav,spk_37_0027,Central,37
train,4870,train,37_0039.wav,spk_37_0028,Central,37
train,4871,train,37_0040.wav,spk_37_0028,Central,37
train,4872,train,37_0041.wav,spk_37_0029,Central,37
train,4873,train,37_0042.wav,spk_37_0030,Central,37
train,4874,train,37_0043.wav,spk_37_0031,Central,37
train,4875,train,37_0044.wav,spk_37_0032,Central,37
train,4876,train,37_0045.wav,spk_37_0033,Central,37
train,4877,train,37_0046.wav,spk_37_0034,Central,37
train,4878,train,37_0047.wav,spk_37_0035,Central,37
train,4879,train,37_0048.wav,spk_37_0036,Central,37
train,4880,train,37_0049.wav,spk_37_0037,Central,37
train,4881,train,37_0050.wav,spk_37_0038,Central,37
train,4882,train,37_0051.wav,spk_37_0038,Central,37
train,4883,train,37_0052.wav,spk_37_0039,Central,37
train,4884,train,37_0053.wav,spk_37_0040,Central,37
train,4885,train,37_0054.wav,spk_37_0041,Central,37
train,4886,train,37_0055.wav,spk_37_0042,Central,37
train,4887,train,37_0056.wav,spk_37_0043,Central,37
train,4888,train,37_0057.wav,spk_37_0044,Central,37
train,4889,train,37_0058.wav,spk_37_0045,Central,37
train,4890,train,37_0059.wav,spk_37_0046,Central,37
train,4891,train,37_0060.wav,spk_37_0047,Central,37
train,4892,train,37_0061.wav,spk_37_0048,Central,37
train,4893,train,37_0062.wav,spk_37_0048,Central,37
train,4894,train,37_0063.wav,spk_37_0048,Central,37
train,4895,train,37_0064.wav,spk_37_0049,Central,37
train,4896,train,37_0065.wav,spk_37_0050,Central,37
train,4897,train,37_0066.wav,spk_37_0051,Central,37
train,4898,train,37_0067.wav,spk_37_0052,Central,37
train,4899,train,37_0068.wav,spk_37_0053,Central,37
train,4900,train,37_0069.wav,spk_37_0053,Central,37
train,4901,train,37_0070.wav,spk_37_0054,Central,37
train,4902,train,37_0071.wav,spk_37_0055,Central,37
train,4903,train,37_0072.wav,spk_37_0056,Central,37
train,4904,train,37_0073.wav,spk_37_0057,Central,37
train,4905,train,37_0074.wav,spk_37_0057,Central,37
train,4906,train,37_0075.wav,spk_37_0058,Central,37
train,4907,train,37_0076.wav,spk_37_0058,Central,37
train,4908,train,37_0077.wav,spk_37_0059,Central,37
train,4909,train,37_0078.wav,spk_37_0059,Central,37
train,4910,train,37_0079.wav,spk_37_0060,Central,37
train,4911,train,37_0080.wav,spk_37_0061,Central,37
train,4912,train,37_0081.wav,spk_37_0061,Central,37
train,4913,train,37_0082.wav,spk_37_0062,Central,37
train,4914,train,37_0083.wav,spk_37_0062,Central,37
train,4915,train,37_0084.wav,spk_37_0063,Central,37
train,4916,train,37_0085.wav,spk_37_0064,Central,37
train,4917,train,37_0086.wav,spk_37_0064,Central,37
train,4918,train,37_0087.wav,spk_37_0065,Central,37
train,4919,train,37_0088.wav,spk_37_0066,Central,37
train,4920,train,37_0089.wav,spk_37_0067,Central,37
train,4921,train,37_0090.wav,spk_37_0068,Central,37
train,4922,train,37_0091.wav,spk_37_0069,Central,37
train,4923,train,37_0092.wav,spk_37_0070,Central,37
train,4924,train,37_0093.wav,spk_37_0070,Central,37
train,4925,train,37_0094.wav,spk_37_0071,Central,37
train,4926,train,37_0095.wav,spk_37_0072,Central,37
train,4927,train,37_0096.wav,spk_37_0072,Central,37
train,4928,train,37_0097.wav,spk_37_0072,Central,37
train,4929,train,37_0098.wav,spk_37_0073,Central,37
train,4930,train,37_0099.wav,spk_37_0074,Central,37
train,4931,train,37_0100.wav,spk_37_0075,Central,37
train,4932,train,37_0101.wav,spk_37_0076,Central,37
train,4933,train,37_0102.wav,spk_37_0077,Central,37
train,4934,train,37_0103.wav,spk_37_0078,Central,37
train,4935,train,37_0104.wav,spk_37_0079,Central,37
train,4936,train,37_0105.wav,spk_37_0080,Central,37
train,4937,train,37_0106.wav,spk_37_0080,Central,37
train,4938,train,37_0107.wav,spk_37_0081,Central,37
train,4939,train,37_0108.wav,spk_37_0082,Central,37
train,4940,train,37_0109.wav,spk_37_0083,Central,37
train,4941,train,37_0110.wav,spk_37_0083,Central,37
train,4942,train,37_0111.wav,spk_37_0084,Central,37
train,4943,train,37_0112.wav,spk_37_0085,Central,37
train,4944,train,37_0113.wav,spk_37_0086,Central,37
train,4945,train,37_0114.wav,spk_37_0086,Central,37
train,4946,train,37_0115.wav,spk_37_0086,Central,37
train,4947,train,37_0116.wav,spk_37_0086,Central,37
train,4948,train,37_0117.wav,spk_37_0086,Central,37
train,4949,train,37_0118.wav,spk_37_0087,Central,37
train,4950,train,37_0119.wav,spk_37_0088,Central,37
train,4951,train,37_0120.wav,spk_37_0089,Central,37
train,4952,train,37_0121.wav,spk_37_0090,Central,37
train,4953,train,37_0122.wav,spk_37_0090,Central,37
train,4954,train,37_0123.wav,spk_37_0091,Central,37
train,4955,train,37_0124.wav,spk_37_0091,Central,37
train,4956,train,37_0125.wav,spk_37_0092,Central,37
train,4957,train,37_0126.wav,spk_37_0093,Central,37
train,4958,train,37_0127.wav,spk_37_0094,Central,37
train,4959,train,37_0128.wav,spk_37_0094,Central,37
train,4960,train,37_0129.wav,spk_37_0095,Central,37
train,4961,train,37_0130.wav,spk_37_0096,Central,37
train,4962,train,37_0131.wav,spk_37_0096,Central,37
train,4963,train,37_0132.wav,spk_37_0097,Central,37
train,4964,train,37_0133.wav,spk_37_0098,Central,37
train,4965,train,37_0134.wav,spk_37_0099,Central,37
train,4966,train,37_0135.wav,spk_37_0099,Central,37
train,4967,train,37_0136.wav,spk_37_0100,Central,37
train,4968,train,37_0137.wav,spk_37_0100,Central,37
train,4969,train,37_0138.wav,spk_37_0100,Central,37
train,4970,train,37_0139.wav,spk_37_0100,Central,37
train,4971,train,37_0140.wav,spk_37_0101,Central,37
train,4972,train,37_0141.wav,spk_37_0101,Central,37
train,4973,train,37_0142.wav,spk_37_0102,Central,37
train,4974,train,37_0143.wav,spk_37_0103,Central,37
train,4975,train,37_0144.wav,spk_37_0103,Central,37
train,4976,train,37_0145.wav,spk_37_0104,Central,37
train,4977,train,37_0146.wav,spk_37_0104,Central,37
train,4978,train,37_0147.wav,spk_37_0105,Central,37
train,4979,train,37_0148.wav,spk_37_0106,Central,37
train,4980,train,37_0149.wav,spk_37_0107,Central,37
train,4981,train,37_0150.wav,spk_37_0108,Central,37
train,4982,train,37_0151.wav,spk_37_0108,Central,37
train,4983,train,37_0152.wav,spk_37_0109,Central,37
train,4984,train,37_0153.wav,spk_37_0110,Central,37
train,4985,train,37_0154.wav,spk_37_0110,Central,37
train,4986,train,37_0155.wav,spk_37_0111,Central,37
train,4987,train,37_0156.wav,spk_37_0111,Central,37
train,4988,train,37_0157.wav,spk_37_0112,Central,37
train,4989,train,37_0158.wav,spk_37_0113,Central,37
train,4990,train,37_0159.wav,spk_37_0114,Central,37
train,4991,train,37_0160.wav,spk_37_0115,Central,37
train,4992,train,37_0161.wav,spk_37_0116,Central,37
train,4993,train,37_0162.wav,spk_37_0116,Central,37
train,4994,train,37_0163.wav,spk_37_0117,Central,37
train,4995,train,37_0164.wav,spk_37_0118,Central,37
train,4996,train,37_0165.wav,spk_37_0119,Central,37
train,4997,train,37_0166.wav,spk_37_0120,Central,37
train,4998,train,37_0167.wav,spk_37_0121,Central,37
train,4999,train,37_0168.wav,spk_37_0122,Central,37
train,5000,train,37_0169.wav,spk_37_0123,Central,37
train,5001,train,37_0170.wav,spk_37_0124,Central,37
train,5002,train,37_0171.wav,spk_37_0125,Central,37
train,5003,train,37_0172.wav,spk_37_0125,Central,37
train,5004,train,37_0173.wav,spk_37_0126,Central,37
train,5005,train,37_0174.wav,spk_37_0126,Central,37
train,5006,train,37_0175.wav,spk_37_0127,Central,37
train,5007,train,37_0176.wav,spk_37_0128,Central,37
train,5008,train,37_0177.wav,spk_37_0129,Central,37
train,5009,train,37_0178.wav,spk_37_0130,Central,37
train,5010,train,37_0179.wav,spk_37_0131,Central,37
train,5011,train,37_0180.wav,spk_37_0131,Central,37
train,5012,train,37_0181.wav,spk_37_0132,Central,37
train,5013,train,37_0182.wav,spk_37_0133,Central,37
train,5014,train,37_0183.wav,spk_37_0133,Central,37
train,5015,train,37_0184.wav,spk_37_0134,Central,37
train,5016,train,37_0185.wav,spk_37_0135,Central,37
train,5017,train,37_0186.wav,spk_37_0136,Central,37
train,5018,train,37_0187.wav,spk_37_0137,Central,37
train,5019,train,37_0188.wav,spk_37_0138,Central,37
train,5020,train,37_0189.wav,spk_37_0138,Central,37
train,5021,train,37_0190.wav,spk_37_0139,Central,37
train,5022,train,37_0191.wav,spk_37_0139,Central,37
train,5023,train,37_0192.wav,spk_37_0140,Central,37
train,5024,train,37_0193.wav,spk_37_0141,Central,37
train,5025,train,37_0194.wav,spk_37_0142,Central,37
train,5026,train,37_0195.wav,spk_37_0142,Central,37
train,5027,train,37_0196.wav,spk_37_0143,Central,37
train,5028,train,37_0197.wav,spk_37_0144,Central,37
train,5029,train,37_0198.wav,spk_37_0145,Central,37
train,5030,train,37_0199.wav,spk_37_0146,Central,37
train,5031,train,37_0200.wav,spk_37_0147,Central,37
train,5032,train,37_0201.wav,spk_37_0148,Central,37
train,5033,train,37_0202.wav,spk_37_0149,Central,37
train,5034,train,37_0203.wav,spk_37_0150,Central,37
train,5035,train,37_0204.wav,spk_37_0151,Central,37
train,5036,train,37_0205.wav,spk_37_0152,Central,37
train,5037,train,37_0206.wav,spk_37_0153,Central,37
train,5038,train,37_0207.wav,spk_37_0154,Central,37
train,5039,train,37_0208.wav,spk_37_0154,Central,37
train,5040,train,37_0209.wav,spk_37_0155,Central,37
train,5041,train,37_0210.wav,spk_37_0156,Central,37
train,5042,train,37_0211.wav,spk_37_0156,Central,37
train,5043,train,37_0212.wav,spk_37_0157,Central,37
train,5044,train,37_0213.wav,spk_37_0158,Central,37
train,5045,train,37_0214.wav,spk_37_0159,Central,37
train,5046,train,37_0215.wav,spk_37_0160,Central,37
train,5047,train,37_0216.wav,spk_37_0161,Central,37
train,5048,train,37_0217.wav,spk_37_0161,Central,37
train,5049,train,37_0218.wav,spk_37_0162,Central,37
train,5050,train,37_0219.wav,spk_37_0162,Central,37
train,5051,train,37_0220.wav,spk_37_0163,Central,37
train,5052,train,37_0221.wav,spk_37_0163,Central,37
train,5053,train,37_0222.wav,spk_37_0164,Central,37
train,5054,train,37_0223.wav,spk_37_0165,Central,37
train,5055,train,37_0224.wav,spk_37_0166,Central,37
train,5056,train,37_0225.wav,spk_37_0167,Central,37
train,5057,train,37_0226.wav,spk_37_0167,Central,37
train,5058,train,37_0227.wav,spk_37_0168,Central,37
train,5059,train,37_0228.wav,spk_37_0169,Central,37
train,5060,train,37_0229.wav,spk_37_0170,Central,37
train,5061,train,37_0230.wav,spk_37_0171,Central,37
train,5062,train,37_0231.wav,spk_37_0172,Central,37
train,5063,train,37_0232.wav,spk_37_0173,Central,37
train,5064,train,37_0233.wav,spk_37_0174,Central,37
train,5065,train,37_0234.wav,spk_37_0174,Central,37
train,5066,train,37_0235.wav,spk_37_0175,Central,37
train,5067,train,37_0236.wav,spk_37_0175,Central,37
train,5068,train,37_0237.wav,spk_37_0176,Central,37
train,5069,train,37_0238.wav,spk_37_0177,Central,37
train,5070,train,37_0239.wav,spk_37_0178,Central,37
train,5071,train,37_0240.wav,spk_37_0178,Central,37
train,5072,train,37_0241.wav,spk_37_0179,Central,37
train,5073,train,37_0242.wav,spk_37_0179,Central,37
train,5074,train,37_0243.wav,spk_37_0180,Central,37
train,5075,train,37_0244.wav,spk_37_0180,Central,37
train,5076,train,37_0245.wav,spk_37_0181,Central,37
train,5077,train,37_0246.wav,spk_37_0182,Central,37
train,5078,train,37_0247.wav,spk_37_0183,Central,37
train,5079,train,37_0248.wav,spk_37_0184,Central,37
train,5080,train,37_0249.wav,spk_37_0184,Central,37
train,5081,train,37_0250.wav,spk_37_0185,Central,37
train,5082,train,37_0251.wav,spk_37_0185,Central,37
train,5083,train,37_0252.wav,spk_37_0186,Central,37
train,5084,train,37_0253.wav,spk_37_0187,Central,37
train,5085,train,37_0254.wav,spk_37_0187,Central,37
train,5086,train,37_0255.wav,spk_37_0188,Central,37
train,5087,train,37_0256.wav,spk_37_0189,Central,37
train,5088,train,37_0257.wav,spk_37_0189,Central,37
train,5089,train,37_0258.wav,spk_37_0190,Central,37
train,5090,train,37_0259.wav,spk_37_0190,Central,37
train,5091,train,37_0260.wav,spk_37_0191,Central,37
train,5092,train,37_0261.wav,spk_37_0192,Central,37
train,5093,train,37_0262.wav,spk_37_0193,Central,37
train,5094,train,37_0264.wav,spk_37_0195,Central,37
train,5095,train,37_0266.wav,spk_37_0197,Central,37
train,5096,train,37_0267.wav,spk_37_0198,Central,37
train,5097,train,37_0268.wav,spk_37_0199,Central,37
train,5098,train,37_0269.wav,spk_37_0200,Central,37
train,5099,train,37_0270.wav,spk_37_0201,Central,37
train,5100,train,37_0271.wav,spk_37_0202,Central,37
train,5101,train,37_0272.wav,spk_37_0203,Central,37
train,5102,train,37_0273.wav,spk_37_0204,Central,37
train,5103,train,37_0274.wav,spk_37_0205,Central,37
train,5104,train,37_0275.wav,spk_37_0205,Central,37
train,5105,train,37_0276.wav,spk_37_0206,Central,37
train,5106,train,37_0277.wav,spk_37_0207,Central,37
train,5107,train,37_0278.wav,spk_37_0207,Central,37
train,5108,train,37_0279.wav,spk_37_0208,Central,37
train,5109,train,37_0280.wav,spk_37_0208,Central,37
train,5110,train,37_0281.wav,spk_37_0209,Central,37
train,5111,train,37_0282.wav,spk_37_0209,Central,37
train,5112,train,38_0001.wav,spk_38_0001,Central,38
train,5113,train,38_0002.wav,spk_38_0001,Central,38
train,5114,train,38_0003.wav,spk_38_0002,Central,38
train,5115,train,38_0004.wav,spk_38_0002,Central,38
train,5116,train,38_0005.wav,spk_38_0003,Central,38
train,5117,train,38_0006.wav,spk_38_0004,Central,38
train,5118,train,38_0007.wav,spk_38_0005,Central,38
train,5119,train,38_0008.wav,spk_38_0006,Central,38
train,5120,train,38_0009.wav,spk_38_0006,Central,38
train,5121,train,38_0010.wav,spk_38_0007,Central,38
train,5122,train,38_0011.wav,spk_38_0008,Central,38
train,5123,train,38_0012.wav,spk_38_0009,Central,38
train,5124,train,38_0013.wav,spk_38_0010,Central,38
train,5125,train,38_0014.wav,spk_38_0011,Central,38
train,5126,train,38_0015.wav,spk_38_0012,Central,38
train,5127,train,38_0016.wav,spk_38_0013,Central,38
train,5128,train,38_0017.wav,spk_38_0014,Central,38
train,5129,train,38_0018.wav,spk_38_0015,Central,38
train,5130,train,38_0019.wav,spk_38_0016,Central,38
train,5131,train,38_0020.wav,spk_38_0017,Central,38
train,5132,train,38_0021.wav,spk_38_0017,Central,38
train,5133,train,38_0022.wav,spk_38_0018,Central,38
train,5134,train,38_0023.wav,spk_38_0018,Central,38
train,5135,train,38_0024.wav,spk_38_0019,Central,38
train,5136,train,38_0025.wav,spk_38_0019,Central,38
train,5137,train,38_0026.wav,spk_38_0019,Central,38
train,5138,train,38_0027.wav,spk_38_0020,Central,38
train,5139,train,38_0028.wav,spk_38_0020,Central,38
train,5140,train,38_0029.wav,spk_38_0020,Central,38
train,5141,train,38_0030.wav,spk_38_0021,Central,38
train,5142,train,38_0031.wav,spk_38_0022,Central,38
train,5143,train,38_0032.wav,spk_38_0023,Central,38
train,5144,train,38_0033.wav,spk_38_0023,Central,38
train,5145,train,38_0034.wav,spk_38_0024,Central,38
train,5146,train,38_0035.wav,spk_38_0025,Central,38
train,5147,train,38_0036.wav,spk_38_0025,Central,38
train,5148,train,38_0037.wav,spk_38_0026,Central,38
train,5149,train,38_0038.wav,spk_38_0026,Central,38
train,5150,train,38_0039.wav,spk_38_0027,Central,38
train,5151,train,38_0040.wav,spk_38_0028,Central,38
train,5152,train,38_0041.wav,spk_38_0028,Central,38
train,5153,train,38_0042.wav,spk_38_0029,Central,38
train,5154,train,38_0043.wav,spk_38_0030,Central,38
train,5155,train,38_0044.wav,spk_38_0031,Central,38
train,5156,train,38_0045.wav,spk_38_0032,Central,38
train,5157,train,38_0046.wav,spk_38_0033,Central,38
train,5158,train,38_0047.wav,spk_38_0033,Central,38
train,5159,train,38_0048.wav,spk_38_0034,Central,38
train,5160,train,38_0049.wav,spk_38_0035,Central,38
train,5161,train,38_0050.wav,spk_38_0036,Central,38
train,5162,train,38_0051.wav,spk_38_0037,Central,38
train,5163,train,38_0052.wav,spk_38_0038,Central,38
train,5164,train,38_0053.wav,spk_38_0039,Central,38
train,5165,train,38_0054.wav,spk_38_0040,Central,38
train,5166,train,38_0055.wav,spk_38_0041,Central,38
train,5167,train,38_0056.wav,spk_38_0042,Central,38
train,5168,train,38_0057.wav,spk_38_0043,Central,38
train,5169,train,38_0058.wav,spk_38_0044,Central,38
train,5170,train,38_0059.wav,spk_38_0045,Central,38
train,5171,train,38_0060.wav,spk_38_0045,Central,38
train,5172,train,38_0061.wav,spk_38_0046,Central,38
train,5173,train,38_0062.wav,spk_38_0046,Central,38
train,5174,train,38_0063.wav,spk_38_0047,Central,38
train,5175,train,38_0064.wav,spk_38_0047,Central,38
train,5176,train,38_0065.wav,spk_38_0048,Central,38
train,5177,train,38_0066.wav,spk_38_0049,Central,38
train,5178,train,38_0067.wav,spk_38_0050,Central,38
train,5179,train,38_0068.wav,spk_38_0050,Central,38
train,5180,train,38_0069.wav,spk_38_0050,Central,38
train,5181,train,38_0070.wav,spk_38_0051,Central,38
train,5182,train,38_0071.wav,spk_38_0052,Central,38
train,5183,train,38_0072.wav,spk_38_0052,Central,38
train,5184,train,38_0073.wav,spk_38_0053,Central,38
train,5185,train,38_0074.wav,spk_38_0053,Central,38
train,5186,train,38_0075.wav,spk_38_0053,Central,38
train,5187,train,38_0076.wav,spk_38_0054,Central,38
train,5188,train,38_0077.wav,spk_38_0055,Central,38
train,5189,train,38_0078.wav,spk_38_0056,Central,38
train,5190,train,38_0079.wav,spk_38_0057,Central,38
train,5191,train,38_0080.wav,spk_38_0057,Central,38
train,5192,train,38_0081.wav,spk_38_0058,Central,38
train,5193,train,38_0082.wav,spk_38_0059,Central,38
train,5194,train,38_0083.wav,spk_38_0059,Central,38
train,5195,train,38_0084.wav,spk_38_0060,Central,38
train,5196,train,38_0085.wav,spk_38_0061,Central,38
train,5197,train,38_0086.wav,spk_38_0061,Central,38
train,5198,train,38_0087.wav,spk_38_0062,Central,38
train,5199,train,38_0088.wav,spk_38_0063,Central,38
train,5200,train,38_0089.wav,spk_38_0064,Central,38
train,5201,train,38_0090.wav,spk_38_0065,Central,38
train,5202,train,38_0091.wav,spk_38_0066,Central,38
train,5203,train,38_0092.wav,spk_38_0067,Central,38
train,5204,train,38_0093.wav,spk_38_0068,Central,38
train,5205,train,38_0094.wav,spk_38_0069,Central,38
train,5206,train,38_0095.wav,spk_38_0070,Central,38
train,5207,train,38_0096.wav,spk_38_0071,Central,38
train,5208,train,38_0097.wav,spk_38_0072,Central,38
train,5209,train,38_0098.wav,spk_38_0072,Central,38
train,5210,train,38_0099.wav,spk_38_0073,Central,38
train,5211,train,38_0100.wav,spk_38_0074,Central,38
train,5212,train,38_0101.wav,spk_38_0075,Central,38
train,5213,train,38_0102.wav,spk_38_0076,Central,38
train,5214,train,38_0103.wav,spk_38_0076,Central,38
train,5215,train,38_0104.wav,spk_38_0077,Central,38
train,5216,train,38_0105.wav,spk_38_0078,Central,38
train,5217,train,38_0106.wav,spk_38_0079,Central,38
train,5218,train,38_0107.wav,spk_38_0079,Central,38
train,5219,train,38_0108.wav,spk_38_0080,Central,38
train,5220,train,38_0109.wav,spk_38_0081,Central,38
train,5221,train,38_0110.wav,spk_38_0081,Central,38
train,5222,train,38_0111.wav,spk_38_0082,Central,38
train,5223,train,38_0112.wav,spk_38_0083,Central,38
train,5224,train,38_0113.wav,spk_38_0084,Central,38
train,5225,train,38_0114.wav,spk_38_0085,Central,38
train,5226,train,38_0115.wav,spk_38_0086,Central,38
train,5227,train,38_0116.wav,spk_38_0087,Central,38
train,5228,train,38_0117.wav,spk_38_0088,Central,38
train,5229,train,38_0118.wav,spk_38_0089,Central,38
train,5230,train,38_0119.wav,spk_38_0089,Central,38
train,5231,train,38_0120.wav,spk_38_0090,Central,38
train,5232,train,38_0121.wav,spk_38_0091,Central,38
train,5233,train,38_0122.wav,spk_38_0092,Central,38
train,5234,train,38_0123.wav,spk_38_0093,Central,38
train,5235,train,38_0124.wav,spk_38_0094,Central,38
train,5236,train,38_0125.wav,spk_38_0095,Central,38
train,5237,train,38_0126.wav,spk_38_0096,Central,38
train,5238,train,38_0127.wav,spk_38_0097,Central,38
train,5239,train,38_0128.wav,spk_38_0097,Central,38
train,5240,train,38_0129.wav,spk_38_0098,Central,38
train,5241,train,38_0130.wav,spk_38_0098,Central,38
train,5242,train,38_0131.wav,spk_38_0099,Central,38
train,5243,train,38_0132.wav,spk_38_0099,Central,38
train,5244,train,38_0133.wav,spk_38_0100,Central,38
train,5245,train,38_0134.wav,spk_38_0101,Central,38
train,5246,train,38_0135.wav,spk_38_0101,Central,38
train,5247,train,38_0136.wav,spk_38_0102,Central,38
train,5248,train,38_0137.wav,spk_38_0102,Central,38
train,5249,train,38_0138.wav,spk_38_0103,Central,38
train,5250,train,38_0139.wav,spk_38_0104,Central,38
train,5251,train,38_0140.wav,spk_38_0104,Central,38
train,5252,train,38_0141.wav,spk_38_0105,Central,38
train,5253,train,38_0142.wav,spk_38_0105,Central,38
train,5254,train,38_0143.wav,spk_38_0106,Central,38
train,5255,train,38_0144.wav,spk_38_0107,Central,38
train,5256,train,38_0145.wav,spk_38_0108,Central,38
train,5257,train,38_0146.wav,spk_38_0108,Central,38
train,5258,train,38_0147.wav,spk_38_0109,Central,38
train,5259,train,38_0148.wav,spk_38_0110,Central,38
train,5260,train,38_0149.wav,spk_38_0111,Central,38
train,5261,train,38_0150.wav,spk_38_0112,Central,38
train,5262,train,38_0151.wav,spk_38_0113,Central,38
train,5263,train,38_0152.wav,spk_38_0113,Central,38
train,5264,train,38_0153.wav,spk_38_0114,Central,38
train,5265,train,38_0154.wav,spk_38_0115,Central,38
train,5266,train,38_0155.wav,spk_38_0116,Central,38
train,5267,train,38_0156.wav,spk_38_0116,Central,38
train,5268,train,38_0157.wav,spk_38_0117,Central,38
train,5269,train,38_0158.wav,spk_38_0118,Central,38
train,5270,train,38_0159.wav,spk_38_0119,Central,38
train,5271,train,38_0160.wav,spk_38_0120,Central,38
train,5272,train,38_0161.wav,spk_38_0121,Central,38
train,5273,train,38_0162.wav,spk_38_0121,Central,38
train,5274,train,38_0163.wav,spk_38_0122,Central,38
train,5275,train,38_0164.wav,spk_38_0123,Central,38
train,5276,train,38_0165.wav,spk_38_0124,Central,38
train,5277,train,38_0166.wav,spk_38_0125,Central,38
train,5278,train,38_0167.wav,spk_38_0125,Central,38
train,5279,train,38_0168.wav,spk_38_0126,Central,38
train,5280,train,38_0169.wav,spk_38_0127,Central,38
train,5281,train,38_0170.wav,spk_38_0128,Central,38
train,5282,train,38_0171.wav,spk_38_0129,Central,38
train,5283,train,38_0172.wav,spk_38_0130,Central,38
train,5284,train,38_0173.wav,spk_38_0131,Central,38
train,5285,train,38_0174.wav,spk_38_0132,Central,38
train,5286,train,38_0175.wav,spk_38_0132,Central,38
train,5287,train,38_0176.wav,spk_38_0133,Central,38
train,5288,train,38_0177.wav,spk_38_0133,Central,38
train,5289,train,38_0178.wav,spk_38_0134,Central,38
train,5290,train,38_0179.wav,spk_38_0135,Central,38
train,5291,train,38_0180.wav,spk_38_0136,Central,38
train,5292,train,38_0181.wav,spk_38_0136,Central,38
train,5293,train,38_0182.wav,spk_38_0137,Central,38
train,5294,train,38_0183.wav,spk_38_0137,Central,38
train,5295,train,38_0184.wav,spk_38_0138,Central,38
train,5296,train,38_0185.wav,spk_38_0138,Central,38
train,5297,train,38_0186.wav,spk_38_0139,Central,38
train,5298,train,38_0187.wav,spk_38_0140,Central,38
train,5299,train,38_0188.wav,spk_38_0140,Central,38
train,5300,train,38_0189.wav,spk_38_0141,Central,38
train,5301,train,38_0190.wav,spk_38_0142,Central,38
train,5302,train,38_0191.wav,spk_38_0143,Central,38
train,5303,train,38_0192.wav,spk_38_0144,Central,38
train,5304,train,38_0193.wav,spk_38_0144,Central,38
train,5305,train,38_0194.wav,spk_38_0145,Central,38
train,5306,train,38_0195.wav,spk_38_0146,Central,38
train,5307,train,38_0196.wav,spk_38_0146,Central,38
train,5308,train,38_0197.wav,spk_38_0147,Central,38
train,5309,train,38_0198.wav,spk_38_0148,Central,38
train,5310,train,38_0199.wav,spk_38_0149,Central,38
train,5311,train,38_0200.wav,spk_38_0150,Central,38
train,5312,train,38_0201.wav,spk_38_0151,Central,38
train,5313,train,38_0202.wav,spk_38_0152,Central,38
train,5314,train,38_0203.wav,spk_38_0153,Central,38
train,5315,train,38_0204.wav,spk_38_0154,Central,38
train,5316,train,38_0205.wav,spk_38_0155,Central,38
train,5317,train,38_0206.wav,spk_38_0156,Central,38
train,5318,train,38_0207.wav,spk_38_0157,Central,38
train,5319,train,38_0208.wav,spk_38_0157,Central,38
train,5320,train,38_0209.wav,spk_38_0158,Central,38
train,5321,train,38_0210.wav,spk_38_0158,Central,38
train,5322,train,38_0211.wav,spk_38_0158,Central,38
train,5323,train,38_0212.wav,spk_38_0159,Central,38
train,5324,train,38_0213.wav,spk_38_0159,Central,38
train,5325,train,38_0214.wav,spk_38_0159,Central,38
train,5326,train,38_0215.wav,spk_38_0160,Central,38
train,5327,train,38_0216.wav,spk_38_0161,Central,38
train,5328,train,38_0217.wav,spk_38_0162,Central,38
train,5329,train,38_0218.wav,spk_38_0163,Central,38
train,5330,train,38_0219.wav,spk_38_0164,Central,38
train,5331,train,38_0220.wav,spk_38_0165,Central,38
train,5332,train,38_0221.wav,spk_38_0166,Central,38
train,5333,train,38_0222.wav,spk_38_0166,Central,38
train,5334,train,38_0223.wav,spk_38_0167,Central,38
train,5335,train,38_0224.wav,spk_38_0168,Central,38
train,5336,train,38_0225.wav,spk_38_0168,Central,38
train,5337,train,38_0226.wav,spk_38_0169,Central,38
train,5338,train,38_0227.wav,spk_38_0170,Central,38
train,5339,train,38_0228.wav,spk_38_0171,Central,38
train,5340,train,38_0229.wav,spk_38_0171,Central,38
train,5341,train,38_0230.wav,spk_38_0172,Central,38
train,5342,train,38_0231.wav,spk_38_0172,Central,38
train,5343,train,38_0232.wav,spk_38_0173,Central,38
train,5344,train,38_0233.wav,spk_38_0173,Central,38
train,5345,train,38_0234.wav,spk_38_0174,Central,38
train,5346,train,38_0235.wav,spk_38_0174,Central,38
train,5347,train,38_0236.wav,spk_38_0175,Central,38
train,5348,train,38_0237.wav,spk_38_0176,Central,38
train,5349,train,38_0238.wav,spk_38_0177,Central,38
train,5350,train,43_0001.wav,spk_43_0001,Central,43
train,5351,train,43_0002.wav,spk_43_0001,Central,43
train,5352,train,43_0003.wav,spk_43_0002,Central,43
train,5353,train,43_0004.wav,spk_43_0002,Central,43
train,5354,train,43_0005.wav,spk_43_0003,Central,43
train,5355,train,43_0006.wav,spk_43_0004,Central,43
train,5356,train,43_0007.wav,spk_43_0004,Central,43
train,5357,train,43_0008.wav,spk_43_0005,Central,43
train,5358,train,43_0009.wav,spk_43_0006,Central,43
train,5359,train,43_0010.wav,spk_43_0007,Central,43
train,5360,train,43_0011.wav,spk_43_0008,Central,43
train,5361,train,43_0012.wav,spk_43_0009,Central,43
train,5362,train,43_0013.wav,spk_43_0010,Central,43
train,5363,train,43_0014.wav,spk_43_0011,Central,43
train,5364,train,43_0015.wav,spk_43_0012,Central,43
train,5365,train,43_0016.wav,spk_43_0013,Central,43
train,5366,train,43_0017.wav,spk_43_0014,Central,43
train,5367,train,43_0018.wav,spk_43_0015,Central,43
train,5368,train,43_0019.wav,spk_43_0016,Central,43
train,5369,train,43_0020.wav,spk_43_0017,Central,43
train,5370,train,43_0021.wav,spk_43_0018,Central,43
train,5371,train,43_0022.wav,spk_43_0019,Central,43
train,5372,train,43_0023.wav,spk_43_0020,Central,43
train,5373,train,43_0024.wav,spk_43_0021,Central,43
train,5374,train,43_0025.wav,spk_43_0022,Central,43
train,5375,train,43_0026.wav,spk_43_0023,Central,43
train,5376,train,43_0027.wav,spk_43_0024,Central,43
train,5377,train,43_0028.wav,spk_43_0024,Central,43
train,5378,train,43_0029.wav,spk_43_0025,Central,43
train,5379,train,43_0030.wav,spk_43_0025,Central,43
train,5380,train,43_0031.wav,spk_43_0026,Central,43
train,5381,train,43_0032.wav,spk_43_0027,Central,43
train,5382,train,43_0033.wav,spk_43_0028,Central,43
train,5383,train,43_0034.wav,spk_43_0029,Central,43
train,5384,train,43_0035.wav,spk_43_0030,Central,43
train,5385,train,43_0036.wav,spk_43_0031,Central,43
train,5386,train,43_0037.wav,spk_43_0032,Central,43
train,5387,train,43_0038.wav,spk_43_0032,Central,43
train,5388,train,43_0039.wav,spk_43_0033,Central,43
train,5389,train,43_0040.wav,spk_43_0034,Central,43
train,5390,train,43_0041.wav,spk_43_0034,Central,43
train,5391,train,43_0042.wav,spk_43_0035,Central,43
train,5392,train,43_0043.wav,spk_43_0036,Central,43
train,5393,train,43_0044.wav,spk_43_0036,Central,43
train,5394,train,43_0045.wav,spk_43_0037,Central,43
train,5395,train,43_0046.wav,spk_43_0038,Central,43
train,5396,train,43_0047.wav,spk_43_0038,Central,43
train,5397,train,43_0048.wav,spk_43_0039,Central,43
train,5398,train,43_0049.wav,spk_43_0040,Central,43
train,5399,train,43_0050.wav,spk_43_0040,Central,43
train,5400,train,43_0051.wav,spk_43_0041,Central,43
train,5401,train,43_0052.wav,spk_43_0042,Central,43
train,5402,train,43_0053.wav,spk_43_0043,Central,43
train,5403,train,43_0054.wav,spk_43_0044,Central,43
train,5404,train,43_0055.wav,spk_43_0045,Central,43
train,5405,train,43_0056.wav,spk_43_0046,Central,43
train,5406,train,43_0057.wav,spk_43_0046,Central,43
train,5407,train,43_0058.wav,spk_43_0047,Central,43
train,5408,train,43_0059.wav,spk_43_0048,Central,43
train,5409,train,43_0060.wav,spk_43_0049,Central,43
train,5410,train,43_0061.wav,spk_43_0050,Central,43
train,5411,train,43_0062.wav,spk_43_0051,Central,43
train,5412,train,43_0063.wav,spk_43_0052,Central,43
train,5413,train,43_0064.wav,spk_43_0052,Central,43
train,5414,train,43_0065.wav,spk_43_0053,Central,43
train,5415,train,43_0066.wav,spk_43_0053,Central,43
train,5416,train,43_0067.wav,spk_43_0054,Central,43
train,5417,train,43_0068.wav,spk_43_0054,Central,43
train,5418,train,43_0069.wav,spk_43_0055,Central,43
train,5419,train,43_0070.wav,spk_43_0056,Central,43
train,5420,train,43_0071.wav,spk_43_0057,Central,43
train,5421,train,43_0072.wav,spk_43_0058,Central,43
train,5422,train,43_0073.wav,spk_43_0059,Central,43
train,5423,train,43_0074.wav,spk_43_0060,Central,43
train,5424,train,43_0075.wav,spk_43_0060,Central,43
train,5425,train,43_0076.wav,spk_43_0060,Central,43
train,5426,train,43_0077.wav,spk_43_0061,Central,43
train,5427,train,43_0078.wav,spk_43_0062,Central,43
train,5428,train,43_0079.wav,spk_43_0063,Central,43
train,5429,train,43_0080.wav,spk_43_0064,Central,43
train,5430,train,43_0081.wav,spk_43_0065,Central,43
train,5431,train,43_0082.wav,spk_43_0066,Central,43
train,5432,train,43_0083.wav,spk_43_0067,Central,43
train,5433,train,43_0084.wav,spk_43_0067,Central,43
train,5434,train,43_0085.wav,spk_43_0068,Central,43
train,5435,train,43_0086.wav,spk_43_0069,Central,43
train,5436,train,43_0087.wav,spk_43_0069,Central,43
train,5437,train,43_0088.wav,spk_43_0069,Central,43
train,5438,train,43_0089.wav,spk_43_0070,Central,43
train,5439,train,43_0090.wav,spk_43_0071,Central,43
train,5440,train,43_0091.wav,spk_43_0072,Central,43
train,5441,train,43_0092.wav,spk_43_0073,Central,43
train,5442,train,43_0093.wav,spk_43_0074,Central,43
train,5443,train,43_0094.wav,spk_43_0075,Central,43
train,5444,train,43_0095.wav,spk_43_0076,Central,43
train,5445,train,43_0096.wav,spk_43_0076,Central,43
train,5446,train,43_0097.wav,spk_43_0077,Central,43
train,5447,train,43_0098.wav,spk_43_0077,Central,43
train,5448,train,43_0099.wav,spk_43_0078,Central,43
train,5449,train,43_0100.wav,spk_43_0079,Central,43
train,5450,train,43_0101.wav,spk_43_0080,Central,43
train,5451,train,43_0102.wav,spk_43_0081,Central,43
train,5452,train,43_0103.wav,spk_43_0081,Central,43
train,5453,train,43_0104.wav,spk_43_0082,Central,43
train,5454,train,43_0105.wav,spk_43_0083,Central,43
train,5455,train,43_0106.wav,spk_43_0084,Central,43
train,5456,train,43_0107.wav,spk_43_0084,Central,43
train,5457,train,43_0108.wav,spk_43_0085,Central,43
train,5458,train,43_0109.wav,spk_43_0085,Central,43
train,5459,train,43_0110.wav,spk_43_0086,Central,43
train,5460,train,43_0111.wav,spk_43_0087,Central,43
train,5461,train,43_0112.wav,spk_43_0088,Central,43
train,5462,train,43_0113.wav,spk_43_0088,Central,43
train,5463,train,43_0114.wav,spk_43_0088,Central,43
train,5464,train,43_0115.wav,spk_43_0089,Central,43
train,5465,train,43_0116.wav,spk_43_0090,Central,43
train,5466,train,43_0117.wav,spk_43_0091,Central,43
train,5467,train,43_0118.wav,spk_43_0092,Central,43
train,5468,train,43_0119.wav,spk_43_0092,Central,43
train,5469,train,43_0120.wav,spk_43_0093,Central,43
train,5470,train,43_0121.wav,spk_43_0093,Central,43
train,5471,train,43_0122.wav,spk_43_0093,Central,43
train,5472,train,43_0123.wav,spk_43_0094,Central,43
train,5473,train,43_0124.wav,spk_43_0095,Central,43
train,5474,train,43_0125.wav,spk_43_0096,Central,43
train,5475,train,43_0126.wav,spk_43_0097,Central,43
train,5476,train,43_0127.wav,spk_43_0097,Central,43
train,5477,train,43_0128.wav,spk_43_0098,Central,43
train,5478,train,43_0129.wav,spk_43_0099,Central,43
train,5479,train,43_0130.wav,spk_43_0100,Central,43
train,5480,train,43_0131.wav,spk_43_0101,Central,43
train,5481,train,43_0132.wav,spk_43_0102,Central,43
train,5482,train,43_0133.wav,spk_43_0103,Central,43
train,5483,train,43_0134.wav,spk_43_0104,Central,43
train,5484,train,43_0135.wav,spk_43_0105,Central,43
train,5485,train,43_0136.wav,spk_43_0106,Central,43
train,5486,train,43_0137.wav,spk_43_0107,Central,43
train,5487,train,43_0138.wav,spk_43_0108,Central,43
train,5488,train,43_0139.wav,spk_43_0108,Central,43
train,5489,train,43_0140.wav,spk_43_0108,Central,43
train,5490,train,43_0141.wav,spk_43_0109,Central,43
train,5491,train,43_0142.wav,spk_43_0109,Central,43
train,5492,train,43_0143.wav,spk_43_0110,Central,43
train,5493,train,43_0144.wav,spk_43_0110,Central,43
train,5494,train,43_0145.wav,spk_43_0111,Central,43
train,5495,train,43_0146.wav,spk_43_0112,Central,43
train,5496,train,43_0147.wav,spk_43_0113,Central,43
train,5497,train,43_0148.wav,spk_43_0114,Central,43
train,5498,train,43_0149.wav,spk_43_0115,Central,43
train,5499,train,43_0150.wav,spk_43_0116,Central,43
train,5500,train,43_0151.wav,spk_43_0117,Central,43
train,5501,train,43_0152.wav,spk_43_0117,Central,43
train,5502,train,43_0153.wav,spk_43_0117,Central,43
train,5503,train,43_0154.wav,spk_43_0118,Central,43
train,5504,train,43_0155.wav,spk_43_0118,Central,43
train,5505,train,43_0156.wav,spk_43_0118,Central,43
train,5506,train,43_0157.wav,spk_43_0119,Central,43
train,5507,train,43_0158.wav,spk_43_0120,Central,43
train,5508,train,43_0159.wav,spk_43_0121,Central,43
train,5509,train,43_0160.wav,spk_43_0122,Central,43
train,5510,train,43_0161.wav,spk_43_0122,Central,43
train,5511,train,43_0162.wav,spk_43_0123,Central,43
train,5512,train,43_0163.wav,spk_43_0123,Central,43
train,5513,train,43_0164.wav,spk_43_0124,Central,43
train,5514,train,43_0165.wav,spk_43_0125,Central,43
train,5515,train,43_0166.wav,spk_43_0125,Central,43
train,5516,train,43_0167.wav,spk_43_0126,Central,43
train,5517,train,43_0168.wav,spk_43_0127,Central,43
train,5518,train,43_0169.wav,spk_43_0128,Central,43
train,5519,train,43_0170.wav,spk_43_0128,Central,43
train,5520,train,43_0171.wav,spk_43_0129,Central,43
train,5521,train,43_0172.wav,spk_43_0129,Central,43
train,5522,train,43_0173.wav,spk_43_0130,Central,43
train,5523,train,43_0174.wav,spk_43_0131,Central,43
train,5524,train,43_0175.wav,spk_43_0131,Central,43
train,5525,train,43_0176.wav,spk_43_0132,Central,43
train,5526,train,43_0177.wav,spk_43_0132,Central,43
train,5527,train,43_0178.wav,spk_43_0132,Central,43
train,5528,train,43_0179.wav,spk_43_0132,Central,43
train,5529,train,43_0180.wav,spk_43_0133,Central,43
train,5530,train,43_0181.wav,spk_43_0134,Central,43
train,5531,train,43_0182.wav,spk_43_0135,Central,43
train,5532,train,43_0183.wav,spk_43_0136,Central,43
train,5533,train,43_0184.wav,spk_43_0137,Central,43
train,5534,train,43_0185.wav,spk_43_0138,Central,43
train,5535,train,43_0186.wav,spk_43_0139,Central,43
train,5536,train,43_0187.wav,spk_43_0140,Central,43
train,5537,train,43_0188.wav,spk_43_0141,Central,43
train,5538,train,43_0189.wav,spk_43_0141,Central,43
train,5539,train,43_0190.wav,spk_43_0142,Central,43
train,5540,train,43_0191.wav,spk_43_0142,Central,43
train,5541,train,43_0192.wav,spk_43_0143,Central,43
train,5542,train,43_0193.wav,spk_43_0144,Central,43
train,5543,train,43_0194.wav,spk_43_0145,Central,43
train,5544,train,43_0195.wav,spk_43_0146,Central,43
train,5545,train,43_0196.wav,spk_43_0147,Central,43
train,5546,train,43_0197.wav,spk_43_0148,Central,43
train,5547,train,43_0198.wav,spk_43_0149,Central,43
train,5548,train,43_0199.wav,spk_43_0150,Central,43
train,5549,train,43_0200.wav,spk_43_0151,Central,43
train,5550,train,43_0201.wav,spk_43_0152,Central,43
train,5551,train,43_0202.wav,spk_43_0152,Central,43
train,5552,train,43_0203.wav,spk_43_0152,Central,43
train,5553,train,43_0204.wav,spk_43_0153,Central,43
train,5554,train,43_0205.wav,spk_43_0154,Central,43
train,5555,train,43_0206.wav,spk_43_0155,Central,43
train,5556,train,43_0207.wav,spk_43_0156,Central,43
train,5557,train,43_0208.wav,spk_43_0157,Central,43
train,5558,train,43_0209.wav,spk_43_0158,Central,43
train,5559,train,43_0210.wav,spk_43_0159,Central,43
train,5560,train,43_0211.wav,spk_43_0159,Central,43
train,5561,train,43_0212.wav,spk_43_0160,Central,43
train,5562,train,43_0213.wav,spk_43_0160,Central,43
train,5563,train,43_0214.wav,spk_43_0160,Central,43
train,5564,train,43_0215.wav,spk_43_0161,Central,43
train,5565,train,43_0216.wav,spk_43_0162,Central,43
train,5566,train,43_0217.wav,spk_43_0163,Central,43
train,5567,train,43_0218.wav,spk_43_0163,Central,43
train,5568,train,43_0219.wav,spk_43_0163,Central,43
train,5569,train,43_0220.wav,spk_43_0164,Central,43
train,5570,train,43_0221.wav,spk_43_0165,Central,43
train,5571,train,43_0222.wav,spk_43_0166,Central,43
train,5572,train,43_0223.wav,spk_43_0167,Central,43
train,5573,train,43_0224.wav,spk_43_0168,Central,43
train,5574,train,43_0225.wav,spk_43_0169,Central,43
train,5575,train,43_0226.wav,spk_43_0170,Central,43
train,5576,train,43_0227.wav,spk_43_0171,Central,43
train,5577,train,43_0228.wav,spk_43_0172,Central,43
train,5578,train,43_0229.wav,spk_43_0172,Central,43
train,5579,train,43_0230.wav,spk_43_0173,Central,43
train,5580,train,43_0231.wav,spk_43_0174,Central,43
train,5581,train,43_0234.wav,spk_43_0176,Central,43
train,5582,train,43_0235.wav,spk_43_0176,Central,43
train,5583,train,43_0236.wav,spk_43_0177,Central,43
train,5584,train,43_0237.wav,spk_43_0177,Central,43
train,5585,train,43_0238.wav,spk_43_0178,Central,43
train,5586,train,43_0239.wav,spk_43_0179,Central,43
train,5587,train,43_0240.wav,spk_43_0180,Central,43
train,5588,train,43_0241.wav,spk_43_0181,Central,43
train,5589,train,43_0242.wav,spk_43_0181,Central,43
train,5590,train,43_0243.wav,spk_43_0182,Central,43
train,5591,train,43_0244.wav,spk_43_0183,Central,43
train,5592,train,43_0245.wav,spk_43_0183,Central,43
train,5593,train,43_0246.wav,spk_43_0184,Central,43
train,5594,train,43_0247.wav,spk_43_0184,Central,43
train,5595,train,43_0248.wav,spk_43_0185,Central,43
train,5596,train,43_0249.wav,spk_43_0185,Central,43
train,5597,train,43_0250.wav,spk_43_0186,Central,43
train,5598,train,43_0251.wav,spk_43_0186,Central,43
train,5599,train,43_0252.wav,spk_43_0187,Central,43
train,5600,train,43_0253.wav,spk_43_0187,Central,43
train,5601,train,43_0254.wav,spk_43_0188,Central,43
train,5602,train,43_0255.wav,spk_43_0189,Central,43
train,5603,train,43_0256.wav,spk_43_0190,Central,43
train,5604,train,43_0257.wav,spk_43_0191,Central,43
train,5605,train,43_0258.wav,spk_43_0192,Central,43
train,5606,train,43_0259.wav,spk_43_0193,Central,43
train,5607,train,43_0260.wav,spk_43_0194,Central,43
train,5608,train,43_0261.wav,spk_43_0195,Central,43
train,5609,train,43_0262.wav,spk_43_0195,Central,43
train,5610,train,43_0263.wav,spk_43_0196,Central,43
train,5611,train,43_0264.wav,spk_43_0196,Central,43
train,5612,train,43_0265.wav,spk_43_0197,Central,43
train,5613,train,43_0266.wav,spk_43_0198,Central,43
train,5614,train,43_0267.wav,spk_43_0199,Central,43
train,5615,train,43_0268.wav,spk_43_0200,Central,43
train,5616,train,43_0269.wav,spk_43_0201,Central,43
train,5617,train,43_0270.wav,spk_43_0201,Central,43
train,5618,train,43_0271.wav,spk_43_0202,Central,43
train,5619,train,43_0272.wav,spk_43_0202,Central,43
train,5620,train,43_0273.wav,spk_43_0203,Central,43
train,5621,train,47_0001.wav,spk_47_0001,Central,47
train,5622,train,47_0002.wav,spk_47_0002,Central,47
train,5623,train,47_0003.wav,spk_47_0002,Central,47
train,5624,train,47_0004.wav,spk_47_0003,Central,47
train,5625,train,47_0005.wav,spk_47_0004,Central,47
train,5626,train,47_0006.wav,spk_47_0005,Central,47
train,5627,train,47_0007.wav,spk_47_0005,Central,47
train,5628,train,47_0008.wav,spk_47_0006,Central,47
train,5629,train,47_0009.wav,spk_47_0007,Central,47
train,5630,train,47_0010.wav,spk_47_0008,Central,47
train,5631,train,47_0011.wav,spk_47_0009,Central,47
train,5632,train,47_0012.wav,spk_47_0009,Central,47
train,5633,train,47_0013.wav,spk_47_0010,Central,47
train,5634,train,47_0014.wav,spk_47_0010,Central,47
train,5635,train,47_0015.wav,spk_47_0011,Central,47
train,5636,train,47_0016.wav,spk_47_0011,Central,47
train,5637,train,47_0017.wav,spk_47_0012,Central,47
train,5638,train,47_0018.wav,spk_47_0013,Central,47
train,5639,train,47_0019.wav,spk_47_0014,Central,47
train,5640,train,47_0020.wav,spk_47_0015,Central,47
train,5641,train,47_0021.wav,spk_47_0015,Central,47
train,5642,train,47_0022.wav,spk_47_0016,Central,47
train,5643,train,47_0023.wav,spk_47_0017,Central,47
train,5644,train,47_0024.wav,spk_47_0018,Central,47
train,5645,train,47_0025.wav,spk_47_0018,Central,47
train,5646,train,47_0026.wav,spk_47_0018,Central,47
train,5647,train,47_0027.wav,spk_47_0018,Central,47
train,5648,train,47_0028.wav,spk_47_0018,Central,47
train,5649,train,47_0029.wav,spk_47_0018,Central,47
train,5650,train,47_0030.wav,spk_47_0019,Central,47
train,5651,train,47_0031.wav,spk_47_0020,Central,47
train,5652,train,47_0032.wav,spk_47_0020,Central,47
train,5653,train,47_0033.wav,spk_47_0021,Central,47
train,5654,train,47_0034.wav,spk_47_0022,Central,47
train,5655,train,47_0035.wav,spk_47_0022,Central,47
train,5656,train,47_0036.wav,spk_47_0023,Central,47
train,5657,train,47_0037.wav,spk_47_0024,Central,47
train,5658,train,47_0038.wav,spk_47_0025,Central,47
train,5659,train,47_0039.wav,spk_47_0026,Central,47
train,5660,train,47_0040.wav,spk_47_0027,Central,47
train,5661,train,47_0041.wav,spk_47_0028,Central,47
train,5662,train,47_0042.wav,spk_47_0029,Central,47
train,5663,train,47_0043.wav,spk_47_0030,Central,47
train,5664,train,47_0044.wav,spk_47_0030,Central,47
train,5665,train,47_0045.wav,spk_47_0030,Central,47
train,5666,train,47_0046.wav,spk_47_0030,Central,47
train,5667,train,47_0047.wav,spk_47_0030,Central,47
train,5668,train,47_0048.wav,spk_47_0031,Central,47
train,5669,train,47_0049.wav,spk_47_0032,Central,47
train,5670,train,47_0050.wav,spk_47_0033,Central,47
train,5671,train,47_0051.wav,spk_47_0034,Central,47
train,5672,train,47_0052.wav,spk_47_0035,Central,47
train,5673,train,47_0053.wav,spk_47_0036,Central,47
train,5674,train,47_0054.wav,spk_47_0037,Central,47
train,5675,train,47_0055.wav,spk_47_0038,Central,47
train,5676,train,47_0056.wav,spk_47_0039,Central,47
train,5677,train,47_0057.wav,spk_47_0040,Central,47
train,5678,train,47_0058.wav,spk_47_0041,Central,47
train,5679,train,47_0059.wav,spk_47_0042,Central,47
train,5680,train,47_0060.wav,spk_47_0043,Central,47
train,5681,train,47_0061.wav,spk_47_0044,Central,47
train,5682,train,47_0062.wav,spk_47_0045,Central,47
train,5683,train,47_0063.wav,spk_47_0046,Central,47
train,5684,train,47_0064.wav,spk_47_0047,Central,47
train,5685,train,47_0065.wav,spk_47_0048,Central,47
train,5686,train,47_0066.wav,spk_47_0049,Central,47
train,5687,train,47_0067.wav,spk_47_0049,Central,47
train,5688,train,47_0068.wav,spk_47_0049,Central,47
train,5689,train,47_0069.wav,spk_47_0050,Central,47
train,5690,train,47_0070.wav,spk_47_0050,Central,47
train,5691,train,47_0071.wav,spk_47_0051,Central,47
train,5692,train,47_0072.wav,spk_47_0051,Central,47
train,5693,train,47_0073.wav,spk_47_0052,Central,47
train,5694,train,47_0074.wav,spk_47_0053,Central,47
train,5695,train,47_0075.wav,spk_47_0054,Central,47
train,5696,train,47_0076.wav,spk_47_0054,Central,47
train,5697,train,47_0077.wav,spk_47_0055,Central,47
train,5698,train,47_0078.wav,spk_47_0056,Central,47
train,5699,train,47_0079.wav,spk_47_0057,Central,47
train,5700,train,47_0080.wav,spk_47_0057,Central,47
train,5701,train,47_0081.wav,spk_47_0058,Central,47
train,5702,train,47_0082.wav,spk_47_0058,Central,47
train,5703,train,47_0083.wav,spk_47_0059,Central,47
train,5704,train,47_0084.wav,spk_47_0060,Central,47
train,5705,train,47_0085.wav,spk_47_0061,Central,47
train,5706,train,47_0086.wav,spk_47_0062,Central,47
train,5707,train,47_0087.wav,spk_47_0062,Central,47
train,5708,train,47_0088.wav,spk_47_0063,Central,47
train,5709,train,47_0089.wav,spk_47_0064,Central,47
train,5710,train,47_0090.wav,spk_47_0064,Central,47
train,5711,train,47_0091.wav,spk_47_0064,Central,47
train,5712,train,47_0092.wav,spk_47_0064,Central,47
train,5713,train,47_0093.wav,spk_47_0064,Central,47
train,5714,train,47_0094.wav,spk_47_0064,Central,47
train,5715,train,47_0095.wav,spk_47_0065,Central,47
train,5716,train,47_0096.wav,spk_47_0065,Central,47
train,5717,train,47_0097.wav,spk_47_0066,Central,47
train,5718,train,47_0098.wav,spk_47_0067,Central,47
train,5719,train,47_0099.wav,spk_47_0068,Central,47
train,5720,train,47_0100.wav,spk_47_0069,Central,47
train,5721,train,47_0101.wav,spk_47_0070,Central,47
train,5722,train,47_0102.wav,spk_47_0070,Central,47
train,5723,train,47_0103.wav,spk_47_0071,Central,47
train,5724,train,47_0104.wav,spk_47_0072,Central,47
train,5725,train,47_0105.wav,spk_47_0073,Central,47
train,5726,train,47_0106.wav,spk_47_0074,Central,47
train,5727,train,47_0107.wav,spk_47_0074,Central,47
train,5728,train,47_0108.wav,spk_47_0075,Central,47
train,5729,train,47_0109.wav,spk_47_0075,Central,47
train,5730,train,47_0110.wav,spk_47_0076,Central,47
train,5731,train,47_0111.wav,spk_47_0076,Central,47
train,5732,train,47_0112.wav,spk_47_0077,Central,47
train,5733,train,47_0113.wav,spk_47_0078,Central,47
train,5734,train,47_0114.wav,spk_47_0079,Central,47
train,5735,train,47_0115.wav,spk_47_0080,Central,47
train,5736,train,47_0116.wav,spk_47_0081,Central,47
train,5737,train,47_0117.wav,spk_47_0082,Central,47
train,5738,train,47_0118.wav,spk_47_0083,Central,47
train,5739,train,47_0119.wav,spk_47_0083,Central,47
train,5740,train,47_0120.wav,spk_47_0084,Central,47
train,5741,train,47_0121.wav,spk_47_0085,Central,47
train,5742,train,47_0122.wav,spk_47_0085,Central,47
train,5743,train,47_0123.wav,spk_47_0086,Central,47
train,5744,train,47_0124.wav,spk_47_0086,Central,47
train,5745,train,47_0125.wav,spk_47_0087,Central,47
train,5746,train,47_0126.wav,spk_47_0087,Central,47
train,5747,train,47_0127.wav,spk_47_0088,Central,47
train,5748,train,47_0128.wav,spk_47_0088,Central,47
train,5749,train,47_0129.wav,spk_47_0089,Central,47
train,5750,train,47_0130.wav,spk_47_0089,Central,47
train,5751,train,47_0131.wav,spk_47_0090,Central,47
train,5752,train,47_0132.wav,spk_47_0090,Central,47
train,5753,train,47_0133.wav,spk_47_0091,Central,47
train,5754,train,47_0134.wav,spk_47_0091,Central,47
train,5755,train,47_0135.wav,spk_47_0092,Central,47
train,5756,train,47_0136.wav,spk_47_0092,Central,47
train,5757,train,47_0137.wav,spk_47_0093,Central,47
train,5758,train,47_0138.wav,spk_47_0094,Central,47
train,5759,train,47_0139.wav,spk_47_0095,Central,47
train,5760,train,47_0140.wav,spk_47_0096,Central,47
train,5761,train,47_0141.wav,spk_47_0097,Central,47
train,5762,train,47_0142.wav,spk_47_0097,Central,47
train,5763,train,47_0143.wav,spk_47_0098,Central,47
train,5764,train,47_0144.wav,spk_47_0098,Central,47
train,5765,train,47_0145.wav,spk_47_0099,Central,47
train,5766,train,47_0146.wav,spk_47_0100,Central,47
train,5767,train,47_0147.wav,spk_47_0100,Central,47
train,5768,train,47_0148.wav,spk_47_0101,Central,47
train,5769,train,47_0149.wav,spk_47_0101,Central,47
train,5770,train,47_0150.wav,spk_47_0102,Central,47
train,5771,train,47_0151.wav,spk_47_0102,Central,47
train,5772,train,47_0152.wav,spk_47_0103,Central,47
train,5773,train,47_0153.wav,spk_47_0104,Central,47
train,5774,train,47_0154.wav,spk_47_0105,Central,47
train,5775,train,47_0155.wav,spk_47_0106,Central,47
train,5776,train,47_0156.wav,spk_47_0106,Central,47
train,5777,train,47_0157.wav,spk_47_0107,Central,47
train,5778,train,47_0158.wav,spk_47_0108,Central,47
train,5779,train,47_0159.wav,spk_47_0109,Central,47
train,5780,train,47_0160.wav,spk_47_0110,Central,47
train,5781,train,47_0161.wav,spk_47_0111,Central,47
train,5782,train,47_0162.wav,spk_47_0112,Central,47
train,5783,train,47_0163.wav,spk_47_0113,Central,47
train,5784,train,47_0164.wav,spk_47_0113,Central,47
train,5785,train,47_0165.wav,spk_47_0114,Central,47
train,5786,train,47_0166.wav,spk_47_0115,Central,47
train,5787,train,47_0167.wav,spk_47_0116,Central,47
train,5788,train,47_0168.wav,spk_47_0117,Central,47
train,5789,train,47_0169.wav,spk_47_0117,Central,47
train,5790,train,47_0170.wav,spk_47_0118,Central,47
train,5791,train,47_0171.wav,spk_47_0119,Central,47
train,5792,train,47_0172.wav,spk_47_0120,Central,47
train,5793,train,47_0173.wav,spk_47_0120,Central,47
train,5794,train,47_0174.wav,spk_47_0121,Central,47
train,5795,train,47_0175.wav,spk_47_0122,Central,47
train,5796,train,47_0176.wav,spk_47_0123,Central,47
train,5797,train,47_0177.wav,spk_47_0124,Central,47
train,5798,train,47_0178.wav,spk_47_0125,Central,47
train,5799,train,47_0179.wav,spk_47_0126,Central,47
train,5800,train,47_0180.wav,spk_47_0127,Central,47
train,5801,train,47_0181.wav,spk_47_0128,Central,47
train,5802,train,47_0182.wav,spk_47_0128,Central,47
train,5803,train,47_0183.wav,spk_47_0129,Central,47
train,5804,train,47_0184.wav,spk_47_0130,Central,47
train,5805,train,47_0185.wav,spk_47_0131,Central,47
train,5806,train,47_0186.wav,spk_47_0132,Central,47
train,5807,train,47_0187.wav,spk_47_0133,Central,47
train,5808,train,47_0188.wav,spk_47_0134,Central,47
train,5809,train,47_0189.wav,spk_47_0134,Central,47
train,5810,train,47_0190.wav,spk_47_0135,Central,47
train,5811,train,47_0191.wav,spk_47_0135,Central,47
train,5812,train,47_0192.wav,spk_47_0136,Central,47
train,5813,train,47_0193.wav,spk_47_0137,Central,47
train,5814,train,47_0194.wav,spk_47_0137,Central,47
train,5815,train,47_0195.wav,spk_47_0138,Central,47
train,5816,train,47_0196.wav,spk_47_0138,Central,47
train,5817,train,47_0197.wav,spk_47_0138,Central,47
train,5818,train,47_0198.wav,spk_47_0139,Central,47
train,5819,train,47_0199.wav,spk_47_0140,Central,47
train,5820,train,47_0200.wav,spk_47_0141,Central,47
train,5821,train,47_0201.wav,spk_47_0142,Central,47
train,5822,train,47_0202.wav,spk_47_0142,Central,47
train,5823,train,47_0203.wav,spk_47_0142,Central,47
train,5824,train,47_0204.wav,spk_47_0143,Central,47
train,5825,train,47_0205.wav,spk_47_0144,Central,47
train,5826,train,47_0206.wav,spk_47_0144,Central,47
train,5827,train,47_0207.wav,spk_47_0145,Central,47
train,5828,train,47_0208.wav,spk_47_0146,Central,47
train,5829,train,47_0209.wav,spk_47_0147,Central,47
train,5830,train,47_0210.wav,spk_47_0148,Central,47
train,5831,train,47_0211.wav,spk_47_0148,Central,47
train,5832,train,47_0212.wav,spk_47_0149,Central,47
train,5833,train,47_0213.wav,spk_47_0150,Central,47
train,5834,train,47_0214.wav,spk_47_0151,Central,47
train,5835,train,47_0215.wav,spk_47_0152,Central,47
train,5836,train,47_0216.wav,spk_47_0153,Central,47
train,5837,train,47_0217.wav,spk_47_0154,Central,47
train,5838,train,47_0218.wav,spk_47_0154,Central,47
train,5839,train,47_0219.wav,spk_47_0155,Central,47
train,5840,train,47_0220.wav,spk_47_0156,Central,47
train,5841,train,47_0221.wav,spk_47_0157,Central,47
train,5842,train,47_0222.wav,spk_47_0157,Central,47
train,5843,train,47_0223.wav,spk_47_0158,Central,47
train,5844,train,47_0224.wav,spk_47_0159,Central,47
train,5845,train,47_0225.wav,spk_47_0160,Central,47
train,5846,train,47_0226.wav,spk_47_0161,Central,47
train,5847,train,47_0227.wav,spk_47_0161,Central,47
train,5848,train,47_0228.wav,spk_47_0162,Central,47
train,5849,train,47_0229.wav,spk_47_0162,Central,47
train,5850,train,47_0230.wav,spk_47_0163,Central,47
train,5851,train,47_0234.wav,spk_47_0167,Central,47
train,5852,train,47_0235.wav,spk_47_0168,Central,47
train,5853,train,47_0236.wav,spk_47_0168,Central,47
train,5854,train,47_0237.wav,spk_47_0169,Central,47
train,5855,train,47_0238.wav,spk_47_0169,Central,47
train,5856,train,47_0239.wav,spk_47_0170,Central,47
train,5857,train,47_0240.wav,spk_47_0170,Central,47
train,5858,train,47_0241.wav,spk_47_0171,Central,47
train,5859,train,47_0242.wav,spk_47_0171,Central,47
train,5860,train,47_0243.wav,spk_47_0172,Central,47
train,5861,train,47_0244.wav,spk_47_0172,Central,47
train,5862,train,47_0245.wav,spk_47_0173,Central,47
train,5863,train,47_0246.wav,spk_47_0174,Central,47
train,5864,train,47_0247.wav,spk_47_0175,Central,47
train,5865,train,48_0001.wav,spk_48_0001,Central,48
train,5866,train,48_0002.wav,spk_48_0002,Central,48
train,5867,train,48_0003.wav,spk_48_0003,Central,48
train,5868,train,48_0004.wav,spk_48_0004,Central,48
train,5869,train,48_0005.wav,spk_48_0005,Central,48
train,5870,train,48_0006.wav,spk_48_0006,Central,48
train,5871,train,48_0007.wav,spk_48_0007,Central,48
train,5872,train,48_0008.wav,spk_48_0008,Central,48
train,5873,train,48_0009.wav,spk_48_0009,Central,48
train,5874,train,48_0010.wav,spk_48_0010,Central,48
train,5875,train,48_0011.wav,spk_48_0011,Central,48
train,5876,train,48_0012.wav,spk_48_0012,Central,48
train,5877,train,48_0013.wav,spk_48_0013,Central,48
train,5878,train,48_0014.wav,spk_48_0014,Central,48
train,5879,train,48_0015.wav,spk_48_0015,Central,48
train,5880,train,48_0016.wav,spk_48_0016,Central,48
train,5881,train,48_0017.wav,spk_48_0016,Central,48
train,5882,train,48_0018.wav,spk_48_0017,Central,48
train,5883,train,48_0019.wav,spk_48_0017,Central,48
train,5884,train,48_0020.wav,spk_48_0017,Central,48
train,5885,train,48_0021.wav,spk_48_0018,Central,48
train,5886,train,48_0022.wav,spk_48_0019,Central,48
train,5887,train,48_0023.wav,spk_48_0020,Central,48
train,5888,train,48_0024.wav,spk_48_0021,Central,48
train,5889,train,48_0025.wav,spk_48_0022,Central,48
train,5890,train,48_0026.wav,spk_48_0023,Central,48
train,5891,train,48_0027.wav,spk_48_0024,Central,48
train,5892,train,48_0028.wav,spk_48_0025,Central,48
train,5893,train,48_0029.wav,spk_48_0026,Central,48
train,5894,train,48_0030.wav,spk_48_0027,Central,48
train,5895,train,48_0031.wav,spk_48_0027,Central,48
train,5896,train,48_0032.wav,spk_48_0028,Central,48
train,5897,train,48_0033.wav,spk_48_0029,Central,48
train,5898,train,48_0034.wav,spk_48_0030,Central,48
train,5899,train,48_0035.wav,spk_48_0030,Central,48
train,5900,train,48_0036.wav,spk_48_0031,Central,48
train,5901,train,48_0037.wav,spk_48_0031,Central,48
train,5902,train,48_0038.wav,spk_48_0032,Central,48
train,5903,train,48_0039.wav,spk_48_0033,Central,48
train,5904,train,48_0040.wav,spk_48_0034,Central,48
train,5905,train,48_0041.wav,spk_48_0035,Central,48
train,5906,train,48_0042.wav,spk_48_0036,Central,48
train,5907,train,48_0043.wav,spk_48_0037,Central,48
train,5908,train,48_0044.wav,spk_48_0038,Central,48
train,5909,train,48_0045.wav,spk_48_0039,Central,48
train,5910,train,48_0046.wav,spk_48_0039,Central,48
train,5911,train,48_0047.wav,spk_48_0040,Central,48
train,5912,train,48_0048.wav,spk_48_0041,Central,48
train,5913,train,48_0049.wav,spk_48_0041,Central,48
train,5914,train,48_0050.wav,spk_48_0041,Central,48
train,5915,train,48_0051.wav,spk_48_0042,Central,48
train,5916,train,48_0052.wav,spk_48_0043,Central,48
train,5917,train,48_0053.wav,spk_48_0044,Central,48
train,5918,train,48_0054.wav,spk_48_0045,Central,48
train,5919,train,48_0055.wav,spk_48_0046,Central,48
train,5920,train,48_0056.wav,spk_48_0047,Central,48
train,5921,train,48_0057.wav,spk_48_0048,Central,48
train,5922,train,48_0058.wav,spk_48_0049,Central,48
train,5923,train,48_0059.wav,spk_48_0049,Central,48
train,5924,train,48_0060.wav,spk_48_0049,Central,48
train,5925,train,48_0061.wav,spk_48_0050,Central,48
train,5926,train,48_0062.wav,spk_48_0051,Central,48
train,5927,train,48_0063.wav,spk_48_0052,Central,48
train,5928,train,48_0064.wav,spk_48_0053,Central,48
train,5929,train,48_0065.wav,spk_48_0054,Central,48
train,5930,train,48_0066.wav,spk_48_0055,Central,48
train,5931,train,48_0067.wav,spk_48_0056,Central,48
train,5932,train,48_0068.wav,spk_48_0057,Central,48
train,5933,train,48_0069.wav,spk_48_0058,Central,48
train,5934,train,48_0070.wav,spk_48_0059,Central,48
train,5935,train,48_0071.wav,spk_48_0060,Central,48
train,5936,train,48_0072.wav,spk_48_0060,Central,48
train,5937,train,48_0073.wav,spk_48_0061,Central,48
train,5938,train,48_0074.wav,spk_48_0062,Central,48
train,5939,train,48_0075.wav,spk_48_0062,Central,48
train,5940,train,48_0076.wav,spk_48_0063,Central,48
train,5941,train,48_0077.wav,spk_48_0064,Central,48
train,5942,train,48_0078.wav,spk_48_0065,Central,48
train,5943,train,48_0079.wav,spk_48_0066,Central,48
train,5944,train,48_0080.wav,spk_48_0067,Central,48
train,5945,train,48_0081.wav,spk_48_0068,Central,48
train,5946,train,48_0082.wav,spk_48_0068,Central,48
train,5947,train,48_0083.wav,spk_48_0069,Central,48
train,5948,train,48_0084.wav,spk_48_0070,Central,48
train,5949,train,48_0085.wav,spk_48_0071,Central,48
train,5950,train,48_0086.wav,spk_48_0072,Central,48
train,5951,train,48_0087.wav,spk_48_0073,Central,48
train,5952,train,48_0088.wav,spk_48_0074,Central,48
train,5953,train,48_0089.wav,spk_48_0075,Central,48
train,5954,train,48_0090.wav,spk_48_0075,Central,48
train,5955,train,48_0091.wav,spk_48_0076,Central,48
train,5956,train,48_0092.wav,spk_48_0077,Central,48
train,5957,train,48_0093.wav,spk_48_0078,Central,48
train,5958,train,48_0094.wav,spk_48_0079,Central,48
train,5959,train,48_0095.wav,spk_48_0079,Central,48
train,5960,train,48_0096.wav,spk_48_0080,Central,48
train,5961,train,48_0097.wav,spk_48_0081,Central,48
train,5962,train,48_0098.wav,spk_48_0082,Central,48
train,5963,train,48_0099.wav,spk_48_0083,Central,48
train,5964,train,48_0100.wav,spk_48_0083,Central,48
train,5965,train,48_0101.wav,spk_48_0084,Central,48
train,5966,train,48_0102.wav,spk_48_0084,Central,48
train,5967,train,48_0103.wav,spk_48_0085,Central,48
train,5968,train,48_0104.wav,spk_48_0085,Central,48
train,5969,train,48_0105.wav,spk_48_0086,Central,48
train,5970,train,48_0106.wav,spk_48_0086,Central,48
train,5971,train,48_0107.wav,spk_48_0087,Central,48
train,5972,train,48_0108.wav,spk_48_0088,Central,48
train,5973,train,48_0109.wav,spk_48_0089,Central,48
train,5974,train,48_0110.wav,spk_48_0090,Central,48
train,5975,train,48_0111.wav,spk_48_0091,Central,48
train,5976,train,48_0112.wav,spk_48_0092,Central,48
train,5977,train,48_0113.wav,spk_48_0093,Central,48
train,5978,train,48_0114.wav,spk_48_0093,Central,48
train,5979,train,48_0115.wav,spk_48_0094,Central,48
train,5980,train,48_0116.wav,spk_48_0094,Central,48
train,5981,train,48_0117.wav,spk_48_0095,Central,48
train,5982,train,48_0118.wav,spk_48_0096,Central,48
train,5983,train,48_0119.wav,spk_48_0096,Central,48
train,5984,train,48_0120.wav,spk_48_0097,Central,48
train,5985,train,48_0121.wav,spk_48_0097,Central,48
train,5986,train,48_0122.wav,spk_48_0098,Central,48
train,5987,train,48_0123.wav,spk_48_0098,Central,48
train,5988,train,48_0124.wav,spk_48_0099,Central,48
train,5989,train,48_0125.wav,spk_48_0100,Central,48
train,5990,train,48_0126.wav,spk_48_0101,Central,48
train,5991,train,48_0127.wav,spk_48_0101,Central,48
train,5992,train,48_0128.wav,spk_48_0102,Central,48
train,5993,train,48_0129.wav,spk_48_0102,Central,48
train,5994,train,48_0130.wav,spk_48_0103,Central,48
train,5995,train,48_0131.wav,spk_48_0103,Central,48
train,5996,train,48_0132.wav,spk_48_0104,Central,48
train,5997,train,48_0133.wav,spk_48_0105,Central,48
train,5998,train,48_0134.wav,spk_48_0106,Central,48
train,5999,train,48_0135.wav,spk_48_0106,Central,48
train,6000,train,48_0136.wav,spk_48_0107,Central,48
train,6001,train,48_0137.wav,spk_48_0108,Central,48
train,6002,train,48_0138.wav,spk_48_0109,Central,48
train,6003,train,48_0139.wav,spk_48_0110,Central,48
train,6004,train,48_0140.wav,spk_48_0111,Central,48
train,6005,train,48_0141.wav,spk_48_0112,Central,48
train,6006,train,48_0142.wav,spk_48_0113,Central,48
train,6007,train,48_0143.wav,spk_48_0113,Central,48
train,6008,train,48_0144.wav,spk_48_0114,Central,48
train,6009,train,48_0145.wav,spk_48_0115,Central,48
train,6010,train,48_0146.wav,spk_48_0116,Central,48
train,6011,train,48_0147.wav,spk_48_0117,Central,48
train,6012,train,48_0148.wav,spk_48_0118,Central,48
train,6013,train,48_0149.wav,spk_48_0119,Central,48
train,6014,train,48_0150.wav,spk_48_0119,Central,48
train,6015,train,48_0151.wav,spk_48_0119,Central,48
train,6016,train,48_0152.wav,spk_48_0120,Central,48
train,6017,train,48_0153.wav,spk_48_0121,Central,48
train,6018,train,48_0154.wav,spk_48_0122,Central,48
train,6019,train,48_0155.wav,spk_48_0122,Central,48
train,6020,train,48_0156.wav,spk_48_0123,Central,48
train,6021,train,48_0157.wav,spk_48_0124,Central,48
train,6022,train,48_0158.wav,spk_48_0125,Central,48
train,6023,train,48_0159.wav,spk_48_0126,Central,48
train,6024,train,48_0160.wav,spk_48_0127,Central,48
train,6025,train,48_0161.wav,spk_48_0128,Central,48
train,6026,train,48_0162.wav,spk_48_0129,Central,48
train,6027,train,48_0163.wav,spk_48_0130,Central,48
train,6028,train,48_0164.wav,spk_48_0130,Central,48
train,6029,train,48_0165.wav,spk_48_0131,Central,48
train,6030,train,48_0166.wav,spk_48_0132,Central,48
train,6031,train,48_0167.wav,spk_48_0133,Central,48
train,6032,train,48_0168.wav,spk_48_0134,Central,48
train,6033,train,48_0169.wav,spk_48_0134,Central,48
train,6034,train,48_0170.wav,spk_48_0135,Central,48
train,6035,train,48_0171.wav,spk_48_0135,Central,48
train,6036,train,48_0172.wav,spk_48_0136,Central,48
train,6037,train,48_0173.wav,spk_48_0137,Central,48
train,6038,train,48_0174.wav,spk_48_0137,Central,48
train,6039,train,48_0175.wav,spk_48_0137,Central,48
train,6040,train,48_0176.wav,spk_48_0138,Central,48
train,6041,train,48_0177.wav,spk_48_0139,Central,48
train,6042,train,48_0178.wav,spk_48_0140,Central,48
train,6043,train,48_0179.wav,spk_48_0141,Central,48
train,6044,train,48_0180.wav,spk_48_0142,Central,48
train,6045,train,48_0181.wav,spk_48_0143,Central,48
train,6046,train,48_0182.wav,spk_48_0144,Central,48
train,6047,train,48_0183.wav,spk_48_0145,Central,48
train,6048,train,48_0184.wav,spk_48_0146,Central,48
train,6049,train,48_0185.wav,spk_48_0147,Central,48
train,6050,train,48_0186.wav,spk_48_0148,Central,48
train,6051,train,48_0187.wav,spk_48_0149,Central,48
train,6052,train,48_0188.wav,spk_48_0150,Central,48
train,6053,train,48_0189.wav,spk_48_0151,Central,48
train,6054,train,48_0190.wav,spk_48_0152,Central,48
train,6055,train,48_0191.wav,spk_48_0153,Central,48
train,6056,train,48_0192.wav,spk_48_0154,Central,48
train,6057,train,48_0193.wav,spk_48_0155,Central,48
train,6058,train,48_0194.wav,spk_48_0156,Central,48
train,6059,train,48_0195.wav,spk_48_0157,Central,48
train,6060,train,48_0196.wav,spk_48_0158,Central,48
train,6061,train,48_0197.wav,spk_48_0159,Central,48
train,6062,train,48_0198.wav,spk_48_0160,Central,48
train,6063,train,48_0199.wav,spk_48_0161,Central,48
train,6064,train,48_0200.wav,spk_48_0162,Central,48
train,6065,train,48_0201.wav,spk_48_0163,Central,48
train,6066,train,48_0202.wav,spk_48_0164,Central,48
train,6067,train,48_0203.wav,spk_48_0165,Central,48
train,6068,train,48_0204.wav,spk_48_0166,Central,48
train,6069,train,48_0205.wav,spk_48_0167,Central,48
train,6070,train,48_0206.wav,spk_48_0168,Central,48
train,6071,train,48_0207.wav,spk_48_0169,Central,48
train,6072,train,48_0208.wav,spk_48_0170,Central,48
train,6073,train,48_0209.wav,spk_48_0171,Central,48
train,6074,train,48_0210.wav,spk_48_0172,Central,48
train,6075,train,48_0211.wav,spk_48_0173,Central,48
train,6076,train,48_0212.wav,spk_48_0174,Central,48
train,6077,train,48_0213.wav,spk_48_0175,Central,48
train,6078,train,48_0214.wav,spk_48_0176,Central,48
train,6079,train,48_0215.wav,spk_48_0177,Central,48
train,6080,train,48_0216.wav,spk_48_0178,Central,48
train,6081,train,48_0217.wav,spk_48_0179,Central,48
train,6082,train,48_0218.wav,spk_48_0180,Central,48
train,6083,train,48_0219.wav,spk_48_0181,Central,48
train,6084,train,48_0220.wav,spk_48_0182,Central,48
train,6085,train,48_0221.wav,spk_48_0183,Central,48
train,6086,train,48_0222.wav,spk_48_0184,Central,48
train,6087,train,48_0223.wav,spk_48_0185,Central,48
train,6088,train,48_0224.wav,spk_48_0186,Central,48
train,6089,train,48_0225.wav,spk_48_0187,Central,48
train,6090,train,48_0226.wav,spk_48_0188,Central,48
train,6091,train,48_0227.wav,spk_48_0189,Central,48
train,6092,train,48_0228.wav,spk_48_0190,Central,48
train,6093,train,48_0229.wav,spk_48_0191,Central,48
train,6094,train,48_0230.wav,spk_48_0192,Central,48
train,6095,train,48_0231.wav,spk_48_0193,Central,48
train,6096,train,48_0232.wav,spk_48_0194,Central,48
train,6097,train,48_0233.wav,spk_48_0195,Central,48
train,6098,train,48_0234.wav,spk_48_0196,Central,48
train,6099,train,48_0235.wav,spk_48_0197,Central,48
train,6100,train,48_0236.wav,spk_48_0197,Central,48
train,6101,train,48_0237.wav,spk_48_0198,Central,48
train,6102,train,48_0239.wav,spk_48_0200,Central,48
train,6103,train,48_0240.wav,spk_48_0201,Central,48
train,6104,train,48_0241.wav,spk_48_0201,Central,48
train,6105,train,48_0242.wav,spk_48_0201,Central,48
train,6106,train,48_0243.wav,spk_48_0202,Central,48
train,6107,train,48_0244.wav,spk_48_0203,Central,48
train,6108,train,48_0245.wav,spk_48_0204,Central,48
train,6109,train,49_0001.wav,spk_49_0001,Central,49
train,6110,train,49_0002.wav,spk_49_0002,Central,49
train,6111,train,49_0003.wav,spk_49_0003,Central,49
train,6112,train,49_0004.wav,spk_49_0004,Central,49
train,6113,train,49_0005.wav,spk_49_0005,Central,49
train,6114,train,49_0006.wav,spk_49_0005,Central,49
train,6115,train,49_0007.wav,spk_49_0006,Central,49
train,6116,train,49_0008.wav,spk_49_0006,Central,49
train,6117,train,49_0009.wav,spk_49_0007,Central,49
train,6118,train,49_0010.wav,spk_49_0007,Central,49
train,6119,train,49_0011.wav,spk_49_0007,Central,49
train,6120,train,49_0012.wav,spk_49_0007,Central,49
train,6121,train,49_0013.wav,spk_49_0008,Central,49
train,6122,train,49_0014.wav,spk_49_0008,Central,49
train,6123,train,49_0015.wav,spk_49_0008,Central,49
train,6124,train,49_0016.wav,spk_49_0009,Central,49
train,6125,train,49_0017.wav,spk_49_0010,Central,49
train,6126,train,49_0018.wav,spk_49_0010,Central,49
train,6127,train,49_0019.wav,spk_49_0011,Central,49
train,6128,train,49_0020.wav,spk_49_0012,Central,49
train,6129,train,49_0021.wav,spk_49_0012,Central,49
train,6130,train,49_0022.wav,spk_49_0013,Central,49
train,6131,train,49_0023.wav,spk_49_0013,Central,49
train,6132,train,49_0024.wav,spk_49_0014,Central,49
train,6133,train,49_0025.wav,spk_49_0015,Central,49
train,6134,train,49_0026.wav,spk_49_0015,Central,49
train,6135,train,49_0027.wav,spk_49_0016,Central,49
train,6136,train,49_0028.wav,spk_49_0017,Central,49
train,6137,train,49_0029.wav,spk_49_0017,Central,49
train,6138,train,49_0030.wav,spk_49_0017,Central,49
train,6139,train,49_0031.wav,spk_49_0017,Central,49
train,6140,train,49_0032.wav,spk_49_0018,Central,49
train,6141,train,49_0033.wav,spk_49_0018,Central,49
train,6142,train,49_0034.wav,spk_49_0019,Central,49
train,6143,train,49_0035.wav,spk_49_0019,Central,49
train,6144,train,49_0036.wav,spk_49_0020,Central,49
train,6145,train,49_0037.wav,spk_49_0020,Central,49
train,6146,train,49_0038.wav,spk_49_0021,Central,49
train,6147,train,49_0039.wav,spk_49_0022,Central,49
train,6148,train,49_0040.wav,spk_49_0022,Central,49
train,6149,train,49_0041.wav,spk_49_0023,Central,49
train,6150,train,49_0042.wav,spk_49_0023,Central,49
train,6151,train,49_0043.wav,spk_49_0023,Central,49
train,6152,train,49_0044.wav,spk_49_0023,Central,49
train,6153,train,49_0045.wav,spk_49_0024,Central,49
train,6154,train,49_0046.wav,spk_49_0024,Central,49
train,6155,train,49_0047.wav,spk_49_0025,Central,49
train,6156,train,49_0048.wav,spk_49_0025,Central,49
train,6157,train,49_0049.wav,spk_49_0026,Central,49
train,6158,train,49_0050.wav,spk_49_0026,Central,49
train,6159,train,49_0051.wav,spk_49_0026,Central,49
train,6160,train,49_0052.wav,spk_49_0027,Central,49
train,6161,train,49_0053.wav,spk_49_0027,Central,49
train,6162,train,49_0054.wav,spk_49_0027,Central,49
train,6163,train,49_0055.wav,spk_49_0028,Central,49
train,6164,train,49_0056.wav,spk_49_0029,Central,49
train,6165,train,49_0057.wav,spk_49_0030,Central,49
train,6166,train,49_0058.wav,spk_49_0030,Central,49
train,6167,train,49_0059.wav,spk_49_0030,Central,49
train,6168,train,49_0060.wav,spk_49_0031,Central,49
train,6169,train,49_0061.wav,spk_49_0031,Central,49
train,6170,train,49_0062.wav,spk_49_0031,Central,49
train,6171,train,49_0063.wav,spk_49_0032,Central,49
train,6172,train,49_0064.wav,spk_49_0032,Central,49
train,6173,train,49_0065.wav,spk_49_0033,Central,49
train,6174,train,49_0066.wav,spk_49_0033,Central,49
train,6175,train,49_0067.wav,spk_49_0033,Central,49
train,6176,train,49_0068.wav,spk_49_0034,Central,49
train,6177,train,49_0069.wav,spk_49_0034,Central,49
train,6178,train,49_0070.wav,spk_49_0034,Central,49
train,6179,train,49_0071.wav,spk_49_0035,Central,49
train,6180,train,49_0072.wav,spk_49_0036,Central,49
train,6181,train,49_0073.wav,spk_49_0037,Central,49
train,6182,train,49_0074.wav,spk_49_0038,Central,49
train,6183,train,49_0075.wav,spk_49_0039,Central,49
train,6184,train,49_0076.wav,spk_49_0040,Central,49
train,6185,train,49_0077.wav,spk_49_0040,Central,49
train,6186,train,49_0078.wav,spk_49_0041,Central,49
train,6187,train,49_0079.wav,spk_49_0042,Central,49
train,6188,train,49_0080.wav,spk_49_0042,Central,49
train,6189,train,49_0081.wav,spk_49_0042,Central,49
train,6190,train,49_0082.wav,spk_49_0043,Central,49
train,6191,train,49_0083.wav,spk_49_0043,Central,49
train,6192,train,49_0084.wav,spk_49_0043,Central,49
train,6193,train,49_0085.wav,spk_49_0044,Central,49
train,6194,train,49_0086.wav,spk_49_0044,Central,49
train,6195,train,49_0087.wav,spk_49_0044,Central,49
train,6196,train,49_0088.wav,spk_49_0044,Central,49
train,6197,train,49_0089.wav,spk_49_0045,Central,49
train,6198,train,49_0090.wav,spk_49_0045,Central,49
train,6199,train,49_0091.wav,spk_49_0045,Central,49
train,6200,train,49_0092.wav,spk_49_0046,Central,49
train,6201,train,49_0093.wav,spk_49_0047,Central,49
train,6202,train,49_0094.wav,spk_49_0048,Central,49
train,6203,train,49_0095.wav,spk_49_0048,Central,49
train,6204,train,49_0096.wav,spk_49_0049,Central,49
train,6205,train,49_0097.wav,spk_49_0050,Central,49
train,6206,train,49_0098.wav,spk_49_0051,Central,49
train,6207,train,49_0099.wav,spk_49_0052,Central,49
train,6208,train,49_0100.wav,spk_49_0052,Central,49
train,6209,train,49_0101.wav,spk_49_0052,Central,49
train,6210,train,49_0102.wav,spk_49_0053,Central,49
train,6211,train,49_0103.wav,spk_49_0053,Central,49
train,6212,train,49_0104.wav,spk_49_0053,Central,49
train,6213,train,49_0105.wav,spk_49_0053,Central,49
train,6214,train,49_0106.wav,spk_49_0054,Central,49
train,6215,train,49_0107.wav,spk_49_0054,Central,49
train,6216,train,49_0108.wav,spk_49_0055,Central,49
train,6217,train,49_0109.wav,spk_49_0056,Central,49
train,6218,train,49_0110.wav,spk_49_0057,Central,49
train,6219,train,49_0111.wav,spk_49_0057,Central,49
train,6220,train,49_0112.wav,spk_49_0058,Central,49
train,6221,train,49_0113.wav,spk_49_0059,Central,49
train,6222,train,49_0114.wav,spk_49_0059,Central,49
train,6223,train,49_0115.wav,spk_49_0060,Central,49
train,6224,train,49_0116.wav,spk_49_0061,Central,49
train,6225,train,49_0117.wav,spk_49_0061,Central,49
train,6226,train,49_0118.wav,spk_49_0062,Central,49
train,6227,train,49_0119.wav,spk_49_0062,Central,49
train,6228,train,49_0120.wav,spk_49_0063,Central,49
train,6229,train,49_0121.wav,spk_49_0063,Central,49
train,6230,train,49_0122.wav,spk_49_0063,Central,49
train,6231,train,49_0123.wav,spk_49_0063,Central,49
train,6232,train,49_0124.wav,spk_49_0064,Central,49
train,6233,train,49_0125.wav,spk_49_0064,Central,49
train,6234,train,49_0126.wav,spk_49_0064,Central,49
train,6235,train,49_0127.wav,spk_49_0064,Central,49
train,6236,train,49_0128.wav,spk_49_0065,Central,49
train,6237,train,49_0129.wav,spk_49_0066,Central,49
train,6238,train,49_0130.wav,spk_49_0066,Central,49
train,6239,train,49_0131.wav,spk_49_0067,Central,49
train,6240,train,49_0132.wav,spk_49_0068,Central,49
train,6241,train,49_0133.wav,spk_49_0068,Central,49
train,6242,train,49_0134.wav,spk_49_0068,Central,49
train,6243,train,49_0135.wav,spk_49_0069,Central,49
train,6244,train,49_0136.wav,spk_49_0070,Central,49
train,6245,train,49_0137.wav,spk_49_0071,Central,49
train,6246,train,49_0138.wav,spk_49_0071,Central,49
train,6247,train,49_0139.wav,spk_49_0071,Central,49
train,6248,train,49_0140.wav,spk_49_0072,Central,49
train,6249,train,49_0141.wav,spk_49_0072,Central,49
train,6250,train,49_0142.wav,spk_49_0073,Central,49
train,6251,train,49_0143.wav,spk_49_0073,Central,49
train,6252,train,49_0144.wav,spk_49_0073,Central,49
train,6253,train,49_0145.wav,spk_49_0074,Central,49
train,6254,train,49_0146.wav,spk_49_0075,Central,49
train,6255,train,49_0147.wav,spk_49_0076,Central,49
train,6256,train,49_0148.wav,spk_49_0076,Central,49
train,6257,train,49_0149.wav,spk_49_0077,Central,49
train,6258,train,49_0150.wav,spk_49_0077,Central,49
train,6259,train,49_0151.wav,spk_49_0078,Central,49
train,6260,train,49_0152.wav,spk_49_0079,Central,49
train,6261,train,49_0153.wav,spk_49_0080,Central,49
train,6262,train,49_0154.wav,spk_49_0081,Central,49
train,6263,train,49_0155.wav,spk_49_0082,Central,49
train,6264,train,49_0156.wav,spk_49_0083,Central,49
train,6265,train,49_0157.wav,spk_49_0083,Central,49
train,6266,train,49_0158.wav,spk_49_0083,Central,49
train,6267,train,49_0159.wav,spk_49_0084,Central,49
train,6268,train,49_0160.wav,spk_49_0085,Central,49
train,6269,train,49_0161.wav,spk_49_0085,Central,49
train,6270,train,49_0162.wav,spk_49_0085,Central,49
train,6271,train,49_0163.wav,spk_49_0086,Central,49
train,6272,train,49_0164.wav,spk_49_0087,Central,49
train,6273,train,49_0165.wav,spk_49_0088,Central,49
train,6274,train,49_0166.wav,spk_49_0089,Central,49
train,6275,train,49_0167.wav,spk_49_0090,Central,49
train,6276,train,49_0168.wav,spk_49_0091,Central,49
train,6277,train,49_0169.wav,spk_49_0091,Central,49
train,6278,train,49_0170.wav,spk_49_0092,Central,49
train,6279,train,49_0171.wav,spk_49_0092,Central,49
train,6280,train,49_0172.wav,spk_49_0093,Central,49
train,6281,train,49_0173.wav,spk_49_0094,Central,49
train,6282,train,49_0174.wav,spk_49_0095,Central,49
train,6283,train,49_0175.wav,spk_49_0096,Central,49
train,6284,train,49_0176.wav,spk_49_0096,Central,49
train,6285,train,49_0177.wav,spk_49_0097,Central,49
train,6286,train,49_0178.wav,spk_49_0098,Central,49
train,6287,train,49_0179.wav,spk_49_0099,Central,49
train,6288,train,49_0180.wav,spk_49_0099,Central,49
train,6289,train,49_0181.wav,spk_49_0100,Central,49
train,6290,train,49_0182.wav,spk_49_0100,Central,49
train,6291,train,49_0183.wav,spk_49_0101,Central,49
train,6292,train,49_0184.wav,spk_49_0102,Central,49
train,6293,train,49_0185.wav,spk_49_0103,Central,49
train,6294,train,49_0186.wav,spk_49_0104,Central,49
train,6295,train,49_0187.wav,spk_49_0105,Central,49
train,6296,train,49_0188.wav,spk_49_0106,Central,49
train,6297,train,49_0189.wav,spk_49_0107,Central,49
train,6298,train,49_0190.wav,spk_49_0108,Central,49
train,6299,train,49_0191.wav,spk_49_0109,Central,49
train,6300,train,49_0192.wav,spk_49_0110,Central,49
train,6301,train,49_0193.wav,spk_49_0111,Central,49
train,6302,train,49_0194.wav,spk_49_0111,Central,49
train,6303,train,49_0195.wav,spk_49_0112,Central,49
train,6304,train,49_0196.wav,spk_49_0112,Central,49
train,6305,train,49_0197.wav,spk_49_0113,Central,49
train,6306,train,49_0198.wav,spk_49_0113,Central,49
train,6307,train,49_0199.wav,spk_49_0114,Central,49
train,6308,train,49_0200.wav,spk_49_0115,Central,49
train,6309,train,49_0201.wav,spk_49_0116,Central,49
train,6310,train,49_0202.wav,spk_49_0117,Central,49
train,6311,train,49_0203.wav,spk_49_0118,Central,49
train,6312,train,49_0204.wav,spk_49_0119,Central,49
train,6313,train,49_0205.wav,spk_49_0120,Central,49
train,6314,train,49_0206.wav,spk_49_0121,Central,49
train,6315,train,49_0207.wav,spk_49_0121,Central,49
train,6316,train,49_0208.wav,spk_49_0122,Central,49
train,6317,train,49_0209.wav,spk_49_0123,Central,49
train,6318,train,49_0210.wav,spk_49_0123,Central,49
train,6319,train,49_0211.wav,spk_49_0124,Central,49
train,6320,train,49_0212.wav,spk_49_0124,Central,49
train,6321,train,49_0213.wav,spk_49_0125,Central,49
train,6322,train,49_0214.wav,spk_49_0126,Central,49
train,6323,train,49_0215.wav,spk_49_0126,Central,49
train,6324,train,49_0216.wav,spk_49_0126,Central,49
train,6325,train,49_0217.wav,spk_49_0127,Central,49
train,6326,train,49_0224.wav,spk_49_0129,Central,49
train,6327,train,49_0225.wav,spk_49_0129,Central,49
train,6328,train,49_0226.wav,spk_49_0129,Central,49
train,6329,train,49_0229.wav,spk_49_0131,Central,49
train,6330,train,49_0230.wav,spk_49_0131,Central,49
train,6331,train,49_0231.wav,spk_49_0132,Central,49
train,6332,train,49_0232.wav,spk_49_0132,Central,49
train,6333,train,49_0233.wav,spk_49_0133,Central,49
train,6334,train,49_0234.wav,spk_49_0134,Central,49
train,6335,train,49_0235.wav,spk_49_0135,Central,49
train,6336,train,49_0236.wav,spk_49_0136,Central,49
train,6337,train,49_0237.wav,spk_49_0137,Central,49
train,6338,train,49_0238.wav,spk_49_0138,Central,49
train,6339,train,49_0239.wav,spk_49_0138,Central,49
train,6340,train,49_0240.wav,spk_49_0139,Central,49
train,6341,train,49_0241.wav,spk_49_0140,Central,49
train,6342,train,49_0242.wav,spk_49_0140,Central,49
train,6343,train,49_0243.wav,spk_49_0140,Central,49
train,6344,train,49_0244.wav,spk_49_0141,Central,49
train,6345,train,49_0245.wav,spk_49_0141,Central,49
train,6346,train,49_0246.wav,spk_49_0142,Central,49
train,6347,train,49_0248.wav,spk_49_0144,Central,49
train,6348,train,59_0001.wav,spk_59_0001,South,59
train,6349,train,59_0002.wav,spk_59_0002,South,59
train,6350,train,59_0003.wav,spk_59_0002,South,59
train,6351,train,59_0004.wav,spk_59_0003,South,59
train,6352,train,59_0005.wav,spk_59_0004,South,59
train,6353,train,59_0006.wav,spk_59_0005,South,59
train,6354,train,59_0007.wav,spk_59_0006,South,59
train,6355,train,59_0008.wav,spk_59_0007,South,59
train,6356,train,59_0009.wav,spk_59_0008,South,59
train,6357,train,59_0010.wav,spk_59_0009,South,59
train,6358,train,59_0011.wav,spk_59_0010,South,59
train,6359,train,59_0012.wav,spk_59_0011,South,59
train,6360,train,59_0013.wav,spk_59_0012,South,59
train,6361,train,59_0014.wav,spk_59_0013,South,59
train,6362,train,59_0015.wav,spk_59_0014,South,59
train,6363,train,59_0016.wav,spk_59_0015,South,59
train,6364,train,59_0017.wav,spk_59_0016,South,59
train,6365,train,59_0018.wav,spk_59_0017,South,59
train,6366,train,59_0019.wav,spk_59_0018,South,59
train,6367,train,59_0020.wav,spk_59_0019,South,59
train,6368,train,59_0021.wav,spk_59_0020,South,59
train,6369,train,59_0022.wav,spk_59_0021,South,59
train,6370,train,59_0023.wav,spk_59_0021,South,59
train,6371,train,59_0024.wav,spk_59_0022,South,59
train,6372,train,59_0025.wav,spk_59_0022,South,59
train,6373,train,59_0026.wav,spk_59_0023,South,59
train,6374,train,59_0027.wav,spk_59_0024,South,59
train,6375,train,59_0028.wav,spk_59_0025,South,59
train,6376,train,59_0029.wav,spk_59_0026,South,59
train,6377,train,59_0030.wav,spk_59_0027,South,59
train,6378,train,59_0031.wav,spk_59_0028,South,59
train,6379,train,59_0032.wav,spk_59_0029,South,59
train,6380,train,59_0033.wav,spk_59_0030,South,59
train,6381,train,59_0034.wav,spk_59_0031,South,59
train,6382,train,59_0035.wav,spk_59_0032,South,59
train,6383,train,59_0036.wav,spk_59_0033,South,59
train,6384,train,59_0037.wav,spk_59_0034,South,59
train,6385,train,59_0038.wav,spk_59_0034,South,59
train,6386,train,59_0039.wav,spk_59_0035,South,59
train,6387,train,59_0040.wav,spk_59_0036,South,59
train,6388,train,59_0041.wav,spk_59_0037,South,59
train,6389,train,59_0042.wav,spk_59_0038,South,59
train,6390,train,59_0043.wav,spk_59_0039,South,59
train,6391,train,59_0044.wav,spk_59_0039,South,59
train,6392,train,59_0045.wav,spk_59_0040,South,59
train,6393,train,59_0046.wav,spk_59_0041,South,59
train,6394,train,59_0047.wav,spk_59_0041,South,59
train,6395,train,59_0048.wav,spk_59_0042,South,59
train,6396,train,59_0049.wav,spk_59_0043,South,59
train,6397,train,59_0050.wav,spk_59_0044,South,59
train,6398,train,59_0051.wav,spk_59_0045,South,59
train,6399,train,59_0052.wav,spk_59_0046,South,59
train,6400,train,59_0053.wav,spk_59_0047,South,59
train,6401,train,59_0054.wav,spk_59_0048,South,59
train,6402,train,59_0055.wav,spk_59_0049,South,59
train,6403,train,59_0056.wav,spk_59_0049,South,59
train,6404,train,59_0057.wav,spk_59_0050,South,59
train,6405,train,59_0058.wav,spk_59_0051,South,59
train,6406,train,59_0059.wav,spk_59_0052,South,59
train,6407,train,59_0060.wav,spk_59_0053,South,59
train,6408,train,59_0061.wav,spk_59_0054,South,59
train,6409,train,59_0062.wav,spk_59_0055,South,59
train,6410,train,59_0063.wav,spk_59_0056,South,59
train,6411,train,59_0064.wav,spk_59_0057,South,59
train,6412,train,59_0065.wav,spk_59_0057,South,59
train,6413,train,59_0066.wav,spk_59_0057,South,59
train,6414,train,59_0067.wav,spk_59_0057,South,59
train,6415,train,59_0068.wav,spk_59_0058,South,59
train,6416,train,59_0069.wav,spk_59_0058,South,59
train,6417,train,59_0070.wav,spk_59_0058,South,59
train,6418,train,59_0071.wav,spk_59_0058,South,59
train,6419,train,59_0072.wav,spk_59_0059,South,59
train,6420,train,59_0073.wav,spk_59_0060,South,59
train,6421,train,59_0074.wav,spk_59_0061,South,59
train,6422,train,59_0075.wav,spk_59_0062,South,59
train,6423,train,59_0076.wav,spk_59_0063,South,59
train,6424,train,59_0077.wav,spk_59_0063,South,59
train,6425,train,59_0078.wav,spk_59_0064,South,59
train,6426,train,59_0079.wav,spk_59_0065,South,59
train,6427,train,59_0080.wav,spk_59_0066,South,59
train,6428,train,59_0081.wav,spk_59_0067,South,59
train,6429,train,59_0082.wav,spk_59_0068,South,59
train,6430,train,59_0083.wav,spk_59_0069,South,59
train,6431,train,59_0084.wav,spk_59_0070,South,59
train,6432,train,59_0085.wav,spk_59_0071,South,59
train,6433,train,59_0086.wav,spk_59_0072,South,59
train,6434,train,59_0087.wav,spk_59_0073,South,59
train,6435,train,59_0088.wav,spk_59_0074,South,59
train,6436,train,59_0089.wav,spk_59_0075,South,59
train,6437,train,59_0090.wav,spk_59_0076,South,59
train,6438,train,59_0091.wav,spk_59_0077,South,59
train,6439,train,59_0092.wav,spk_59_0078,South,59
train,6440,train,59_0093.wav,spk_59_0079,South,59
train,6441,train,59_0094.wav,spk_59_0080,South,59
train,6442,train,59_0095.wav,spk_59_0081,South,59
train,6443,train,59_0096.wav,spk_59_0082,South,59
train,6444,train,59_0097.wav,spk_59_0083,South,59
train,6445,train,59_0098.wav,spk_59_0084,South,59
train,6446,train,59_0099.wav,spk_59_0085,South,59
train,6447,train,59_0100.wav,spk_59_0086,South,59
train,6448,train,59_0101.wav,spk_59_0087,South,59
train,6449,train,59_0102.wav,spk_59_0088,South,59
train,6450,train,59_0103.wav,spk_59_0088,South,59
train,6451,train,59_0104.wav,spk_59_0089,South,59
train,6452,train,59_0105.wav,spk_59_0090,South,59
train,6453,train,59_0106.wav,spk_59_0091,South,59
train,6454,train,59_0107.wav,spk_59_0092,South,59
train,6455,train,59_0108.wav,spk_59_0093,South,59
train,6456,train,59_0109.wav,spk_59_0094,South,59
train,6457,train,59_0110.wav,spk_59_0095,South,59
train,6458,train,59_0111.wav,spk_59_0096,South,59
train,6459,train,59_0112.wav,spk_59_0096,South,59
train,6460,train,59_0113.wav,spk_59_0096,South,59
train,6461,train,59_0114.wav,spk_59_0096,South,59
train,6462,train,59_0115.wav,spk_59_0096,South,59
train,6463,train,59_0116.wav,spk_59_0097,South,59
train,6464,train,59_0117.wav,spk_59_0097,South,59
train,6465,train,59_0118.wav,spk_59_0098,South,59
train,6466,train,59_0119.wav,spk_59_0098,South,59
train,6467,train,59_0120.wav,spk_59_0098,South,59
train,6468,train,59_0121.wav,spk_59_0099,South,59
train,6469,train,59_0122.wav,spk_59_0100,South,59
train,6470,train,59_0123.wav,spk_59_0101,South,59
train,6471,train,59_0124.wav,spk_59_0102,South,59
train,6472,train,59_0125.wav,spk_59_0103,South,59
train,6473,train,59_0126.wav,spk_59_0104,South,59
train,6474,train,59_0127.wav,spk_59_0105,South,59
train,6475,train,59_0128.wav,spk_59_0106,South,59
train,6476,train,59_0129.wav,spk_59_0107,South,59
train,6477,train,59_0130.wav,spk_59_0108,South,59
train,6478,train,59_0131.wav,spk_59_0109,South,59
train,6479,train,59_0132.wav,spk_59_0110,South,59
train,6480,train,59_0133.wav,spk_59_0110,South,59
train,6481,train,59_0134.wav,spk_59_0111,South,59
train,6482,train,59_0135.wav,spk_59_0112,South,59
train,6483,train,59_0136.wav,spk_59_0112,South,59
train,6484,train,59_0137.wav,spk_59_0113,South,59
train,6485,train,59_0138.wav,spk_59_0114,South,59
train,6486,train,59_0139.wav,spk_59_0115,South,59
train,6487,train,59_0140.wav,spk_59_0116,South,59
train,6488,train,59_0141.wav,spk_59_0117,South,59
train,6489,train,59_0142.wav,spk_59_0118,South,59
train,6490,train,59_0143.wav,spk_59_0119,South,59
train,6491,train,59_0144.wav,spk_59_0120,South,59
train,6492,train,59_0145.wav,spk_59_0121,South,59
train,6493,train,59_0146.wav,spk_59_0122,South,59
train,6494,train,59_0147.wav,spk_59_0123,South,59
train,6495,train,59_0148.wav,spk_59_0124,South,59
train,6496,train,59_0149.wav,spk_59_0124,South,59
train,6497,train,59_0150.wav,spk_59_0125,South,59
train,6498,train,59_0151.wav,spk_59_0126,South,59
train,6499,train,59_0152.wav,spk_59_0127,South,59
train,6500,train,59_0153.wav,spk_59_0128,South,59
train,6501,train,59_0154.wav,spk_59_0129,South,59
train,6502,train,59_0155.wav,spk_59_0130,South,59
train,6503,train,59_0156.wav,spk_59_0131,South,59
train,6504,train,59_0157.wav,spk_59_0132,South,59
train,6505,train,59_0158.wav,spk_59_0133,South,59
train,6506,train,59_0159.wav,spk_59_0134,South,59
train,6507,train,59_0160.wav,spk_59_0135,South,59
train,6508,train,59_0161.wav,spk_59_0136,South,59
train,6509,train,59_0162.wav,spk_59_0137,South,59
train,6510,train,59_0163.wav,spk_59_0138,South,59
train,6511,train,59_0164.wav,spk_59_0139,South,59
train,6512,train,59_0165.wav,spk_59_0140,South,59
train,6513,train,59_0166.wav,spk_59_0141,South,59
train,6514,train,59_0167.wav,spk_59_0142,South,59
train,6515,train,59_0168.wav,spk_59_0143,South,59
train,6516,train,59_0169.wav,spk_59_0143,South,59
train,6517,train,59_0170.wav,spk_59_0144,South,59
train,6518,train,59_0171.wav,spk_59_0145,South,59
train,6519,train,59_0172.wav,spk_59_0146,South,59
train,6520,train,59_0173.wav,spk_59_0147,South,59
train,6521,train,59_0174.wav,spk_59_0148,South,59
train,6522,train,59_0175.wav,spk_59_0148,South,59
train,6523,train,59_0176.wav,spk_59_0149,South,59
train,6524,train,59_0177.wav,spk_59_0150,South,59
train,6525,train,59_0178.wav,spk_59_0151,South,59
train,6526,train,59_0179.wav,spk_59_0152,South,59
train,6527,train,59_0180.wav,spk_59_0153,South,59
train,6528,train,59_0181.wav,spk_59_0154,South,59
train,6529,train,59_0182.wav,spk_59_0155,South,59
train,6530,train,59_0183.wav,spk_59_0156,South,59
train,6531,train,59_0184.wav,spk_59_0157,South,59
train,6532,train,59_0185.wav,spk_59_0158,South,59
train,6533,train,59_0186.wav,spk_59_0159,South,59
train,6534,train,59_0187.wav,spk_59_0160,South,59
train,6535,train,59_0188.wav,spk_59_0161,South,59
train,6536,train,59_0189.wav,spk_59_0162,South,59
train,6537,train,59_0190.wav,spk_59_0163,South,59
train,6538,train,59_0191.wav,spk_59_0164,South,59
train,6539,train,59_0192.wav,spk_59_0165,South,59
train,6540,train,59_0193.wav,spk_59_0166,South,59
train,6541,train,59_0194.wav,spk_59_0167,South,59
train,6542,train,59_0195.wav,spk_59_0168,South,59
train,6543,train,59_0196.wav,spk_59_0169,South,59
train,6544,train,59_0197.wav,spk_59_0170,South,59
train,6545,train,59_0198.wav,spk_59_0170,South,59
train,6546,train,59_0199.wav,spk_59_0170,South,59
train,6547,train,59_0200.wav,spk_59_0170,South,59
train,6548,train,59_0201.wav,spk_59_0171,South,59
train,6549,train,59_0202.wav,spk_59_0172,South,59
train,6550,train,59_0203.wav,spk_59_0173,South,59
train,6551,train,59_0204.wav,spk_59_0174,South,59
train,6552,train,59_0205.wav,spk_59_0175,South,59
train,6553,train,59_0206.wav,spk_59_0176,South,59
train,6554,train,59_0207.wav,spk_59_0177,South,59
train,6555,train,59_0208.wav,spk_59_0178,South,59
train,6556,train,59_0209.wav,spk_59_0179,South,59
train,6557,train,59_0210.wav,spk_59_0180,South,59
train,6558,train,59_0211.wav,spk_59_0181,South,59
train,6559,train,59_0212.wav,spk_59_0182,South,59
train,6560,train,59_0213.wav,spk_59_0183,South,59
train,6561,train,59_0214.wav,spk_59_0184,South,59
train,6562,train,59_0215.wav,spk_59_0184,South,59
train,6563,train,59_0216.wav,spk_59_0185,South,59
train,6564,train,59_0217.wav,spk_59_0185,South,59
train,6565,train,59_0218.wav,spk_59_0186,South,59
train,6566,train,59_0219.wav,spk_59_0187,South,59
train,6567,train,59_0220.wav,spk_59_0188,South,59
train,6568,train,59_0221.wav,spk_59_0189,South,59
train,6569,train,59_0222.wav,spk_59_0190,South,59
train,6570,train,59_0223.wav,spk_59_0191,South,59
train,6571,train,59_0224.wav,spk_59_0192,South,59
train,6572,train,59_0225.wav,spk_59_0193,South,59
train,6573,train,59_0226.wav,spk_59_0194,South,59
train,6574,train,59_0227.wav,spk_59_0195,South,59
train,6575,train,59_0228.wav,spk_59_0196,South,59
train,6576,train,59_0229.wav,spk_59_0197,South,59
train,6577,train,59_0230.wav,spk_59_0198,South,59
train,6578,train,59_0231.wav,spk_59_0199,South,59
train,6579,train,59_0232.wav,spk_59_0200,South,59
train,6580,train,59_0233.wav,spk_59_0201,South,59
train,6581,train,59_0234.wav,spk_59_0202,South,59
train,6582,train,59_0235.wav,spk_59_0203,South,59
train,6583,train,59_0236.wav,spk_59_0204,South,59
train,6584,train,59_0237.wav,spk_59_0205,South,59
train,6585,train,59_0238.wav,spk_59_0206,South,59
train,6586,train,59_0239.wav,spk_59_0207,South,59
train,6587,train,59_0240.wav,spk_59_0208,South,59
train,6588,train,59_0241.wav,spk_59_0209,South,59
train,6589,train,59_0242.wav,spk_59_0210,South,59
train,6590,train,59_0243.wav,spk_59_0211,South,59
train,6591,train,59_0244.wav,spk_59_0212,South,59
train,6592,train,59_0245.wav,spk_59_0213,South,59
train,6593,train,59_0246.wav,spk_59_0214,South,59
train,6594,train,60_0001.wav,spk_60_0001,South,60
train,6595,train,60_0002.wav,spk_60_0001,South,60
train,6596,train,60_0003.wav,spk_60_0002,South,60
train,6597,train,60_0004.wav,spk_60_0002,South,60
train,6598,train,60_0005.wav,spk_60_0002,South,60
train,6599,train,60_0006.wav,spk_60_0003,South,60
train,6600,train,60_0007.wav,spk_60_0003,South,60
train,6601,train,60_0008.wav,spk_60_0004,South,60
train,6602,train,60_0009.wav,spk_60_0004,South,60
train,6603,train,60_0010.wav,spk_60_0004,South,60
train,6604,train,60_0011.wav,spk_60_0004,South,60
train,6605,train,60_0012.wav,spk_60_0004,South,60
train,6606,train,60_0013.wav,spk_60_0005,South,60
train,6607,train,60_0014.wav,spk_60_0005,South,60
train,6608,train,60_0015.wav,spk_60_0006,South,60
train,6609,train,60_0016.wav,spk_60_0006,South,60
train,6610,train,60_0017.wav,spk_60_0007,South,60
train,6611,train,60_0018.wav,spk_60_0008,South,60
train,6612,train,60_0019.wav,spk_60_0009,South,60
train,6613,train,60_0020.wav,spk_60_0009,South,60
train,6614,train,60_0021.wav,spk_60_0010,South,60
train,6615,train,60_0022.wav,spk_60_0011,South,60
train,6616,train,60_0023.wav,spk_60_0012,South,60
train,6617,train,60_0024.wav,spk_60_0013,South,60
train,6618,train,60_0025.wav,spk_60_0013,South,60
train,6619,train,60_0026.wav,spk_60_0014,South,60
train,6620,train,60_0027.wav,spk_60_0014,South,60
train,6621,train,60_0028.wav,spk_60_0015,South,60
train,6622,train,60_0029.wav,spk_60_0016,South,60
train,6623,train,60_0030.wav,spk_60_0016,South,60
train,6624,train,60_0031.wav,spk_60_0016,South,60
train,6625,train,60_0032.wav,spk_60_0017,South,60
train,6626,train,60_0033.wav,spk_60_0017,South,60
train,6627,train,60_0034.wav,spk_60_0018,South,60
train,6628,train,60_0035.wav,spk_60_0018,South,60
train,6629,train,60_0036.wav,spk_60_0018,South,60
train,6630,train,60_0037.wav,spk_60_0019,South,60
train,6631,train,60_0038.wav,spk_60_0019,South,60
train,6632,train,60_0039.wav,spk_60_0019,South,60
train,6633,train,60_0040.wav,spk_60_0020,South,60
train,6634,train,60_0041.wav,spk_60_0020,South,60
train,6635,train,60_0042.wav,spk_60_0020,South,60
train,6636,train,60_0043.wav,spk_60_0021,South,60
train,6637,train,60_0044.wav,spk_60_0021,South,60
train,6638,train,60_0045.wav,spk_60_0022,South,60
train,6639,train,60_0046.wav,spk_60_0022,South,60
train,6640,train,60_0047.wav,spk_60_0023,South,60
train,6641,train,60_0048.wav,spk_60_0023,South,60
train,6642,train,60_0049.wav,spk_60_0024,South,60
train,6643,train,60_0050.wav,spk_60_0024,South,60
train,6644,train,60_0051.wav,spk_60_0025,South,60
train,6645,train,60_0052.wav,spk_60_0026,South,60
train,6646,train,60_0053.wav,spk_60_0027,South,60
train,6647,train,60_0054.wav,spk_60_0027,South,60
train,6648,train,60_0055.wav,spk_60_0028,South,60
train,6649,train,60_0056.wav,spk_60_0029,South,60
train,6650,train,60_0057.wav,spk_60_0030,South,60
train,6651,train,60_0058.wav,spk_60_0031,South,60
train,6652,train,60_0059.wav,spk_60_0031,South,60
train,6653,train,60_0060.wav,spk_60_0032,South,60
train,6654,train,60_0061.wav,spk_60_0033,South,60
train,6655,train,60_0062.wav,spk_60_0033,South,60
train,6656,train,60_0063.wav,spk_60_0034,South,60
train,6657,train,60_0064.wav,spk_60_0035,South,60
train,6658,train,60_0065.wav,spk_60_0035,South,60
train,6659,train,60_0066.wav,spk_60_0036,South,60
train,6660,train,60_0067.wav,spk_60_0037,South,60
train,6661,train,60_0068.wav,spk_60_0038,South,60
train,6662,train,60_0069.wav,spk_60_0038,South,60
train,6663,train,60_0070.wav,spk_60_0038,South,60
train,6664,train,60_0071.wav,spk_60_0039,South,60
train,6665,train,60_0072.wav,spk_60_0039,South,60
train,6666,train,60_0073.wav,spk_60_0040,South,60
train,6667,train,60_0074.wav,spk_60_0040,South,60
train,6668,train,60_0075.wav,spk_60_0041,South,60
train,6669,train,60_0076.wav,spk_60_0042,South,60
train,6670,train,60_0077.wav,spk_60_0042,South,60
train,6671,train,60_0078.wav,spk_60_0043,South,60
train,6672,train,60_0079.wav,spk_60_0043,South,60
train,6673,train,60_0080.wav,spk_60_0043,South,60
train,6674,train,60_0081.wav,spk_60_0043,South,60
train,6675,train,60_0082.wav,spk_60_0044,South,60
train,6676,train,60_0083.wav,spk_60_0044,South,60
train,6677,train,60_0084.wav,spk_60_0044,South,60
train,6678,train,60_0085.wav,spk_60_0044,South,60
train,6679,train,60_0086.wav,spk_60_0044,South,60
train,6680,train,60_0087.wav,spk_60_0044,South,60
train,6681,train,60_0088.wav,spk_60_0044,South,60
train,6682,train,60_0089.wav,spk_60_0044,South,60
train,6683,train,60_0090.wav,spk_60_0045,South,60
train,6684,train,60_0091.wav,spk_60_0045,South,60
train,6685,train,60_0092.wav,spk_60_0045,South,60
train,6686,train,60_0093.wav,spk_60_0046,South,60
train,6687,train,60_0094.wav,spk_60_0046,South,60
train,6688,train,60_0095.wav,spk_60_0047,South,60
train,6689,train,60_0096.wav,spk_60_0047,South,60
train,6690,train,60_0097.wav,spk_60_0047,South,60
train,6691,train,60_0098.wav,spk_60_0048,South,60
train,6692,train,60_0099.wav,spk_60_0049,South,60
train,6693,train,60_0100.wav,spk_60_0050,South,60
train,6694,train,60_0101.wav,spk_60_0050,South,60
train,6695,train,60_0102.wav,spk_60_0050,South,60
train,6696,train,60_0103.wav,spk_60_0050,South,60
train,6697,train,60_0104.wav,spk_60_0051,South,60
train,6698,train,60_0105.wav,spk_60_0052,South,60
train,6699,train,60_0106.wav,spk_60_0052,South,60
train,6700,train,60_0107.wav,spk_60_0053,South,60
train,6701,train,60_0108.wav,spk_60_0054,South,60
train,6702,train,60_0109.wav,spk_60_0054,South,60
train,6703,train,60_0110.wav,spk_60_0054,South,60
train,6704,train,60_0111.wav,spk_60_0055,South,60
train,6705,train,60_0112.wav,spk_60_0056,South,60
train,6706,train,60_0113.wav,spk_60_0056,South,60
train,6707,train,60_0114.wav,spk_60_0057,South,60
train,6708,train,60_0115.wav,spk_60_0057,South,60
train,6709,train,60_0116.wav,spk_60_0057,South,60
train,6710,train,60_0117.wav,spk_60_0057,South,60
train,6711,train,60_0118.wav,spk_60_0058,South,60
train,6712,train,60_0119.wav,spk_60_0058,South,60
train,6713,train,60_0120.wav,spk_60_0059,South,60
train,6714,train,60_0121.wav,spk_60_0059,South,60
train,6715,train,60_0122.wav,spk_60_0060,South,60
train,6716,train,60_0123.wav,spk_60_0060,South,60
train,6717,train,60_0124.wav,spk_60_0061,South,60
train,6718,train,60_0125.wav,spk_60_0062,South,60
train,6719,train,60_0126.wav,spk_60_0062,South,60
train,6720,train,60_0127.wav,spk_60_0063,South,60
train,6721,train,60_0128.wav,spk_60_0063,South,60
train,6722,train,60_0129.wav,spk_60_0064,South,60
train,6723,train,60_0130.wav,spk_60_0064,South,60
train,6724,train,60_0131.wav,spk_60_0065,South,60
train,6725,train,60_0132.wav,spk_60_0065,South,60
train,6726,train,60_0133.wav,spk_60_0065,South,60
train,6727,train,60_0134.wav,spk_60_0065,South,60
train,6728,train,60_0135.wav,spk_60_0065,South,60
train,6729,train,60_0136.wav,spk_60_0066,South,60
train,6730,train,60_0137.wav,spk_60_0066,South,60
train,6731,train,60_0138.wav,spk_60_0067,South,60
train,6732,train,60_0139.wav,spk_60_0067,South,60
train,6733,train,60_0140.wav,spk_60_0067,South,60
train,6734,train,60_0141.wav,spk_60_0068,South,60
train,6735,train,60_0142.wav,spk_60_0068,South,60
train,6736,train,60_0143.wav,spk_60_0068,South,60
train,6737,train,60_0144.wav,spk_60_0068,South,60
train,6738,train,60_0145.wav,spk_60_0068,South,60
train,6739,train,60_0146.wav,spk_60_0069,South,60
train,6740,train,60_0147.wav,spk_60_0069,South,60
train,6741,train,60_0148.wav,spk_60_0070,South,60
train,6742,train,60_0149.wav,spk_60_0071,South,60
train,6743,train,60_0150.wav,spk_60_0072,South,60
train,6744,train,60_0151.wav,spk_60_0072,South,60
train,6745,train,60_0152.wav,spk_60_0073,South,60
train,6746,train,60_0153.wav,spk_60_0074,South,60
train,6747,train,60_0154.wav,spk_60_0075,South,60
train,6748,train,60_0155.wav,spk_60_0075,South,60
train,6749,train,60_0156.wav,spk_60_0075,South,60
train,6750,train,60_0157.wav,spk_60_0075,South,60
train,6751,train,60_0158.wav,spk_60_0076,South,60
train,6752,train,60_0159.wav,spk_60_0076,South,60
train,6753,train,60_0160.wav,spk_60_0077,South,60
train,6754,train,60_0161.wav,spk_60_0077,South,60
train,6755,train,60_0162.wav,spk_60_0077,South,60
train,6756,train,60_0163.wav,spk_60_0077,South,60
train,6757,train,60_0164.wav,spk_60_0077,South,60
train,6758,train,60_0165.wav,spk_60_0077,South,60
train,6759,train,60_0166.wav,spk_60_0078,South,60
train,6760,train,60_0167.wav,spk_60_0078,South,60
train,6761,train,60_0168.wav,spk_60_0079,South,60
train,6762,train,60_0169.wav,spk_60_0080,South,60
train,6763,train,60_0170.wav,spk_60_0080,South,60
train,6764,train,60_0171.wav,spk_60_0081,South,60
train,6765,train,60_0172.wav,spk_60_0081,South,60
train,6766,train,60_0173.wav,spk_60_0082,South,60
train,6767,train,60_0174.wav,spk_60_0083,South,60
train,6768,train,60_0175.wav,spk_60_0083,South,60
train,6769,train,60_0176.wav,spk_60_0084,South,60
train,6770,train,60_0177.wav,spk_60_0085,South,60
train,6771,train,60_0178.wav,spk_60_0086,South,60
train,6772,train,60_0179.wav,spk_60_0086,South,60
train,6773,train,60_0180.wav,spk_60_0087,South,60
train,6774,train,60_0181.wav,spk_60_0087,South,60
train,6775,train,60_0182.wav,spk_60_0088,South,60
train,6776,train,60_0183.wav,spk_60_0089,South,60
train,6777,train,60_0184.wav,spk_60_0090,South,60
train,6778,train,60_0185.wav,spk_60_0091,South,60
train,6779,train,60_0186.wav,spk_60_0091,South,60
train,6780,train,60_0187.wav,spk_60_0092,South,60
train,6781,train,60_0188.wav,spk_60_0092,South,60
train,6782,train,60_0189.wav,spk_60_0092,South,60
train,6783,train,60_0190.wav,spk_60_0093,South,60
train,6784,train,60_0191.wav,spk_60_0094,South,60
train,6785,train,60_0192.wav,spk_60_0094,South,60
train,6786,train,60_0193.wav,spk_60_0095,South,60
train,6787,train,60_0194.wav,spk_60_0095,South,60
train,6788,train,60_0195.wav,spk_60_0096,South,60
train,6789,train,60_0196.wav,spk_60_0097,South,60
train,6790,train,60_0197.wav,spk_60_0098,South,60
train,6791,train,60_0198.wav,spk_60_0098,South,60
train,6792,train,60_0199.wav,spk_60_0099,South,60
train,6793,train,60_0200.wav,spk_60_0100,South,60
train,6794,train,60_0201.wav,spk_60_0100,South,60
train,6795,train,60_0202.wav,spk_60_0100,South,60
train,6796,train,60_0203.wav,spk_60_0101,South,60
train,6797,train,60_0204.wav,spk_60_0101,South,60
train,6798,train,60_0205.wav,spk_60_0102,South,60
train,6799,train,60_0206.wav,spk_60_0103,South,60
train,6800,train,60_0207.wav,spk_60_0104,South,60
train,6801,train,60_0208.wav,spk_60_0105,South,60
train,6802,train,60_0209.wav,spk_60_0106,South,60
train,6803,train,60_0210.wav,spk_60_0106,South,60
train,6804,train,60_0211.wav,spk_60_0107,South,60
train,6805,train,60_0212.wav,spk_60_0107,South,60
train,6806,train,60_0213.wav,spk_60_0108,South,60
train,6807,train,60_0214.wav,spk_60_0108,South,60
train,6808,train,60_0216.wav,spk_60_0110,South,60
train,6809,train,60_0222.wav,spk_60_0113,South,60
train,6810,train,60_0229.wav,spk_60_0117,South,60
train,6811,train,60_0230.wav,spk_60_0117,South,60
train,6812,train,61_0001.wav,spk_61_0001,South,61
train,6813,train,61_0002.wav,spk_61_0001,South,61
train,6814,train,61_0003.wav,spk_61_0002,South,61
train,6815,train,61_0004.wav,spk_61_0002,South,61
train,6816,train,61_0005.wav,spk_61_0003,South,61
train,6817,train,61_0006.wav,spk_61_0004,South,61
train,6818,train,61_0007.wav,spk_61_0005,South,61
train,6819,train,61_0008.wav,spk_61_0005,South,61
train,6820,train,61_0009.wav,spk_61_0006,South,61
train,6821,train,61_0010.wav,spk_61_0006,South,61
train,6822,train,61_0011.wav,spk_61_0006,South,61
train,6823,train,61_0012.wav,spk_61_0007,South,61
train,6824,train,61_0013.wav,spk_61_0008,South,61
train,6825,train,61_0014.wav,spk_61_0008,South,61
train,6826,train,61_0015.wav,spk_61_0009,South,61
train,6827,train,61_0016.wav,spk_61_0009,South,61
train,6828,train,61_0017.wav,spk_61_0010,South,61
train,6829,train,61_0018.wav,spk_61_0010,South,61
train,6830,train,61_0019.wav,spk_61_0011,South,61
train,6831,train,61_0020.wav,spk_61_0012,South,61
train,6832,train,61_0021.wav,spk_61_0012,South,61
train,6833,train,61_0022.wav,spk_61_0013,South,61
train,6834,train,61_0023.wav,spk_61_0014,South,61
train,6835,train,61_0024.wav,spk_61_0015,South,61
train,6836,train,61_0025.wav,spk_61_0016,South,61
train,6837,train,61_0026.wav,spk_61_0016,South,61
train,6838,train,61_0027.wav,spk_61_0017,South,61
train,6839,train,61_0028.wav,spk_61_0017,South,61
train,6840,train,61_0029.wav,spk_61_0018,South,61
train,6841,train,61_0030.wav,spk_61_0019,South,61
train,6842,train,61_0031.wav,spk_61_0020,South,61
train,6843,train,61_0032.wav,spk_61_0021,South,61
train,6844,train,61_0033.wav,spk_61_0022,South,61
train,6845,train,61_0034.wav,spk_61_0023,South,61
train,6846,train,61_0035.wav,spk_61_0024,South,61
train,6847,train,61_0036.wav,spk_61_0025,South,61
train,6848,train,61_0037.wav,spk_61_0026,South,61
train,6849,train,61_0038.wav,spk_61_0027,South,61
train,6850,train,61_0039.wav,spk_61_0027,South,61
train,6851,train,61_0040.wav,spk_61_0028,South,61
train,6852,train,61_0041.wav,spk_61_0029,South,61
train,6853,train,61_0042.wav,spk_61_0030,South,61
train,6854,train,61_0043.wav,spk_61_0031,South,61
train,6855,train,61_0044.wav,spk_61_0032,South,61
train,6856,train,61_0045.wav,spk_61_0033,South,61
train,6857,train,61_0046.wav,spk_61_0034,South,61
train,6858,train,61_0047.wav,spk_61_0035,South,61
train,6859,train,61_0048.wav,spk_61_0036,South,61
train,6860,train,61_0049.wav,spk_61_0036,South,61
train,6861,train,61_0050.wav,spk_61_0037,South,61
train,6862,train,61_0051.wav,spk_61_0038,South,61
train,6863,train,61_0052.wav,spk_61_0039,South,61
train,6864,train,61_0053.wav,spk_61_0039,South,61
train,6865,train,61_0054.wav,spk_61_0040,South,61
train,6866,train,61_0055.wav,spk_61_0041,South,61
train,6867,train,61_0056.wav,spk_61_0041,South,61
train,6868,train,61_0057.wav,spk_61_0042,South,61
train,6869,train,61_0058.wav,spk_61_0043,South,61
train,6870,train,61_0059.wav,spk_61_0044,South,61
train,6871,train,61_0060.wav,spk_61_0045,South,61
train,6872,train,61_0061.wav,spk_61_0046,South,61
train,6873,train,61_0062.wav,spk_61_0047,South,61
train,6874,train,61_0063.wav,spk_61_0047,South,61
train,6875,train,61_0064.wav,spk_61_0047,South,61
train,6876,train,61_0065.wav,spk_61_0047,South,61
train,6877,train,61_0066.wav,spk_61_0048,South,61
train,6878,train,61_0067.wav,spk_61_0049,South,61
train,6879,train,61_0068.wav,spk_61_0050,South,61
train,6880,train,61_0069.wav,spk_61_0051,South,61
train,6881,train,61_0070.wav,spk_61_0052,South,61
train,6882,train,61_0071.wav,spk_61_0053,South,61
train,6883,train,61_0072.wav,spk_61_0054,South,61
train,6884,train,61_0073.wav,spk_61_0054,South,61
train,6885,train,61_0074.wav,spk_61_0055,South,61
train,6886,train,61_0075.wav,spk_61_0056,South,61
train,6887,train,61_0076.wav,spk_61_0057,South,61
train,6888,train,61_0077.wav,spk_61_0058,South,61
train,6889,train,61_0078.wav,spk_61_0058,South,61
train,6890,train,61_0079.wav,spk_61_0058,South,61
train,6891,train,61_0080.wav,spk_61_0059,South,61
train,6892,train,61_0081.wav,spk_61_0059,South,61
train,6893,train,61_0082.wav,spk_61_0060,South,61
train,6894,train,61_0083.wav,spk_61_0061,South,61
train,6895,train,61_0084.wav,spk_61_0062,South,61
train,6896,train,61_0085.wav,spk_61_0063,South,61
train,6897,train,61_0086.wav,spk_61_0064,South,61
train,6898,train,61_0087.wav,spk_61_0065,South,61
train,6899,train,61_0088.wav,spk_61_0066,South,61
train,6900,train,61_0089.wav,spk_61_0067,South,61
train,6901,train,61_0090.wav,spk_61_0067,South,61
train,6902,train,61_0091.wav,spk_61_0068,South,61
train,6903,train,61_0092.wav,spk_61_0069,South,61
train,6904,train,61_0093.wav,spk_61_0070,South,61
train,6905,train,61_0094.wav,spk_61_0071,South,61
train,6906,train,61_0095.wav,spk_61_0072,South,61
train,6907,train,61_0096.wav,spk_61_0073,South,61
train,6908,train,61_0097.wav,spk_61_0074,South,61
train,6909,train,61_0098.wav,spk_61_0075,South,61
train,6910,train,61_0099.wav,spk_61_0076,South,61
train,6911,train,61_0100.wav,spk_61_0076,South,61
train,6912,train,61_0101.wav,spk_61_0077,South,61
train,6913,train,61_0102.wav,spk_61_0078,South,61
train,6914,train,61_0103.wav,spk_61_0079,South,61
train,6915,train,61_0104.wav,spk_61_0079,South,61
train,6916,train,61_0105.wav,spk_61_0080,South,61
train,6917,train,61_0106.wav,spk_61_0080,South,61
train,6918,train,61_0107.wav,spk_61_0081,South,61
train,6919,train,61_0108.wav,spk_61_0082,South,61
train,6920,train,61_0109.wav,spk_61_0083,South,61
train,6921,train,61_0110.wav,spk_61_0084,South,61
train,6922,train,61_0111.wav,spk_61_0085,South,61
train,6923,train,61_0112.wav,spk_61_0086,South,61
train,6924,train,61_0113.wav,spk_61_0087,South,61
train,6925,train,61_0114.wav,spk_61_0088,South,61
train,6926,train,61_0115.wav,spk_61_0089,South,61
train,6927,train,61_0116.wav,spk_61_0090,South,61
train,6928,train,61_0117.wav,spk_61_0091,South,61
train,6929,train,61_0118.wav,spk_61_0092,South,61
train,6930,train,61_0119.wav,spk_61_0093,South,61
train,6931,train,61_0120.wav,spk_61_0093,South,61
train,6932,train,61_0121.wav,spk_61_0094,South,61
train,6933,train,61_0122.wav,spk_61_0095,South,61
train,6934,train,61_0123.wav,spk_61_0095,South,61
train,6935,train,61_0124.wav,spk_61_0096,South,61
train,6936,train,61_0125.wav,spk_61_0096,South,61
train,6937,train,61_0126.wav,spk_61_0096,South,61
train,6938,train,61_0127.wav,spk_61_0096,South,61
train,6939,train,61_0128.wav,spk_61_0096,South,61
train,6940,train,61_0129.wav,spk_61_0097,South,61
train,6941,train,61_0130.wav,spk_61_0098,South,61
train,6942,train,61_0131.wav,spk_61_0098,South,61
train,6943,train,61_0132.wav,spk_61_0099,South,61
train,6944,train,61_0133.wav,spk_61_0100,South,61
train,6945,train,61_0134.wav,spk_61_0100,South,61
train,6946,train,61_0135.wav,spk_61_0101,South,61
train,6947,train,61_0136.wav,spk_61_0102,South,61
train,6948,train,61_0137.wav,spk_61_0103,South,61
train,6949,train,61_0138.wav,spk_61_0104,South,61
train,6950,train,61_0139.wav,spk_61_0105,South,61
train,6951,train,61_0140.wav,spk_61_0106,South,61
train,6952,train,61_0141.wav,spk_61_0107,South,61
train,6953,train,61_0142.wav,spk_61_0108,South,61
train,6954,train,61_0143.wav,spk_61_0109,South,61
train,6955,train,61_0144.wav,spk_61_0110,South,61
train,6956,train,61_0145.wav,spk_61_0110,South,61
train,6957,train,61_0146.wav,spk_61_0111,South,61
train,6958,train,61_0147.wav,spk_61_0112,South,61
train,6959,train,61_0148.wav,spk_61_0112,South,61
train,6960,train,61_0149.wav,spk_61_0113,South,61
train,6961,train,61_0150.wav,spk_61_0114,South,61
train,6962,train,61_0151.wav,spk_61_0115,South,61
train,6963,train,61_0152.wav,spk_61_0116,South,61
train,6964,train,61_0153.wav,spk_61_0117,South,61
train,6965,train,61_0154.wav,spk_61_0118,South,61
train,6966,train,61_0155.wav,spk_61_0119,South,61
train,6967,train,61_0156.wav,spk_61_0120,South,61
train,6968,train,61_0157.wav,spk_61_0121,South,61
train,6969,train,61_0158.wav,spk_61_0121,South,61
train,6970,train,61_0159.wav,spk_61_0122,South,61
train,6971,train,61_0160.wav,spk_61_0122,South,61
train,6972,train,61_0161.wav,spk_61_0123,South,61
train,6973,train,61_0162.wav,spk_61_0123,South,61
train,6974,train,61_0163.wav,spk_61_0124,South,61
train,6975,train,61_0164.wav,spk_61_0125,South,61
train,6976,train,61_0165.wav,spk_61_0126,South,61
train,6977,train,61_0166.wav,spk_61_0126,South,61
train,6978,train,61_0167.wav,spk_61_0127,South,61
train,6979,train,61_0168.wav,spk_61_0128,South,61
train,6980,train,61_0169.wav,spk_61_0128,South,61
train,6981,train,61_0170.wav,spk_61_0129,South,61
train,6982,train,61_0171.wav,spk_61_0130,South,61
train,6983,train,61_0172.wav,spk_61_0131,South,61
train,6984,train,61_0173.wav,spk_61_0132,South,61
train,6985,train,61_0174.wav,spk_61_0132,South,61
train,6986,train,61_0175.wav,spk_61_0133,South,61
train,6987,train,61_0176.wav,spk_61_0134,South,61
train,6988,train,61_0177.wav,spk_61_0134,South,61
train,6989,train,61_0178.wav,spk_61_0135,South,61
train,6990,train,61_0179.wav,spk_61_0135,South,61
train,6991,train,61_0180.wav,spk_61_0136,South,61
train,6992,train,61_0181.wav,spk_61_0137,South,61
train,6993,train,61_0182.wav,spk_61_0137,South,61
train,6994,train,61_0183.wav,spk_61_0138,South,61
train,6995,train,61_0184.wav,spk_61_0139,South,61
train,6996,train,61_0185.wav,spk_61_0139,South,61
train,6997,train,61_0186.wav,spk_61_0139,South,61
train,6998,train,61_0187.wav,spk_61_0139,South,61
train,6999,train,61_0188.wav,spk_61_0140,South,61
train,7000,train,61_0189.wav,spk_61_0141,South,61
train,7001,train,61_0190.wav,spk_61_0142,South,61
train,7002,train,61_0191.wav,spk_61_0143,South,61
train,7003,train,61_0192.wav,spk_61_0144,South,61
train,7004,train,61_0193.wav,spk_61_0144,South,61
train,7005,train,61_0194.wav,spk_61_0144,South,61
train,7006,train,61_0195.wav,spk_61_0145,South,61
train,7007,train,61_0196.wav,spk_61_0146,South,61
train,7008,train,61_0197.wav,spk_61_0146,South,61
train,7009,train,61_0198.wav,spk_61_0147,South,61
train,7010,train,61_0199.wav,spk_61_0148,South,61
train,7011,train,61_0200.wav,spk_61_0149,South,61
train,7012,train,61_0201.wav,spk_61_0150,South,61
train,7013,train,61_0202.wav,spk_61_0151,South,61
train,7014,train,61_0203.wav,spk_61_0152,South,61
train,7015,train,61_0204.wav,spk_61_0153,South,61
train,7016,train,61_0205.wav,spk_61_0153,South,61
train,7017,train,61_0206.wav,spk_61_0154,South,61
train,7018,train,61_0207.wav,spk_61_0154,South,61
train,7019,train,61_0208.wav,spk_61_0155,South,61
train,7020,train,61_0209.wav,spk_61_0156,South,61
train,7021,train,61_0210.wav,spk_61_0156,South,61
train,7022,train,61_0211.wav,spk_61_0156,South,61
train,7023,train,61_0212.wav,spk_61_0156,South,61
train,7024,train,61_0213.wav,spk_61_0157,South,61
train,7025,train,61_0214.wav,spk_61_0158,South,61
train,7026,train,61_0215.wav,spk_61_0159,South,61
train,7027,train,61_0216.wav,spk_61_0160,South,61
train,7028,train,61_0217.wav,spk_61_0161,South,61
train,7029,train,61_0218.wav,spk_61_0161,South,61
train,7030,train,61_0219.wav,spk_61_0161,South,61
train,7031,train,61_0220.wav,spk_61_0161,South,61
train,7032,train,61_0221.wav,spk_61_0162,South,61
train,7033,train,61_0222.wav,spk_61_0162,South,61
train,7034,train,61_0225.wav,spk_61_0165,South,61
train,7035,train,61_0228.wav,spk_61_0168,South,61
train,7036,train,61_0229.wav,spk_61_0169,South,61
train,7037,train,61_0230.wav,spk_61_0169,South,61
train,7038,train,61_0231.wav,spk_61_0170,South,61
train,7039,train,61_0232.wav,spk_61_0171,South,61
train,7040,train,61_0233.wav,spk_61_0171,South,61
train,7041,train,61_0236.wav,spk_61_0174,South,61
train,7042,train,61_0237.wav,spk_61_0175,South,61
train,7043,train,61_0238.wav,spk_61_0176,South,61
train,7044,train,61_0240.wav,spk_61_0178,South,61
train,7045,train,61_0241.wav,spk_61_0179,South,61
train,7046,train,61_0243.wav,spk_61_0181,South,61
train,7047,train,61_0244.wav,spk_61_0181,South,61
train,7048,train,61_0246.wav,spk_61_0183,South,61
train,7049,train,61_0247.wav,spk_61_0184,South,61
train,7050,train,61_0249.wav,spk_61_0186,South,61
train,7051,train,61_0252.wav,spk_61_0188,South,61
train,7052,train,61_0253.wav,spk_61_0188,South,61
train,7053,train,61_0254.wav,spk_61_0189,South,61
train,7054,train,61_0255.wav,spk_61_0189,South,61
train,7055,train,61_0256.wav,spk_61_0190,South,61
train,7056,train,61_0257.wav,spk_61_0191,South,61
train,7057,train,61_0258.wav,spk_61_0191,South,61
train,7058,train,61_0259.wav,spk_61_0192,South,61
train,7059,train,61_0260.wav,spk_61_0193,South,61
train,7060,train,61_0261.wav,spk_61_0194,South,61
train,7061,train,62_0001.wav,spk_62_0001,South,62
train,7062,train,62_0002.wav,spk_62_0002,South,62
train,7063,train,62_0003.wav,spk_62_0003,South,62
train,7064,train,62_0004.wav,spk_62_0004,South,62
train,7065,train,62_0005.wav,spk_62_0005,South,62
train,7066,train,62_0006.wav,spk_62_0006,South,62
train,7067,train,62_0007.wav,spk_62_0007,South,62
train,7068,train,62_0008.wav,spk_62_0008,South,62
train,7069,train,62_0009.wav,spk_62_0008,South,62
train,7070,train,62_0010.wav,spk_62_0009,South,62
train,7071,train,62_0011.wav,spk_62_0010,South,62
train,7072,train,62_0012.wav,spk_62_0011,South,62
train,7073,train,62_0013.wav,spk_62_0012,South,62
train,7074,train,62_0014.wav,spk_62_0013,South,62
train,7075,train,62_0015.wav,spk_62_0014,South,62
train,7076,train,62_0016.wav,spk_62_0015,South,62
train,7077,train,62_0017.wav,spk_62_0016,South,62
train,7078,train,62_0018.wav,spk_62_0017,South,62
train,7079,train,62_0019.wav,spk_62_0017,South,62
train,7080,train,62_0020.wav,spk_62_0018,South,62
train,7081,train,62_0021.wav,spk_62_0018,South,62
train,7082,train,62_0022.wav,spk_62_0019,South,62
train,7083,train,62_0023.wav,spk_62_0020,South,62
train,7084,train,62_0024.wav,spk_62_0020,South,62
train,7085,train,62_0025.wav,spk_62_0021,South,62
train,7086,train,62_0026.wav,spk_62_0022,South,62
train,7087,train,62_0027.wav,spk_62_0023,South,62
train,7088,train,62_0028.wav,spk_62_0024,South,62
train,7089,train,62_0029.wav,spk_62_0025,South,62
train,7090,train,62_0030.wav,spk_62_0026,South,62
train,7091,train,62_0031.wav,spk_62_0027,South,62
train,7092,train,62_0032.wav,spk_62_0027,South,62
train,7093,train,62_0033.wav,spk_62_0027,South,62
train,7094,train,62_0034.wav,spk_62_0028,South,62
train,7095,train,62_0035.wav,spk_62_0029,South,62
train,7096,train,62_0036.wav,spk_62_0030,South,62
train,7097,train,62_0037.wav,spk_62_0031,South,62
train,7098,train,62_0038.wav,spk_62_0032,South,62
train,7099,train,62_0039.wav,spk_62_0032,South,62
train,7100,train,62_0040.wav,spk_62_0032,South,62
train,7101,train,62_0041.wav,spk_62_0033,South,62
train,7102,train,62_0042.wav,spk_62_0033,South,62
train,7103,train,62_0043.wav,spk_62_0033,South,62
train,7104,train,62_0044.wav,spk_62_0034,South,62
train,7105,train,62_0045.wav,spk_62_0035,South,62
train,7106,train,62_0046.wav,spk_62_0036,South,62
train,7107,train,62_0047.wav,spk_62_0037,South,62
train,7108,train,62_0048.wav,spk_62_0038,South,62
train,7109,train,62_0049.wav,spk_62_0039,South,62
train,7110,train,62_0050.wav,spk_62_0040,South,62
train,7111,train,62_0051.wav,spk_62_0041,South,62
train,7112,train,62_0052.wav,spk_62_0041,South,62
train,7113,train,62_0053.wav,spk_62_0042,South,62
train,7114,train,62_0054.wav,spk_62_0042,South,62
train,7115,train,62_0055.wav,spk_62_0043,South,62
train,7116,train,62_0056.wav,spk_62_0044,South,62
train,7117,train,62_0057.wav,spk_62_0045,South,62
train,7118,train,62_0058.wav,spk_62_0045,South,62
train,7119,train,62_0059.wav,spk_62_0046,South,62
train,7120,train,62_0060.wav,spk_62_0047,South,62
train,7121,train,62_0061.wav,spk_62_0048,South,62
train,7122,train,62_0062.wav,spk_62_0049,South,62
train,7123,train,62_0063.wav,spk_62_0050,South,62
train,7124,train,62_0064.wav,spk_62_0050,South,62
train,7125,train,62_0065.wav,spk_62_0051,South,62
train,7126,train,62_0066.wav,spk_62_0052,South,62
train,7127,train,62_0067.wav,spk_62_0053,South,62
train,7128,train,62_0068.wav,spk_62_0053,South,62
train,7129,train,62_0069.wav,spk_62_0054,South,62
train,7130,train,62_0070.wav,spk_62_0055,South,62
train,7131,train,62_0071.wav,spk_62_0056,South,62
train,7132,train,62_0072.wav,spk_62_0057,South,62
train,7133,train,62_0073.wav,spk_62_0057,South,62
train,7134,train,62_0074.wav,spk_62_0058,South,62
train,7135,train,62_0075.wav,spk_62_0059,South,62
train,7136,train,62_0076.wav,spk_62_0060,South,62
train,7137,train,62_0077.wav,spk_62_0061,South,62
train,7138,train,62_0078.wav,spk_62_0062,South,62
train,7139,train,62_0079.wav,spk_62_0063,South,62
train,7140,train,62_0080.wav,spk_62_0064,South,62
train,7141,train,62_0081.wav,spk_62_0065,South,62
train,7142,train,62_0082.wav,spk_62_0065,South,62
train,7143,train,62_0083.wav,spk_62_0066,South,62
train,7144,train,62_0084.wav,spk_62_0067,South,62
train,7145,train,62_0085.wav,spk_62_0068,South,62
train,7146,train,62_0086.wav,spk_62_0069,South,62
train,7147,train,62_0087.wav,spk_62_0070,South,62
train,7148,train,62_0088.wav,spk_62_0071,South,62
train,7149,train,62_0089.wav,spk_62_0071,South,62
train,7150,train,62_0090.wav,spk_62_0072,South,62
train,7151,train,62_0091.wav,spk_62_0073,South,62
train,7152,train,62_0092.wav,spk_62_0074,South,62
train,7153,train,62_0093.wav,spk_62_0075,South,62
train,7154,train,62_0094.wav,spk_62_0076,South,62
train,7155,train,62_0095.wav,spk_62_0077,South,62
train,7156,train,62_0096.wav,spk_62_0077,South,62
train,7157,train,62_0097.wav,spk_62_0078,South,62
train,7158,train,62_0098.wav,spk_62_0079,South,62
train,7159,train,62_0099.wav,spk_62_0080,South,62
train,7160,train,62_0100.wav,spk_62_0080,South,62
train,7161,train,62_0101.wav,spk_62_0081,South,62
train,7162,train,62_0102.wav,spk_62_0082,South,62
train,7163,train,62_0103.wav,spk_62_0083,South,62
train,7164,train,62_0104.wav,spk_62_0084,South,62
train,7165,train,62_0105.wav,spk_62_0085,South,62
train,7166,train,62_0106.wav,spk_62_0086,South,62
train,7167,train,62_0107.wav,spk_62_0087,South,62
train,7168,train,62_0108.wav,spk_62_0088,South,62
train,7169,train,62_0109.wav,spk_62_0088,South,62
train,7170,train,62_0110.wav,spk_62_0088,South,62
train,7171,train,62_0111.wav,spk_62_0089,South,62
train,7172,train,62_0112.wav,spk_62_0090,South,62
train,7173,train,62_0113.wav,spk_62_0091,South,62
train,7174,train,62_0114.wav,spk_62_0092,South,62
train,7175,train,62_0115.wav,spk_62_0093,South,62
train,7176,train,62_0116.wav,spk_62_0094,South,62
train,7177,train,62_0117.wav,spk_62_0095,South,62
train,7178,train,62_0118.wav,spk_62_0096,South,62
train,7179,train,62_0119.wav,spk_62_0096,South,62
train,7180,train,62_0120.wav,spk_62_0097,South,62
train,7181,train,62_0121.wav,spk_62_0098,South,62
train,7182,train,62_0122.wav,spk_62_0099,South,62
train,7183,train,62_0123.wav,spk_62_0099,South,62
train,7184,train,62_0124.wav,spk_62_0100,South,62
train,7185,train,62_0125.wav,spk_62_0100,South,62
train,7186,train,62_0126.wav,spk_62_0101,South,62
train,7187,train,62_0127.wav,spk_62_0102,South,62
train,7188,train,62_0128.wav,spk_62_0103,South,62
train,7189,train,62_0129.wav,spk_62_0104,South,62
train,7190,train,62_0130.wav,spk_62_0105,South,62
train,7191,train,62_0131.wav,spk_62_0106,South,62
train,7192,train,62_0132.wav,spk_62_0107,South,62
train,7193,train,62_0133.wav,spk_62_0108,South,62
train,7194,train,62_0134.wav,spk_62_0109,South,62
train,7195,train,62_0135.wav,spk_62_0109,South,62
train,7196,train,62_0136.wav,spk_62_0110,South,62
train,7197,train,62_0137.wav,spk_62_0111,South,62
train,7198,train,62_0138.wav,spk_62_0112,South,62
train,7199,train,62_0139.wav,spk_62_0113,South,62
train,7200,train,62_0140.wav,spk_62_0114,South,62
train,7201,train,62_0141.wav,spk_62_0115,South,62
train,7202,train,62_0142.wav,spk_62_0116,South,62
train,7203,train,62_0143.wav,spk_62_0117,South,62
train,7204,train,62_0144.wav,spk_62_0118,South,62
train,7205,train,62_0145.wav,spk_62_0119,South,62
train,7206,train,62_0146.wav,spk_62_0120,South,62
train,7207,train,62_0147.wav,spk_62_0121,South,62
train,7208,train,62_0148.wav,spk_62_0122,South,62
train,7209,train,62_0149.wav,spk_62_0123,South,62
train,7210,train,62_0150.wav,spk_62_0124,South,62
train,7211,train,62_0151.wav,spk_62_0125,South,62
train,7212,train,62_0152.wav,spk_62_0126,South,62
train,7213,train,62_0153.wav,spk_62_0127,South,62
train,7214,train,62_0154.wav,spk_62_0128,South,62
train,7215,train,62_0155.wav,spk_62_0129,South,62
train,7216,train,62_0156.wav,spk_62_0130,South,62
train,7217,train,62_0157.wav,spk_62_0130,South,62
train,7218,train,62_0158.wav,spk_62_0130,South,62
train,7219,train,62_0159.wav,spk_62_0130,South,62
train,7220,train,62_0160.wav,spk_62_0131,South,62
train,7221,train,62_0161.wav,spk_62_0131,South,62
train,7222,train,62_0162.wav,spk_62_0132,South,62
train,7223,train,62_0163.wav,spk_62_0133,South,62
train,7224,train,62_0164.wav,spk_62_0134,South,62
train,7225,train,62_0165.wav,spk_62_0135,South,62
train,7226,train,62_0166.wav,spk_62_0136,South,62
train,7227,train,62_0167.wav,spk_62_0137,South,62
train,7228,train,62_0168.wav,spk_62_0138,South,62
train,7229,train,62_0169.wav,spk_62_0139,South,62
train,7230,train,62_0170.wav,spk_62_0140,South,62
train,7231,train,62_0171.wav,spk_62_0141,South,62
train,7232,train,62_0172.wav,spk_62_0142,South,62
train,7233,train,62_0173.wav,spk_62_0143,South,62
train,7234,train,62_0174.wav,spk_62_0143,South,62
train,7235,train,62_0175.wav,spk_62_0143,South,62
train,7236,train,62_0176.wav,spk_62_0143,South,62
train,7237,train,62_0177.wav,spk_62_0144,South,62
train,7238,train,62_0178.wav,spk_62_0145,South,62
train,7239,train,62_0179.wav,spk_62_0145,South,62
train,7240,train,62_0180.wav,spk_62_0146,South,62
train,7241,train,62_0181.wav,spk_62_0146,South,62
train,7242,train,62_0182.wav,spk_62_0147,South,62
train,7243,train,62_0183.wav,spk_62_0148,South,62
train,7244,train,62_0184.wav,spk_62_0149,South,62
train,7245,train,62_0185.wav,spk_62_0150,South,62
train,7246,train,62_0186.wav,spk_62_0151,South,62
train,7247,train,62_0187.wav,spk_62_0152,South,62
train,7248,train,62_0188.wav,spk_62_0153,South,62
train,7249,train,62_0189.wav,spk_62_0154,South,62
train,7250,train,62_0190.wav,spk_62_0155,South,62
train,7251,train,62_0191.wav,spk_62_0156,South,62
train,7252,train,62_0192.wav,spk_62_0157,South,62
train,7253,train,62_0193.wav,spk_62_0158,South,62
train,7254,train,62_0194.wav,spk_62_0159,South,62
train,7255,train,62_0195.wav,spk_62_0160,South,62
train,7256,train,62_0196.wav,spk_62_0161,South,62
train,7257,train,62_0197.wav,spk_62_0162,South,62
train,7258,train,62_0198.wav,spk_62_0163,South,62
train,7259,train,62_0199.wav,spk_62_0164,South,62
train,7260,train,62_0200.wav,spk_62_0164,South,62
train,7261,train,62_0201.wav,spk_62_0165,South,62
train,7262,train,62_0202.wav,spk_62_0166,South,62
train,7263,train,62_0203.wav,spk_62_0167,South,62
train,7264,train,62_0204.wav,spk_62_0167,South,62
train,7265,train,62_0205.wav,spk_62_0168,South,62
train,7266,train,62_0206.wav,spk_62_0169,South,62
train,7267,train,62_0207.wav,spk_62_0170,South,62
train,7268,train,62_0208.wav,spk_62_0170,South,62
train,7269,train,62_0209.wav,spk_62_0171,South,62
train,7270,train,62_0210.wav,spk_62_0172,South,62
train,7271,train,62_0211.wav,spk_62_0173,South,62
train,7272,train,62_0212.wav,spk_62_0174,South,62
train,7273,train,62_0213.wav,spk_62_0175,South,62
train,7274,train,62_0214.wav,spk_62_0175,South,62
train,7275,train,62_0215.wav,spk_62_0176,South,62
train,7276,train,62_0216.wav,spk_62_0176,South,62
train,7277,train,62_0217.wav,spk_62_0177,South,62
train,7278,train,62_0218.wav,spk_62_0178,South,62
train,7279,train,62_0219.wav,spk_62_0179,South,62
train,7280,train,62_0220.wav,spk_62_0180,South,62
train,7281,train,62_0221.wav,spk_62_0180,South,62
train,7282,train,62_0222.wav,spk_62_0181,South,62
train,7283,train,62_0223.wav,spk_62_0182,South,62
train,7284,train,62_0224.wav,spk_62_0183,South,62
train,7285,train,62_0225.wav,spk_62_0184,South,62
train,7286,train,62_0226.wav,spk_62_0185,South,62
train,7287,train,62_0227.wav,spk_62_0186,South,62
train,7288,train,62_0228.wav,spk_62_0187,South,62
train,7289,train,62_0229.wav,spk_62_0188,South,62
train,7290,train,62_0230.wav,spk_62_0188,South,62
train,7291,train,62_0231.wav,spk_62_0189,South,62
train,7292,train,62_0232.wav,spk_62_0190,South,62
train,7293,train,62_0235.wav,spk_62_0193,South,62
train,7294,train,62_0237.wav,spk_62_0195,South,62
train,7295,train,62_0238.wav,spk_62_0195,South,62
train,7296,train,62_0239.wav,spk_62_0195,South,62
train,7297,train,62_0240.wav,spk_62_0196,South,62
train,7298,train,62_0243.wav,spk_62_0198,South,62
train,7299,train,62_0245.wav,spk_62_0200,South,62
train,7300,train,62_0246.wav,spk_62_0201,South,62
train,7301,train,62_0247.wav,spk_62_0202,South,62
train,7302,train,62_0249.wav,spk_62_0204,South,62
train,7303,train,62_0252.wav,spk_62_0206,South,62
train,7304,train,63_0001.wav,spk_63_0001,South,63
train,7305,train,63_0002.wav,spk_63_0002,South,63
train,7306,train,63_0003.wav,spk_63_0003,South,63
train,7307,train,63_0004.wav,spk_63_0004,South,63
train,7308,train,63_0005.wav,spk_63_0004,South,63
train,7309,train,63_0006.wav,spk_63_0005,South,63
train,7310,train,63_0007.wav,spk_63_0006,South,63
train,7311,train,63_0008.wav,spk_63_0006,South,63
train,7312,train,63_0009.wav,spk_63_0007,South,63
train,7313,train,63_0010.wav,spk_63_0007,South,63
train,7314,train,63_0011.wav,spk_63_0007,South,63
train,7315,train,63_0012.wav,spk_63_0008,South,63
train,7316,train,63_0013.wav,spk_63_0008,South,63
train,7317,train,63_0014.wav,spk_63_0009,South,63
train,7318,train,63_0015.wav,spk_63_0010,South,63
train,7319,train,63_0016.wav,spk_63_0011,South,63
train,7320,train,63_0017.wav,spk_63_0012,South,63
train,7321,train,63_0018.wav,spk_63_0013,South,63
train,7322,train,63_0019.wav,spk_63_0014,South,63
train,7323,train,63_0020.wav,spk_63_0015,South,63
train,7324,train,63_0021.wav,spk_63_0015,South,63
train,7325,train,63_0022.wav,spk_63_0015,South,63
train,7326,train,63_0023.wav,spk_63_0016,South,63
train,7327,train,63_0024.wav,spk_63_0017,South,63
train,7328,train,63_0025.wav,spk_63_0017,South,63
train,7329,train,63_0026.wav,spk_63_0018,South,63
train,7330,train,63_0027.wav,spk_63_0019,South,63
train,7331,train,63_0028.wav,spk_63_0020,South,63
train,7332,train,63_0029.wav,spk_63_0020,South,63
train,7333,train,63_0030.wav,spk_63_0021,South,63
train,7334,train,63_0031.wav,spk_63_0021,South,63
train,7335,train,63_0032.wav,spk_63_0021,South,63
train,7336,train,63_0033.wav,spk_63_0022,South,63
train,7337,train,63_0034.wav,spk_63_0023,South,63
train,7338,train,63_0035.wav,spk_63_0023,South,63
train,7339,train,63_0036.wav,spk_63_0024,South,63
train,7340,train,63_0037.wav,spk_63_0024,South,63
train,7341,train,63_0038.wav,spk_63_0025,South,63
train,7342,train,63_0039.wav,spk_63_0025,South,63
train,7343,train,63_0040.wav,spk_63_0025,South,63
train,7344,train,63_0041.wav,spk_63_0025,South,63
train,7345,train,63_0042.wav,spk_63_0025,South,63
train,7346,train,63_0043.wav,spk_63_0025,South,63
train,7347,train,63_0044.wav,spk_63_0026,South,63
train,7348,train,63_0045.wav,spk_63_0027,South,63
train,7349,train,63_0046.wav,spk_63_0028,South,63
train,7350,train,63_0047.wav,spk_63_0029,South,63
train,7351,train,63_0048.wav,spk_63_0030,South,63
train,7352,train,63_0049.wav,spk_63_0030,South,63
train,7353,train,63_0050.wav,spk_63_0031,South,63
train,7354,train,63_0051.wav,spk_63_0031,South,63
train,7355,train,63_0052.wav,spk_63_0032,South,63
train,7356,train,63_0053.wav,spk_63_0032,South,63
train,7357,train,63_0054.wav,spk_63_0033,South,63
train,7358,train,63_0055.wav,spk_63_0034,South,63
train,7359,train,63_0056.wav,spk_63_0034,South,63
train,7360,train,63_0057.wav,spk_63_0035,South,63
train,7361,train,63_0058.wav,spk_63_0036,South,63
train,7362,train,63_0059.wav,spk_63_0037,South,63
train,7363,train,63_0060.wav,spk_63_0038,South,63
train,7364,train,63_0061.wav,spk_63_0039,South,63
train,7365,train,63_0062.wav,spk_63_0040,South,63
train,7366,train,63_0063.wav,spk_63_0041,South,63
train,7367,train,63_0064.wav,spk_63_0042,South,63
train,7368,train,63_0065.wav,spk_63_0042,South,63
train,7369,train,63_0066.wav,spk_63_0042,South,63
train,7370,train,63_0067.wav,spk_63_0042,South,63
train,7371,train,63_0068.wav,spk_63_0043,South,63
train,7372,train,63_0069.wav,spk_63_0043,South,63
train,7373,train,63_0070.wav,spk_63_0043,South,63
train,7374,train,63_0071.wav,spk_63_0044,South,63
train,7375,train,63_0072.wav,spk_63_0045,South,63
train,7376,train,63_0073.wav,spk_63_0046,South,63
train,7377,train,63_0074.wav,spk_63_0047,South,63
train,7378,train,63_0075.wav,spk_63_0048,South,63
train,7379,train,63_0076.wav,spk_63_0049,South,63
train,7380,train,63_0077.wav,spk_63_0049,South,63
train,7381,train,63_0078.wav,spk_63_0050,South,63
train,7382,train,63_0079.wav,spk_63_0051,South,63
train,7383,train,63_0080.wav,spk_63_0051,South,63
train,7384,train,63_0081.wav,spk_63_0051,South,63
train,7385,train,63_0082.wav,spk_63_0051,South,63
train,7386,train,63_0083.wav,spk_63_0051,South,63
train,7387,train,63_0084.wav,spk_63_0052,South,63
train,7388,train,63_0085.wav,spk_63_0053,South,63
train,7389,train,63_0086.wav,spk_63_0054,South,63
train,7390,train,63_0087.wav,spk_63_0055,South,63
train,7391,train,63_0088.wav,spk_63_0055,South,63
train,7392,train,63_0089.wav,spk_63_0055,South,63
train,7393,train,63_0090.wav,spk_63_0055,South,63
train,7394,train,63_0091.wav,spk_63_0056,South,63
train,7395,train,63_0092.wav,spk_63_0056,South,63
train,7396,train,63_0093.wav,spk_63_0056,South,63
train,7397,train,63_0094.wav,spk_63_0057,South,63
train,7398,train,63_0095.wav,spk_63_0058,South,63
train,7399,train,63_0096.wav,spk_63_0058,South,63
train,7400,train,63_0097.wav,spk_63_0059,South,63
train,7401,train,63_0098.wav,spk_63_0059,South,63
train,7402,train,63_0099.wav,spk_63_0060,South,63
train,7403,train,63_0100.wav,spk_63_0060,South,63
train,7404,train,63_0101.wav,spk_63_0061,South,63
train,7405,train,63_0102.wav,spk_63_0061,South,63
train,7406,train,63_0103.wav,spk_63_0061,South,63
train,7407,train,63_0104.wav,spk_63_0061,South,63
train,7408,train,63_0105.wav,spk_63_0061,South,63
train,7409,train,63_0106.wav,spk_63_0062,South,63
train,7410,train,63_0107.wav,spk_63_0063,South,63
train,7411,train,63_0108.wav,spk_63_0063,South,63
train,7412,train,63_0109.wav,spk_63_0063,South,63
train,7413,train,63_0110.wav,spk_63_0063,South,63
train,7414,train,63_0111.wav,spk_63_0064,South,63
train,7415,train,63_0112.wav,spk_63_0064,South,63
train,7416,train,63_0113.wav,spk_63_0064,South,63
train,7417,train,63_0114.wav,spk_63_0064,South,63
train,7418,train,63_0115.wav,spk_63_0064,South,63
train,7419,train,63_0116.wav,spk_63_0064,South,63
train,7420,train,63_0117.wav,spk_63_0065,South,63
train,7421,train,63_0118.wav,spk_63_0066,South,63
train,7422,train,63_0119.wav,spk_63_0066,South,63
train,7423,train,63_0120.wav,spk_63_0067,South,63
train,7424,train,63_0121.wav,spk_63_0068,South,63
train,7425,train,63_0122.wav,spk_63_0068,South,63
train,7426,train,63_0123.wav,spk_63_0069,South,63
train,7427,train,63_0124.wav,spk_63_0069,South,63
train,7428,train,63_0125.wav,spk_63_0070,South,63
train,7429,train,63_0126.wav,spk_63_0071,South,63
train,7430,train,63_0127.wav,spk_63_0071,South,63
train,7431,train,63_0128.wav,spk_63_0071,South,63
train,7432,train,63_0129.wav,spk_63_0072,South,63
train,7433,train,63_0130.wav,spk_63_0072,South,63
train,7434,train,63_0131.wav,spk_63_0073,South,63
train,7435,train,63_0132.wav,spk_63_0073,South,63
train,7436,train,63_0133.wav,spk_63_0074,South,63
train,7437,train,63_0134.wav,spk_63_0074,South,63
train,7438,train,63_0135.wav,spk_63_0075,South,63
train,7439,train,63_0136.wav,spk_63_0076,South,63
train,7440,train,63_0137.wav,spk_63_0077,South,63
train,7441,train,63_0138.wav,spk_63_0077,South,63
train,7442,train,63_0139.wav,spk_63_0078,South,63
train,7443,train,63_0140.wav,spk_63_0079,South,63
train,7444,train,63_0141.wav,spk_63_0079,South,63
train,7445,train,63_0142.wav,spk_63_0080,South,63
train,7446,train,63_0143.wav,spk_63_0080,South,63
train,7447,train,63_0144.wav,spk_63_0080,South,63
train,7448,train,63_0145.wav,spk_63_0080,South,63
train,7449,train,63_0146.wav,spk_63_0080,South,63
train,7450,train,63_0147.wav,spk_63_0080,South,63
train,7451,train,63_0148.wav,spk_63_0081,South,63
train,7452,train,63_0149.wav,spk_63_0081,South,63
train,7453,train,63_0150.wav,spk_63_0081,South,63
train,7454,train,63_0151.wav,spk_63_0081,South,63
train,7455,train,63_0152.wav,spk_63_0081,South,63
train,7456,train,63_0153.wav,spk_63_0082,South,63
train,7457,train,63_0154.wav,spk_63_0082,South,63
train,7458,train,63_0155.wav,spk_63_0083,South,63
train,7459,train,63_0156.wav,spk_63_0083,South,63
train,7460,train,63_0157.wav,spk_63_0084,South,63
train,7461,train,63_0158.wav,spk_63_0085,South,63
train,7462,train,63_0159.wav,spk_63_0086,South,63
train,7463,train,63_0160.wav,spk_63_0087,South,63
train,7464,train,63_0161.wav,spk_63_0088,South,63
train,7465,train,63_0162.wav,spk_63_0088,South,63
train,7466,train,63_0163.wav,spk_63_0089,South,63
train,7467,train,63_0164.wav,spk_63_0089,South,63
train,7468,train,63_0165.wav,spk_63_0090,South,63
train,7469,train,63_0166.wav,spk_63_0091,South,63
train,7470,train,63_0167.wav,spk_63_0092,South,63
train,7471,train,63_0168.wav,spk_63_0092,South,63
train,7472,train,63_0169.wav,spk_63_0093,South,63
train,7473,train,63_0170.wav,spk_63_0094,South,63
train,7474,train,63_0171.wav,spk_63_0095,South,63
train,7475,train,63_0172.wav,spk_63_0096,South,63
train,7476,train,63_0173.wav,spk_63_0097,South,63
train,7477,train,63_0174.wav,spk_63_0098,South,63
train,7478,train,63_0175.wav,spk_63_0099,South,63
train,7479,train,63_0176.wav,spk_63_0100,South,63
train,7480,train,63_0177.wav,spk_63_0101,South,63
train,7481,train,63_0178.wav,spk_63_0101,South,63
train,7482,train,63_0179.wav,spk_63_0102,South,63
train,7483,train,63_0180.wav,spk_63_0103,South,63
train,7484,train,63_0181.wav,spk_63_0103,South,63
train,7485,train,63_0182.wav,spk_63_0104,South,63
train,7486,train,63_0183.wav,spk_63_0105,South,63
train,7487,train,63_0184.wav,spk_63_0106,South,63
train,7488,train,63_0185.wav,spk_63_0107,South,63
train,7489,train,63_0186.wav,spk_63_0107,South,63
train,7490,train,63_0187.wav,spk_63_0108,South,63
train,7491,train,63_0188.wav,spk_63_0108,South,63
train,7492,train,63_0189.wav,spk_63_0109,South,63
train,7493,train,63_0190.wav,spk_63_0110,South,63
train,7494,train,63_0191.wav,spk_63_0110,South,63
train,7495,train,63_0194.wav,spk_63_0112,South,63
train,7496,train,63_0195.wav,spk_63_0112,South,63
train,7497,train,63_0200.wav,spk_63_0116,South,63
train,7498,train,63_0201.wav,spk_63_0117,South,63
train,7499,train,63_0202.wav,spk_63_0117,South,63
train,7500,train,63_0203.wav,spk_63_0117,South,63
train,7501,train,63_0204.wav,spk_63_0117,South,63
train,7502,train,63_0205.wav,spk_63_0118,South,63
train,7503,train,63_0206.wav,spk_63_0118,South,63
train,7504,train,63_0207.wav,spk_63_0118,South,63
train,7505,train,63_0208.wav,spk_63_0118,South,63
train,7506,train,63_0209.wav,spk_63_0118,South,63
train,7507,train,63_0210.wav,spk_63_0118,South,63
train,7508,train,63_0211.wav,spk_63_0119,South,63
train,7509,train,63_0212.wav,spk_63_0120,South,63
train,7510,train,63_0213.wav,spk_63_0121,South,63
train,7511,train,63_0214.wav,spk_63_0121,South,63
train,7512,train,63_0215.wav,spk_63_0122,South,63
train,7513,train,63_0216.wav,spk_63_0123,South,63
train,7514,train,63_0217.wav,spk_63_0124,South,63
train,7515,train,63_0218.wav,spk_63_0124,South,63
train,7516,train,63_0219.wav,spk_63_0125,South,63
train,7517,train,63_0220.wav,spk_63_0125,South,63
train,7518,train,63_0221.wav,spk_63_0125,South,63
train,7519,train,63_0222.wav,spk_63_0126,South,63
train,7520,train,63_0223.wav,spk_63_0127,South,63
train,7521,train,63_0224.wav,spk_63_0128,South,63
train,7522,train,63_0225.wav,spk_63_0128,South,63
train,7523,train,63_0226.wav,spk_63_0129,South,63
train,7524,train,63_0229.wav,spk_63_0132,South,63
train,7525,train,63_0230.wav,spk_63_0133,South,63
train,7526,train,63_0231.wav,spk_63_0133,South,63
train,7527,train,63_0232.wav,spk_63_0133,South,63
train,7528,train,63_0233.wav,spk_63_0133,South,63
train,7529,train,63_0234.wav,spk_63_0134,South,63
train,7530,train,63_0235.wav,spk_63_0135,South,63
train,7531,train,63_0236.wav,spk_63_0135,South,63
train,7532,train,64_0001.wav,spk_64_0001,South,64
train,7533,train,64_0002.wav,spk_64_0001,South,64
train,7534,train,64_0003.wav,spk_64_0001,South,64
train,7535,train,64_0004.wav,spk_64_0002,South,64
train,7536,train,64_0005.wav,spk_64_0003,South,64
train,7537,train,64_0006.wav,spk_64_0004,South,64
train,7538,train,64_0007.wav,spk_64_0005,South,64
train,7539,train,64_0008.wav,spk_64_0005,South,64
train,7540,train,64_0009.wav,spk_64_0006,South,64
train,7541,train,64_0010.wav,spk_64_0007,South,64
train,7542,train,64_0011.wav,spk_64_0007,South,64
train,7543,train,64_0012.wav,spk_64_0008,South,64
train,7544,train,64_0013.wav,spk_64_0008,South,64
train,7545,train,64_0014.wav,spk_64_0009,South,64
train,7546,train,64_0015.wav,spk_64_0010,South,64
train,7547,train,64_0016.wav,spk_64_0011,South,64
train,7548,train,64_0017.wav,spk_64_0012,South,64
train,7549,train,64_0018.wav,spk_64_0012,South,64
train,7550,train,64_0019.wav,spk_64_0012,South,64
train,7551,train,64_0020.wav,spk_64_0013,South,64
train,7552,train,64_0021.wav,spk_64_0014,South,64
train,7553,train,64_0022.wav,spk_64_0015,South,64
train,7554,train,64_0023.wav,spk_64_0015,South,64
train,7555,train,64_0024.wav,spk_64_0016,South,64
train,7556,train,64_0025.wav,spk_64_0017,South,64
train,7557,train,64_0026.wav,spk_64_0017,South,64
train,7558,train,64_0027.wav,spk_64_0018,South,64
train,7559,train,64_0028.wav,spk_64_0019,South,64
train,7560,train,64_0029.wav,spk_64_0019,South,64
train,7561,train,64_0030.wav,spk_64_0019,South,64
train,7562,train,64_0031.wav,spk_64_0019,South,64
train,7563,train,64_0032.wav,spk_64_0019,South,64
train,7564,train,64_0033.wav,spk_64_0020,South,64
train,7565,train,64_0034.wav,spk_64_0020,South,64
train,7566,train,64_0035.wav,spk_64_0021,South,64
train,7567,train,64_0036.wav,spk_64_0021,South,64
train,7568,train,64_0037.wav,spk_64_0021,South,64
train,7569,train,64_0038.wav,spk_64_0021,South,64
train,7570,train,64_0039.wav,spk_64_0022,South,64
train,7571,train,64_0040.wav,spk_64_0023,South,64
train,7572,train,64_0041.wav,spk_64_0023,South,64
train,7573,train,64_0042.wav,spk_64_0023,South,64
train,7574,train,64_0043.wav,spk_64_0024,South,64
train,7575,train,64_0044.wav,spk_64_0025,South,64
train,7576,train,64_0045.wav,spk_64_0026,South,64
train,7577,train,64_0046.wav,spk_64_0026,South,64
train,7578,train,64_0047.wav,spk_64_0026,South,64
train,7579,train,64_0048.wav,spk_64_0027,South,64
train,7580,train,64_0049.wav,spk_64_0028,South,64
train,7581,train,64_0050.wav,spk_64_0029,South,64
train,7582,train,64_0051.wav,spk_64_0029,South,64
train,7583,train,64_0052.wav,spk_64_0030,South,64
train,7584,train,64_0053.wav,spk_64_0031,South,64
train,7585,train,64_0054.wav,spk_64_0031,South,64
train,7586,train,64_0055.wav,spk_64_0031,South,64
train,7587,train,64_0056.wav,spk_64_0031,South,64
train,7588,train,64_0057.wav,spk_64_0032,South,64
train,7589,train,64_0058.wav,spk_64_0032,South,64
train,7590,train,64_0059.wav,spk_64_0033,South,64
train,7591,train,64_0060.wav,spk_64_0034,South,64
train,7592,train,64_0061.wav,spk_64_0034,South,64
train,7593,train,64_0062.wav,spk_64_0035,South,64
train,7594,train,64_0063.wav,spk_64_0035,South,64
train,7595,train,64_0064.wav,spk_64_0035,South,64
train,7596,train,64_0065.wav,spk_64_0036,South,64
train,7597,train,64_0066.wav,spk_64_0036,South,64
train,7598,train,64_0067.wav,spk_64_0036,South,64
train,7599,train,64_0068.wav,spk_64_0037,South,64
train,7600,train,64_0069.wav,spk_64_0037,South,64
train,7601,train,64_0070.wav,spk_64_0038,South,64
train,7602,train,64_0071.wav,spk_64_0038,South,64
train,7603,train,64_0072.wav,spk_64_0039,South,64
train,7604,train,64_0073.wav,spk_64_0039,South,64
train,7605,train,64_0074.wav,spk_64_0040,South,64
train,7606,train,64_0075.wav,spk_64_0041,South,64
train,7607,train,64_0076.wav,spk_64_0041,South,64
train,7608,train,64_0077.wav,spk_64_0041,South,64
train,7609,train,64_0078.wav,spk_64_0042,South,64
train,7610,train,64_0079.wav,spk_64_0042,South,64
train,7611,train,64_0080.wav,spk_64_0043,South,64
train,7612,train,64_0081.wav,spk_64_0044,South,64
train,7613,train,64_0082.wav,spk_64_0045,South,64
train,7614,train,64_0083.wav,spk_64_0045,South,64
train,7615,train,64_0084.wav,spk_64_0046,South,64
train,7616,train,64_0085.wav,spk_64_0047,South,64
train,7617,train,64_0086.wav,spk_64_0048,South,64
train,7618,train,64_0087.wav,spk_64_0048,South,64
train,7619,train,64_0088.wav,spk_64_0049,South,64
train,7620,train,64_0089.wav,spk_64_0049,South,64
train,7621,train,64_0090.wav,spk_64_0050,South,64
train,7622,train,64_0091.wav,spk_64_0050,South,64
train,7623,train,64_0092.wav,spk_64_0051,South,64
train,7624,train,64_0093.wav,spk_64_0051,South,64
train,7625,train,64_0094.wav,spk_64_0052,South,64
train,7626,train,64_0095.wav,spk_64_0052,South,64
train,7627,train,64_0096.wav,spk_64_0052,South,64
train,7628,train,64_0097.wav,spk_64_0053,South,64
train,7629,train,64_0098.wav,spk_64_0053,South,64
train,7630,train,64_0099.wav,spk_64_0053,South,64
train,7631,train,64_0100.wav,spk_64_0053,South,64
train,7632,train,64_0101.wav,spk_64_0054,South,64
train,7633,train,64_0102.wav,spk_64_0054,South,64
train,7634,train,64_0103.wav,spk_64_0055,South,64
train,7635,train,64_0104.wav,spk_64_0055,South,64
train,7636,train,64_0105.wav,spk_64_0056,South,64
train,7637,train,64_0106.wav,spk_64_0056,South,64
train,7638,train,64_0107.wav,spk_64_0056,South,64
train,7639,train,64_0108.wav,spk_64_0057,South,64
train,7640,train,64_0109.wav,spk_64_0057,South,64
train,7641,train,64_0110.wav,spk_64_0058,South,64
train,7642,train,64_0111.wav,spk_64_0058,South,64
train,7643,train,64_0112.wav,spk_64_0059,South,64
train,7644,train,64_0113.wav,spk_64_0060,South,64
train,7645,train,64_0114.wav,spk_64_0060,South,64
train,7646,train,64_0115.wav,spk_64_0060,South,64
train,7647,train,64_0116.wav,spk_64_0061,South,64
train,7648,train,64_0117.wav,spk_64_0061,South,64
train,7649,train,64_0118.wav,spk_64_0062,South,64
train,7650,train,64_0119.wav,spk_64_0063,South,64
train,7651,train,64_0120.wav,spk_64_0063,South,64
train,7652,train,64_0121.wav,spk_64_0063,South,64
train,7653,train,64_0122.wav,spk_64_0064,South,64
train,7654,train,64_0123.wav,spk_64_0065,South,64
train,7655,train,64_0124.wav,spk_64_0066,South,64
train,7656,train,64_0125.wav,spk_64_0067,South,64
train,7657,train,64_0126.wav,spk_64_0067,South,64
train,7658,train,64_0127.wav,spk_64_0068,South,64
train,7659,train,64_0128.wav,spk_64_0068,South,64
train,7660,train,64_0129.wav,spk_64_0068,South,64
train,7661,train,64_0130.wav,spk_64_0068,South,64
train,7662,train,64_0131.wav,spk_64_0068,South,64
train,7663,train,64_0132.wav,spk_64_0069,South,64
train,7664,train,64_0133.wav,spk_64_0069,South,64
train,7665,train,64_0134.wav,spk_64_0070,South,64
train,7666,train,64_0135.wav,spk_64_0070,South,64
train,7667,train,64_0136.wav,spk_64_0070,South,64
train,7668,train,64_0137.wav,spk_64_0071,South,64
train,7669,train,64_0138.wav,spk_64_0071,South,64
train,7670,train,64_0139.wav,spk_64_0071,South,64
train,7671,train,64_0140.wav,spk_64_0071,South,64
train,7672,train,64_0141.wav,spk_64_0072,South,64
train,7673,train,64_0142.wav,spk_64_0072,South,64
train,7674,train,64_0143.wav,spk_64_0072,South,64
train,7675,train,64_0144.wav,spk_64_0073,South,64
train,7676,train,64_0145.wav,spk_64_0073,South,64
train,7677,train,64_0146.wav,spk_64_0073,South,64
train,7678,train,64_0147.wav,spk_64_0074,South,64
train,7679,train,64_0148.wav,spk_64_0075,South,64
train,7680,train,64_0149.wav,spk_64_0075,South,64
train,7681,train,64_0150.wav,spk_64_0076,South,64
train,7682,train,64_0151.wav,spk_64_0076,South,64
train,7683,train,64_0152.wav,spk_64_0077,South,64
train,7684,train,64_0153.wav,spk_64_0077,South,64
train,7685,train,64_0154.wav,spk_64_0077,South,64
train,7686,train,64_0155.wav,spk_64_0078,South,64
train,7687,train,64_0156.wav,spk_64_0078,South,64
train,7688,train,64_0157.wav,spk_64_0078,South,64
train,7689,train,64_0158.wav,spk_64_0079,South,64
train,7690,train,64_0159.wav,spk_64_0079,South,64
train,7691,train,64_0160.wav,spk_64_0079,South,64
train,7692,train,64_0161.wav,spk_64_0080,South,64
train,7693,train,64_0162.wav,spk_64_0080,South,64
train,7694,train,64_0163.wav,spk_64_0081,South,64
train,7695,train,64_0164.wav,spk_64_0081,South,64
train,7696,train,64_0165.wav,spk_64_0081,South,64
train,7697,train,64_0166.wav,spk_64_0081,South,64
train,7698,train,64_0167.wav,spk_64_0081,South,64
train,7699,train,64_0168.wav,spk_64_0081,South,64
train,7700,train,64_0169.wav,spk_64_0081,South,64
train,7701,train,64_0170.wav,spk_64_0082,South,64
train,7702,train,64_0171.wav,spk_64_0083,South,64
train,7703,train,64_0172.wav,spk_64_0084,South,64
train,7704,train,64_0173.wav,spk_64_0085,South,64
train,7705,train,64_0174.wav,spk_64_0085,South,64
train,7706,train,64_0175.wav,spk_64_0086,South,64
train,7707,train,64_0176.wav,spk_64_0086,South,64
train,7708,train,64_0177.wav,spk_64_0086,South,64
train,7709,train,64_0178.wav,spk_64_0087,South,64
train,7710,train,64_0179.wav,spk_64_0087,South,64
train,7711,train,64_0180.wav,spk_64_0087,South,64
train,7712,train,64_0181.wav,spk_64_0088,South,64
train,7713,train,64_0182.wav,spk_64_0088,South,64
train,7714,train,64_0183.wav,spk_64_0089,South,64
train,7715,train,64_0184.wav,spk_64_0089,South,64
train,7716,train,64_0185.wav,spk_64_0090,South,64
train,7717,train,64_0186.wav,spk_64_0090,South,64
train,7718,train,64_0187.wav,spk_64_0091,South,64
train,7719,train,64_0188.wav,spk_64_0091,South,64
train,7720,train,64_0189.wav,spk_64_0091,South,64
train,7721,train,64_0190.wav,spk_64_0092,South,64
train,7722,train,64_0191.wav,spk_64_0092,South,64
train,7723,train,64_0192.wav,spk_64_0093,South,64
train,7724,train,64_0193.wav,spk_64_0094,South,64
train,7725,train,64_0194.wav,spk_64_0094,South,64
train,7726,train,64_0195.wav,spk_64_0095,South,64
train,7727,train,64_0196.wav,spk_64_0095,South,64
train,7728,train,64_0197.wav,spk_64_0096,South,64
train,7729,train,64_0198.wav,spk_64_0096,South,64
train,7730,train,64_0199.wav,spk_64_0096,South,64
train,7731,train,64_0200.wav,spk_64_0097,South,64
train,7732,train,64_0201.wav,spk_64_0097,South,64
train,7733,train,64_0202.wav,spk_64_0097,South,64
train,7734,train,64_0203.wav,spk_64_0097,South,64
train,7735,train,64_0204.wav,spk_64_0098,South,64
train,7736,train,64_0205.wav,spk_64_0099,South,64
train,7737,train,64_0206.wav,spk_64_0099,South,64
train,7738,train,64_0207.wav,spk_64_0100,South,64
train,7739,train,64_0208.wav,spk_64_0100,South,64
train,7740,train,64_0209.wav,spk_64_0101,South,64
train,7741,train,64_0210.wav,spk_64_0101,South,64
train,7742,train,64_0211.wav,spk_64_0102,South,64
train,7743,train,64_0212.wav,spk_64_0103,South,64
train,7744,train,64_0213.wav,spk_64_0104,South,64
train,7745,train,64_0214.wav,spk_64_0104,South,64
train,7746,train,64_0215.wav,spk_64_0104,South,64
train,7747,train,64_0216.wav,spk_64_0105,South,64
train,7748,train,64_0217.wav,spk_64_0105,South,64
train,7749,train,64_0218.wav,spk_64_0106,South,64
train,7750,train,64_0219.wav,spk_64_0106,South,64
train,7751,train,64_0220.wav,spk_64_0106,South,64
train,7752,train,64_0221.wav,spk_64_0106,South,64
train,7753,train,64_0222.wav,spk_64_0107,South,64
train,7754,train,64_0223.wav,spk_64_0108,South,64
train,7755,train,64_0224.wav,spk_64_0108,South,64
train,7756,train,64_0225.wav,spk_64_0108,South,64
train,7757,train,64_0227.wav,spk_64_0110,South,64
train,7758,train,65_0001.wav,spk_65_0001,South,65
train,7759,train,65_0002.wav,spk_65_0001,South,65
train,7760,train,65_0003.wav,spk_65_0002,South,65
train,7761,train,65_0004.wav,spk_65_0002,South,65
train,7762,train,65_0005.wav,spk_65_0003,South,65
train,7763,train,65_0006.wav,spk_65_0004,South,65
train,7764,train,65_0007.wav,spk_65_0004,South,65
train,7765,train,65_0008.wav,spk_65_0005,South,65
train,7766,train,65_0009.wav,spk_65_0006,South,65
train,7767,train,65_0010.wav,spk_65_0007,South,65
train,7768,train,65_0011.wav,spk_65_0008,South,65
train,7769,train,65_0012.wav,spk_65_0009,South,65
train,7770,train,65_0013.wav,spk_65_0010,South,65
train,7771,train,65_0014.wav,spk_65_0011,South,65
train,7772,train,65_0015.wav,spk_65_0012,South,65
train,7773,train,65_0016.wav,spk_65_0013,South,65
train,7774,train,65_0017.wav,spk_65_0014,South,65
train,7775,train,65_0018.wav,spk_65_0015,South,65
train,7776,train,65_0019.wav,spk_65_0015,South,65
train,7777,train,65_0020.wav,spk_65_0016,South,65
train,7778,train,65_0021.wav,spk_65_0017,South,65
train,7779,train,65_0022.wav,spk_65_0018,South,65
train,7780,train,65_0023.wav,spk_65_0019,South,65
train,7781,train,65_0024.wav,spk_65_0020,South,65
train,7782,train,65_0025.wav,spk_65_0021,South,65
train,7783,train,65_0026.wav,spk_65_0022,South,65
train,7784,train,65_0027.wav,spk_65_0023,South,65
train,7785,train,65_0028.wav,spk_65_0024,South,65
train,7786,train,65_0029.wav,spk_65_0025,South,65
train,7787,train,65_0030.wav,spk_65_0025,South,65
train,7788,train,65_0031.wav,spk_65_0026,South,65
train,7789,train,65_0032.wav,spk_65_0027,South,65
train,7790,train,65_0033.wav,spk_65_0028,South,65
train,7791,train,65_0034.wav,spk_65_0029,South,65
train,7792,train,65_0035.wav,spk_65_0030,South,65
train,7793,train,65_0036.wav,spk_65_0031,South,65
train,7794,train,65_0037.wav,spk_65_0032,South,65
train,7795,train,65_0038.wav,spk_65_0033,South,65
train,7796,train,65_0039.wav,spk_65_0034,South,65
train,7797,train,65_0040.wav,spk_65_0035,South,65
train,7798,train,65_0041.wav,spk_65_0036,South,65
train,7799,train,65_0042.wav,spk_65_0037,South,65
train,7800,train,65_0043.wav,spk_65_0038,South,65
train,7801,train,65_0044.wav,spk_65_0039,South,65
train,7802,train,65_0045.wav,spk_65_0040,South,65
train,7803,train,65_0046.wav,spk_65_0041,South,65
train,7804,train,65_0047.wav,spk_65_0042,South,65
train,7805,train,65_0048.wav,spk_65_0043,South,65
train,7806,train,65_0049.wav,spk_65_0044,South,65
train,7807,train,65_0050.wav,spk_65_0045,South,65
train,7808,train,65_0051.wav,spk_65_0046,South,65
train,7809,train,65_0052.wav,spk_65_0047,South,65
train,7810,train,65_0053.wav,spk_65_0048,South,65
train,7811,train,65_0054.wav,spk_65_0048,South,65
train,7812,train,65_0055.wav,spk_65_0049,South,65
train,7813,train,65_0056.wav,spk_65_0049,South,65
train,7814,train,65_0057.wav,spk_65_0050,South,65
train,7815,train,65_0058.wav,spk_65_0051,South,65
train,7816,train,65_0059.wav,spk_65_0052,South,65
train,7817,train,65_0060.wav,spk_65_0053,South,65
train,7818,train,65_0061.wav,spk_65_0053,South,65
train,7819,train,65_0062.wav,spk_65_0054,South,65
train,7820,train,65_0063.wav,spk_65_0055,South,65
train,7821,train,65_0064.wav,spk_65_0056,South,65
train,7822,train,65_0065.wav,spk_65_0057,South,65
train,7823,train,65_0066.wav,spk_65_0058,South,65
train,7824,train,65_0067.wav,spk_65_0059,South,65
train,7825,train,65_0068.wav,spk_65_0059,South,65
train,7826,train,65_0069.wav,spk_65_0059,South,65
train,7827,train,65_0070.wav,spk_65_0059,South,65
train,7828,train,65_0071.wav,spk_65_0059,South,65
train,7829,train,65_0072.wav,spk_65_0059,South,65
train,7830,train,65_0073.wav,spk_65_0060,South,65
train,7831,train,65_0074.wav,spk_65_0061,South,65
train,7832,train,65_0075.wav,spk_65_0062,South,65
train,7833,train,65_0076.wav,spk_65_0063,South,65
train,7834,train,65_0077.wav,spk_65_0063,South,65
train,7835,train,65_0078.wav,spk_65_0063,South,65
train,7836,train,65_0079.wav,spk_65_0064,South,65
train,7837,train,65_0080.wav,spk_65_0065,South,65
train,7838,train,65_0081.wav,spk_65_0066,South,65
train,7839,train,65_0082.wav,spk_65_0066,South,65
train,7840,train,65_0083.wav,spk_65_0067,South,65
train,7841,train,65_0084.wav,spk_65_0067,South,65
train,7842,train,65_0085.wav,spk_65_0068,South,65
train,7843,train,65_0086.wav,spk_65_0069,South,65
train,7844,train,65_0087.wav,spk_65_0070,South,65
train,7845,train,65_0088.wav,spk_65_0070,South,65
train,7846,train,65_0089.wav,spk_65_0071,South,65
train,7847,train,65_0090.wav,spk_65_0071,South,65
train,7848,train,65_0091.wav,spk_65_0072,South,65
train,7849,train,65_0092.wav,spk_65_0073,South,65
train,7850,train,65_0093.wav,spk_65_0074,South,65
train,7851,train,65_0094.wav,spk_65_0075,South,65
train,7852,train,65_0095.wav,spk_65_0076,South,65
train,7853,train,65_0096.wav,spk_65_0076,South,65
train,7854,train,65_0097.wav,spk_65_0077,South,65
train,7855,train,65_0098.wav,spk_65_0078,South,65
train,7856,train,65_0099.wav,spk_65_0079,South,65
train,7857,train,65_0100.wav,spk_65_0080,South,65
train,7858,train,65_0101.wav,spk_65_0081,South,65
train,7859,train,65_0102.wav,spk_65_0082,South,65
train,7860,train,65_0103.wav,spk_65_0082,South,65
train,7861,train,65_0104.wav,spk_65_0083,South,65
train,7862,train,65_0105.wav,spk_65_0083,South,65
train,7863,train,65_0106.wav,spk_65_0084,South,65
train,7864,train,65_0107.wav,spk_65_0084,South,65
train,7865,train,65_0108.wav,spk_65_0085,South,65
train,7866,train,65_0109.wav,spk_65_0085,South,65
train,7867,train,65_0110.wav,spk_65_0086,South,65
train,7868,train,65_0111.wav,spk_65_0087,South,65
train,7869,train,65_0112.wav,spk_65_0088,South,65
train,7870,train,65_0113.wav,spk_65_0089,South,65
train,7871,train,65_0114.wav,spk_65_0090,South,65
train,7872,train,65_0115.wav,spk_65_0090,South,65
train,7873,train,65_0116.wav,spk_65_0091,South,65
train,7874,train,65_0117.wav,spk_65_0091,South,65
train,7875,train,65_0118.wav,spk_65_0091,South,65
train,7876,train,65_0119.wav,spk_65_0092,South,65
train,7877,train,65_0120.wav,spk_65_0092,South,65
train,7878,train,65_0121.wav,spk_65_0093,South,65
train,7879,train,65_0122.wav,spk_65_0094,South,65
train,7880,train,65_0123.wav,spk_65_0095,South,65
train,7881,train,65_0124.wav,spk_65_0096,South,65
train,7882,train,65_0125.wav,spk_65_0096,South,65
train,7883,train,65_0126.wav,spk_65_0097,South,65
train,7884,train,65_0127.wav,spk_65_0098,South,65
train,7885,train,65_0128.wav,spk_65_0099,South,65
train,7886,train,65_0130.wav,spk_65_0101,South,65
train,7887,train,65_0131.wav,spk_65_0101,South,65
train,7888,train,65_0132.wav,spk_65_0102,South,65
train,7889,train,65_0133.wav,spk_65_0103,South,65
train,7890,train,65_0134.wav,spk_65_0104,South,65
train,7891,train,65_0135.wav,spk_65_0105,South,65
train,7892,train,65_0136.wav,spk_65_0106,South,65
train,7893,train,65_0137.wav,spk_65_0107,South,65
train,7894,train,65_0138.wav,spk_65_0108,South,65
train,7895,train,65_0139.wav,spk_65_0109,South,65
train,7896,train,65_0140.wav,spk_65_0110,South,65
train,7897,train,65_0141.wav,spk_65_0111,South,65
train,7898,train,65_0142.wav,spk_65_0112,South,65
train,7899,train,65_0143.wav,spk_65_0113,South,65
train,7900,train,65_0144.wav,spk_65_0114,South,65
train,7901,train,65_0145.wav,spk_65_0115,South,65
train,7902,train,65_0146.wav,spk_65_0116,South,65
train,7903,train,65_0147.wav,spk_65_0117,South,65
train,7904,train,65_0148.wav,spk_65_0117,South,65
train,7905,train,65_0149.wav,spk_65_0118,South,65
train,7906,train,65_0150.wav,spk_65_0119,South,65
train,7907,train,65_0151.wav,spk_65_0120,South,65
train,7908,train,65_0152.wav,spk_65_0121,South,65
train,7909,train,65_0153.wav,spk_65_0122,South,65
train,7910,train,65_0154.wav,spk_65_0123,South,65
train,7911,train,65_0155.wav,spk_65_0124,South,65
train,7912,train,65_0156.wav,spk_65_0125,South,65
train,7913,train,65_0157.wav,spk_65_0126,South,65
train,7914,train,65_0158.wav,spk_65_0127,South,65
train,7915,train,65_0159.wav,spk_65_0127,South,65
train,7916,train,65_0161.wav,spk_65_0129,South,65
train,7917,train,65_0162.wav,spk_65_0129,South,65
train,7918,train,65_0163.wav,spk_65_0130,South,65
train,7919,train,65_0164.wav,spk_65_0130,South,65
train,7920,train,65_0165.wav,spk_65_0131,South,65
train,7921,train,65_0166.wav,spk_65_0132,South,65
train,7922,train,65_0167.wav,spk_65_0133,South,65
train,7923,train,65_0168.wav,spk_65_0134,South,65
train,7924,train,65_0169.wav,spk_65_0135,South,65
train,7925,train,65_0170.wav,spk_65_0136,South,65
train,7926,train,65_0171.wav,spk_65_0137,South,65
train,7927,train,65_0172.wav,spk_65_0138,South,65
train,7928,train,65_0173.wav,spk_65_0138,South,65
train,7929,train,65_0174.wav,spk_65_0138,South,65
train,7930,train,65_0175.wav,spk_65_0138,South,65
train,7931,train,65_0176.wav,spk_65_0139,South,65
train,7932,train,65_0177.wav,spk_65_0140,South,65
train,7933,train,65_0178.wav,spk_65_0141,South,65
train,7934,train,65_0179.wav,spk_65_0142,South,65
train,7935,train,65_0180.wav,spk_65_0143,South,65
train,7936,train,65_0181.wav,spk_65_0144,South,65
train,7937,train,65_0182.wav,spk_65_0145,South,65
train,7938,train,65_0183.wav,spk_65_0146,South,65
train,7939,train,65_0184.wav,spk_65_0147,South,65
train,7940,train,65_0185.wav,spk_65_0148,South,65
train,7941,train,65_0186.wav,spk_65_0149,South,65
train,7942,train,65_0187.wav,spk_65_0149,South,65
train,7943,train,65_0188.wav,spk_65_0150,South,65
train,7944,train,65_0189.wav,spk_65_0151,South,65
train,7945,train,65_0190.wav,spk_65_0152,South,65
train,7946,train,65_0191.wav,spk_65_0153,South,65
train,7947,train,65_0192.wav,spk_65_0154,South,65
train,7948,train,65_0193.wav,spk_65_0155,South,65
train,7949,train,65_0195.wav,spk_65_0157,South,65
train,7950,train,65_0196.wav,spk_65_0158,South,65
train,7951,train,65_0197.wav,spk_65_0158,South,65
train,7952,train,65_0198.wav,spk_65_0159,South,65
train,7953,train,65_0199.wav,spk_65_0160,South,65
train,7954,train,65_0200.wav,spk_65_0161,South,65
train,7955,train,65_0201.wav,spk_65_0162,South,65
train,7956,train,65_0202.wav,spk_65_0163,South,65
train,7957,train,65_0203.wav,spk_65_0164,South,65
train,7958,train,65_0204.wav,spk_65_0165,South,65
train,7959,train,65_0205.wav,spk_65_0166,South,65
train,7960,train,65_0207.wav,spk_65_0168,South,65
train,7961,train,65_0208.wav,spk_65_0169,South,65
train,7962,train,65_0209.wav,spk_65_0170,South,65
train,7963,train,65_0210.wav,spk_65_0170,South,65
train,7964,train,65_0211.wav,spk_65_0171,South,65
train,7965,train,65_0212.wav,spk_65_0172,South,65
train,7966,train,65_0213.wav,spk_65_0172,South,65
train,7967,train,66_0001.wav,spk_66_0001,South,66
train,7968,train,66_0002.wav,spk_66_0002,South,66
train,7969,train,66_0003.wav,spk_66_0003,South,66
train,7970,train,66_0004.wav,spk_66_0004,South,66
train,7971,train,66_0005.wav,spk_66_0004,South,66
train,7972,train,66_0006.wav,spk_66_0005,South,66
train,7973,train,66_0007.wav,spk_66_0006,South,66
train,7974,train,66_0008.wav,spk_66_0007,South,66
train,7975,train,66_0009.wav,spk_66_0008,South,66
train,7976,train,66_0010.wav,spk_66_0009,South,66
train,7977,train,66_0011.wav,spk_66_0010,South,66
train,7978,train,66_0012.wav,spk_66_0011,South,66
train,7979,train,66_0013.wav,spk_66_0011,South,66
train,7980,train,66_0014.wav,spk_66_0012,South,66
train,7981,train,66_0015.wav,spk_66_0013,South,66
train,7982,train,66_0016.wav,spk_66_0014,South,66
train,7983,train,66_0017.wav,spk_66_0015,South,66
train,7984,train,66_0018.wav,spk_66_0016,South,66
train,7985,train,66_0019.wav,spk_66_0017,South,66
train,7986,train,66_0020.wav,spk_66_0017,South,66
train,7987,train,66_0021.wav,spk_66_0017,South,66
train,7988,train,66_0022.wav,spk_66_0018,South,66
train,7989,train,66_0023.wav,spk_66_0019,South,66
train,7990,train,66_0024.wav,spk_66_0020,South,66
train,7991,train,66_0025.wav,spk_66_0021,South,66
train,7992,train,66_0026.wav,spk_66_0022,South,66
train,7993,train,66_0027.wav,spk_66_0023,South,66
train,7994,train,66_0028.wav,spk_66_0024,South,66
train,7995,train,66_0029.wav,spk_66_0025,South,66
train,7996,train,66_0030.wav,spk_66_0026,South,66
train,7997,train,66_0031.wav,spk_66_0027,South,66
train,7998,train,66_0032.wav,spk_66_0028,South,66
train,7999,train,66_0033.wav,spk_66_0028,South,66
train,8000,train,66_0034.wav,spk_66_0029,South,66
train,8001,train,66_0035.wav,spk_66_0030,South,66
train,8002,train,66_0036.wav,spk_66_0031,South,66
train,8003,train,66_0037.wav,spk_66_0032,South,66
train,8004,train,66_0038.wav,spk_66_0032,South,66
train,8005,train,66_0039.wav,spk_66_0033,South,66
train,8006,train,66_0040.wav,spk_66_0033,South,66
train,8007,train,66_0041.wav,spk_66_0034,South,66
train,8008,train,66_0042.wav,spk_66_0035,South,66
train,8009,train,66_0043.wav,spk_66_0035,South,66
train,8010,train,66_0044.wav,spk_66_0036,South,66
train,8011,train,66_0045.wav,spk_66_0036,South,66
train,8012,train,66_0046.wav,spk_66_0037,South,66
train,8013,train,66_0047.wav,spk_66_0038,South,66
train,8014,train,66_0048.wav,spk_66_0039,South,66
train,8015,train,66_0049.wav,spk_66_0040,South,66
train,8016,train,66_0050.wav,spk_66_0041,South,66
train,8017,train,66_0051.wav,spk_66_0042,South,66
train,8018,train,66_0052.wav,spk_66_0043,South,66
train,8019,train,66_0053.wav,spk_66_0044,South,66
train,8020,train,66_0054.wav,spk_66_0045,South,66
train,8021,train,66_0055.wav,spk_66_0045,South,66
train,8022,train,66_0056.wav,spk_66_0046,South,66
train,8023,train,66_0057.wav,spk_66_0047,South,66
train,8024,train,66_0058.wav,spk_66_0048,South,66
train,8025,train,66_0059.wav,spk_66_0049,South,66
train,8026,train,66_0060.wav,spk_66_0050,South,66
train,8027,train,66_0061.wav,spk_66_0050,South,66
train,8028,train,66_0062.wav,spk_66_0051,South,66
train,8029,train,66_0063.wav,spk_66_0051,South,66
train,8030,train,66_0064.wav,spk_66_0052,South,66
train,8031,train,66_0065.wav,spk_66_0053,South,66
train,8032,train,66_0066.wav,spk_66_0053,South,66
train,8033,train,66_0067.wav,spk_66_0054,South,66
train,8034,train,66_0068.wav,spk_66_0054,South,66
train,8035,train,66_0069.wav,spk_66_0055,South,66
train,8036,train,66_0070.wav,spk_66_0056,South,66
train,8037,train,66_0071.wav,spk_66_0057,South,66
train,8038,train,66_0072.wav,spk_66_0057,South,66
train,8039,train,66_0073.wav,spk_66_0058,South,66
train,8040,train,66_0074.wav,spk_66_0059,South,66
train,8041,train,66_0075.wav,spk_66_0060,South,66
train,8042,train,66_0076.wav,spk_66_0061,South,66
train,8043,train,66_0077.wav,spk_66_0062,South,66
train,8044,train,66_0078.wav,spk_66_0063,South,66
train,8045,train,66_0079.wav,spk_66_0064,South,66
train,8046,train,66_0080.wav,spk_66_0065,South,66
train,8047,train,66_0081.wav,spk_66_0066,South,66
train,8048,train,66_0082.wav,spk_66_0067,South,66
train,8049,train,66_0083.wav,spk_66_0067,South,66
train,8050,train,66_0084.wav,spk_66_0068,South,66
train,8051,train,66_0085.wav,spk_66_0069,South,66
train,8052,train,66_0086.wav,spk_66_0069,South,66
train,8053,train,66_0087.wav,spk_66_0070,South,66
train,8054,train,66_0088.wav,spk_66_0070,South,66
train,8055,train,66_0089.wav,spk_66_0071,South,66
train,8056,train,66_0090.wav,spk_66_0071,South,66
train,8057,train,66_0091.wav,spk_66_0071,South,66
train,8058,train,66_0092.wav,spk_66_0072,South,66
train,8059,train,66_0093.wav,spk_66_0072,South,66
train,8060,train,66_0094.wav,spk_66_0073,South,66
train,8061,train,66_0095.wav,spk_66_0074,South,66
train,8062,train,66_0096.wav,spk_66_0075,South,66
train,8063,train,66_0097.wav,spk_66_0075,South,66
train,8064,train,66_0098.wav,spk_66_0076,South,66
train,8065,train,66_0099.wav,spk_66_0076,South,66
train,8066,train,66_0100.wav,spk_66_0077,South,66
train,8067,train,66_0101.wav,spk_66_0078,South,66
train,8068,train,66_0102.wav,spk_66_0079,South,66
train,8069,train,66_0103.wav,spk_66_0080,South,66
train,8070,train,66_0104.wav,spk_66_0080,South,66
train,8071,train,66_0105.wav,spk_66_0080,South,66
train,8072,train,66_0106.wav,spk_66_0081,South,66
train,8073,train,66_0107.wav,spk_66_0082,South,66
train,8074,train,66_0108.wav,spk_66_0083,South,66
train,8075,train,66_0109.wav,spk_66_0084,South,66
train,8076,train,66_0110.wav,spk_66_0084,South,66
train,8077,train,66_0111.wav,spk_66_0085,South,66
train,8078,train,66_0112.wav,spk_66_0086,South,66
train,8079,train,66_0113.wav,spk_66_0087,South,66
train,8080,train,66_0114.wav,spk_66_0088,South,66
train,8081,train,66_0115.wav,spk_66_0089,South,66
train,8082,train,66_0116.wav,spk_66_0090,South,66
train,8083,train,66_0117.wav,spk_66_0090,South,66
train,8084,train,66_0118.wav,spk_66_0091,South,66
train,8085,train,66_0119.wav,spk_66_0092,South,66
train,8086,train,66_0120.wav,spk_66_0093,South,66
train,8087,train,66_0121.wav,spk_66_0094,South,66
train,8088,train,66_0122.wav,spk_66_0094,South,66
train,8089,train,66_0123.wav,spk_66_0095,South,66
train,8090,train,66_0124.wav,spk_66_0096,South,66
train,8091,train,66_0125.wav,spk_66_0097,South,66
train,8092,train,66_0126.wav,spk_66_0098,South,66
train,8093,train,66_0127.wav,spk_66_0099,South,66
train,8094,train,66_0128.wav,spk_66_0099,South,66
train,8095,train,66_0129.wav,spk_66_0100,South,66
train,8096,train,66_0130.wav,spk_66_0101,South,66
train,8097,train,66_0131.wav,spk_66_0101,South,66
train,8098,train,66_0132.wav,spk_66_0102,South,66
train,8099,train,66_0133.wav,spk_66_0102,South,66
train,8100,train,66_0134.wav,spk_66_0103,South,66
train,8101,train,66_0135.wav,spk_66_0103,South,66
train,8102,train,66_0136.wav,spk_66_0104,South,66
train,8103,train,66_0137.wav,spk_66_0104,South,66
train,8104,train,66_0138.wav,spk_66_0105,South,66
train,8105,train,66_0139.wav,spk_66_0106,South,66
train,8106,train,66_0140.wav,spk_66_0107,South,66
train,8107,train,66_0141.wav,spk_66_0108,South,66
train,8108,train,66_0142.wav,spk_66_0109,South,66
train,8109,train,66_0143.wav,spk_66_0110,South,66
train,8110,train,66_0144.wav,spk_66_0111,South,66
train,8111,train,66_0145.wav,spk_66_0112,South,66
train,8112,train,66_0146.wav,spk_66_0112,South,66
train,8113,train,66_0147.wav,spk_66_0113,South,66
train,8114,train,66_0148.wav,spk_66_0113,South,66
train,8115,train,66_0149.wav,spk_66_0114,South,66
train,8116,train,66_0150.wav,spk_66_0114,South,66
train,8117,train,66_0151.wav,spk_66_0115,South,66
train,8118,train,66_0152.wav,spk_66_0115,South,66
train,8119,train,66_0153.wav,spk_66_0116,South,66
train,8120,train,66_0154.wav,spk_66_0116,South,66
train,8121,train,66_0155.wav,spk_66_0117,South,66
train,8122,train,66_0156.wav,spk_66_0118,South,66
train,8123,train,66_0157.wav,spk_66_0118,South,66
train,8124,train,66_0158.wav,spk_66_0119,South,66
train,8125,train,66_0159.wav,spk_66_0120,South,66
train,8126,train,66_0160.wav,spk_66_0121,South,66
train,8127,train,66_0161.wav,spk_66_0121,South,66
train,8128,train,66_0162.wav,spk_66_0121,South,66
train,8129,train,66_0163.wav,spk_66_0122,South,66
train,8130,train,66_0164.wav,spk_66_0123,South,66
train,8131,train,66_0165.wav,spk_66_0123,South,66
train,8132,train,66_0166.wav,spk_66_0124,South,66
train,8133,train,66_0167.wav,spk_66_0124,South,66
train,8134,train,66_0168.wav,spk_66_0125,South,66
train,8135,train,66_0169.wav,spk_66_0125,South,66
train,8136,train,66_0170.wav,spk_66_0126,South,66
train,8137,train,66_0171.wav,spk_66_0126,South,66
train,8138,train,66_0172.wav,spk_66_0127,South,66
train,8139,train,66_0173.wav,spk_66_0128,South,66
train,8140,train,66_0174.wav,spk_66_0128,South,66
train,8141,train,66_0175.wav,spk_66_0129,South,66
train,8142,train,66_0176.wav,spk_66_0129,South,66
train,8143,train,66_0177.wav,spk_66_0130,South,66
train,8144,train,66_0178.wav,spk_66_0130,South,66
train,8145,train,66_0179.wav,spk_66_0131,South,66
train,8146,train,66_0180.wav,spk_66_0132,South,66
train,8147,train,66_0181.wav,spk_66_0133,South,66
train,8148,train,66_0182.wav,spk_66_0134,South,66
train,8149,train,66_0183.wav,spk_66_0134,South,66
train,8150,train,66_0184.wav,spk_66_0135,South,66
train,8151,train,66_0185.wav,spk_66_0135,South,66
train,8152,train,66_0186.wav,spk_66_0136,South,66
train,8153,train,66_0187.wav,spk_66_0136,South,66
train,8154,train,66_0188.wav,spk_66_0137,South,66
train,8155,train,66_0189.wav,spk_66_0138,South,66
train,8156,train,66_0190.wav,spk_66_0138,South,66
train,8157,train,66_0191.wav,spk_66_0139,South,66
train,8158,train,66_0192.wav,spk_66_0140,South,66
train,8159,train,66_0193.wav,spk_66_0141,South,66
train,8160,train,66_0194.wav,spk_66_0141,South,66
train,8161,train,66_0195.wav,spk_66_0142,South,66
train,8162,train,66_0196.wav,spk_66_0142,South,66
train,8163,train,66_0197.wav,spk_66_0143,South,66
train,8164,train,66_0198.wav,spk_66_0144,South,66
train,8165,train,66_0200.wav,spk_66_0146,South,66
train,8166,train,66_0201.wav,spk_66_0146,South,66
train,8167,train,66_0202.wav,spk_66_0146,South,66
train,8168,train,66_0205.wav,spk_66_0148,South,66
train,8169,train,66_0206.wav,spk_66_0148,South,66
train,8170,train,66_0207.wav,spk_66_0149,South,66
train,8171,train,66_0208.wav,spk_66_0149,South,66
train,8172,train,66_0209.wav,spk_66_0150,South,66
train,8173,train,66_0210.wav,spk_66_0150,South,66
train,8174,train,66_0211.wav,spk_66_0150,South,66
train,8175,train,66_0212.wav,spk_66_0151,South,66
train,8176,train,66_0213.wav,spk_66_0152,South,66
train,8177,train,66_0214.wav,spk_66_0153,South,66
train,8178,train,66_0215.wav,spk_66_0154,South,66
train,8179,train,66_0216.wav,spk_66_0155,South,66
train,8180,train,66_0217.wav,spk_66_0155,South,66
train,8181,train,66_0218.wav,spk_66_0156,South,66
train,8182,train,66_0219.wav,spk_66_0157,South,66
train,8183,train,66_0220.wav,spk_66_0158,South,66
train,8184,train,67_0001.wav,spk_67_0001,South,67
train,8185,train,67_0002.wav,spk_67_0002,South,67
train,8186,train,67_0003.wav,spk_67_0002,South,67
train,8187,train,67_0004.wav,spk_67_0003,South,67
train,8188,train,67_0005.wav,spk_67_0003,South,67
train,8189,train,67_0006.wav,spk_67_0004,South,67
train,8190,train,67_0007.wav,spk_67_0005,South,67
train,8191,train,67_0008.wav,spk_67_0005,South,67
train,8192,train,67_0009.wav,spk_67_0006,South,67
train,8193,train,67_0010.wav,spk_67_0006,South,67
train,8194,train,67_0011.wav,spk_67_0007,South,67
train,8195,train,67_0012.wav,spk_67_0007,South,67
train,8196,train,67_0013.wav,spk_67_0008,South,67
train,8197,train,67_0014.wav,spk_67_0008,South,67
train,8198,train,67_0015.wav,spk_67_0008,South,67
train,8199,train,67_0016.wav,spk_67_0009,South,67
train,8200,train,67_0017.wav,spk_67_0009,South,67
train,8201,train,67_0018.wav,spk_67_0009,South,67
train,8202,train,67_0019.wav,spk_67_0010,South,67
train,8203,train,67_0020.wav,spk_67_0010,South,67
train,8204,train,67_0021.wav,spk_67_0011,South,67
train,8205,train,67_0022.wav,spk_67_0011,South,67
train,8206,train,67_0023.wav,spk_67_0012,South,67
train,8207,train,67_0024.wav,spk_67_0012,South,67
train,8208,train,67_0025.wav,spk_67_0013,South,67
train,8209,train,67_0026.wav,spk_67_0013,South,67
train,8210,train,67_0027.wav,spk_67_0014,South,67
train,8211,train,67_0028.wav,spk_67_0014,South,67
train,8212,train,67_0029.wav,spk_67_0015,South,67
train,8213,train,67_0030.wav,spk_67_0015,South,67
train,8214,train,67_0031.wav,spk_67_0015,South,67
train,8215,train,67_0032.wav,spk_67_0016,South,67
train,8216,train,67_0033.wav,spk_67_0017,South,67
train,8217,train,67_0034.wav,spk_67_0018,South,67
train,8218,train,67_0035.wav,spk_67_0019,South,67
train,8219,train,67_0036.wav,spk_67_0020,South,67
train,8220,train,67_0037.wav,spk_67_0021,South,67
train,8221,train,67_0038.wav,spk_67_0021,South,67
train,8222,train,67_0039.wav,spk_67_0021,South,67
train,8223,train,67_0040.wav,spk_67_0022,South,67
train,8224,train,67_0041.wav,spk_67_0022,South,67
train,8225,train,67_0042.wav,spk_67_0023,South,67
train,8226,train,67_0043.wav,spk_67_0024,South,67
train,8227,train,67_0044.wav,spk_67_0024,South,67
train,8228,train,67_0045.wav,spk_67_0025,South,67
train,8229,train,67_0046.wav,spk_67_0026,South,67
train,8230,train,67_0047.wav,spk_67_0027,South,67
train,8231,train,67_0048.wav,spk_67_0027,South,67
train,8232,train,67_0049.wav,spk_67_0028,South,67
train,8233,train,67_0050.wav,spk_67_0028,South,67
train,8234,train,67_0051.wav,spk_67_0028,South,67
train,8235,train,67_0052.wav,spk_67_0029,South,67
train,8236,train,67_0053.wav,spk_67_0029,South,67
train,8237,train,67_0054.wav,spk_67_0030,South,67
train,8238,train,67_0055.wav,spk_67_0030,South,67
train,8239,train,67_0056.wav,spk_67_0031,South,67
train,8240,train,67_0057.wav,spk_67_0032,South,67
train,8241,train,67_0058.wav,spk_67_0032,South,67
train,8242,train,67_0059.wav,spk_67_0033,South,67
train,8243,train,67_0060.wav,spk_67_0034,South,67
train,8244,train,67_0061.wav,spk_67_0034,South,67
train,8245,train,67_0062.wav,spk_67_0035,South,67
train,8246,train,67_0063.wav,spk_67_0035,South,67
train,8247,train,67_0064.wav,spk_67_0035,South,67
train,8248,train,67_0065.wav,spk_67_0036,South,67
train,8249,train,67_0066.wav,spk_67_0036,South,67
train,8250,train,67_0067.wav,spk_67_0037,South,67
train,8251,train,67_0068.wav,spk_67_0038,South,67
train,8252,train,67_0069.wav,spk_67_0038,South,67
train,8253,train,67_0070.wav,spk_67_0039,South,67
train,8254,train,67_0071.wav,spk_67_0039,South,67
train,8255,train,67_0072.wav,spk_67_0039,South,67
train,8256,train,67_0073.wav,spk_67_0040,South,67
train,8257,train,67_0074.wav,spk_67_0040,South,67
train,8258,train,67_0075.wav,spk_67_0040,South,67
train,8259,train,67_0076.wav,spk_67_0041,South,67
train,8260,train,67_0077.wav,spk_67_0041,South,67
train,8261,train,67_0078.wav,spk_67_0041,South,67
train,8262,train,67_0079.wav,spk_67_0042,South,67
train,8263,train,67_0080.wav,spk_67_0042,South,67
train,8264,train,67_0081.wav,spk_67_0043,South,67
train,8265,train,67_0082.wav,spk_67_0043,South,67
train,8266,train,67_0083.wav,spk_67_0044,South,67
train,8267,train,67_0084.wav,spk_67_0044,South,67
train,8268,train,67_0085.wav,spk_67_0045,South,67
train,8269,train,67_0086.wav,spk_67_0046,South,67
train,8270,train,67_0087.wav,spk_67_0047,South,67
train,8271,train,67_0088.wav,spk_67_0047,South,67
train,8272,train,67_0089.wav,spk_67_0048,South,67
train,8273,train,67_0090.wav,spk_67_0048,South,67
train,8274,train,67_0091.wav,spk_67_0049,South,67
train,8275,train,67_0092.wav,spk_67_0049,South,67
train,8276,train,67_0093.wav,spk_67_0049,South,67
train,8277,train,67_0094.wav,spk_67_0049,South,67
train,8278,train,67_0095.wav,spk_67_0050,South,67
train,8279,train,67_0096.wav,spk_67_0050,South,67
train,8280,train,67_0097.wav,spk_67_0051,South,67
train,8281,train,67_0098.wav,spk_67_0051,South,67
train,8282,train,67_0099.wav,spk_67_0052,South,67
train,8283,train,67_0100.wav,spk_67_0052,South,67
train,8284,train,67_0101.wav,spk_67_0053,South,67
train,8285,train,67_0102.wav,spk_67_0053,South,67
train,8286,train,67_0103.wav,spk_67_0054,South,67
train,8287,train,67_0104.wav,spk_67_0054,South,67
train,8288,train,67_0105.wav,spk_67_0055,South,67
train,8289,train,67_0106.wav,spk_67_0055,South,67
train,8290,train,67_0107.wav,spk_67_0056,South,67
train,8291,train,67_0108.wav,spk_67_0057,South,67
train,8292,train,67_0109.wav,spk_67_0057,South,67
train,8293,train,67_0110.wav,spk_67_0058,South,67
train,8294,train,67_0111.wav,spk_67_0058,South,67
train,8295,train,67_0112.wav,spk_67_0059,South,67
train,8296,train,67_0113.wav,spk_67_0059,South,67
train,8297,train,67_0114.wav,spk_67_0059,South,67
train,8298,train,67_0115.wav,spk_67_0060,South,67
train,8299,train,67_0116.wav,spk_67_0061,South,67
train,8300,train,67_0117.wav,spk_67_0061,South,67
train,8301,train,67_0118.wav,spk_67_0062,South,67
train,8302,train,67_0119.wav,spk_67_0062,South,67
train,8303,train,67_0120.wav,spk_67_0063,South,67
train,8304,train,67_0121.wav,spk_67_0063,South,67
train,8305,train,67_0122.wav,spk_67_0064,South,67
train,8306,train,67_0123.wav,spk_67_0065,South,67
train,8307,train,67_0124.wav,spk_67_0065,South,67
train,8308,train,67_0125.wav,spk_67_0066,South,67
train,8309,train,67_0126.wav,spk_67_0066,South,67
train,8310,train,67_0127.wav,spk_67_0067,South,67
train,8311,train,67_0128.wav,spk_67_0067,South,67
train,8312,train,67_0129.wav,spk_67_0068,South,67
train,8313,train,67_0130.wav,spk_67_0069,South,67
train,8314,train,67_0131.wav,spk_67_0070,South,67
train,8315,train,67_0132.wav,spk_67_0070,South,67
train,8316,train,67_0133.wav,spk_67_0071,South,67
train,8317,train,67_0134.wav,spk_67_0071,South,67
train,8318,train,67_0135.wav,spk_67_0071,South,67
train,8319,train,67_0136.wav,spk_67_0071,South,67
train,8320,train,67_0137.wav,spk_67_0071,South,67
train,8321,train,67_0138.wav,spk_67_0072,South,67
train,8322,train,67_0139.wav,spk_67_0072,South,67
train,8323,train,67_0140.wav,spk_67_0072,South,67
train,8324,train,67_0141.wav,spk_67_0073,South,67
train,8325,train,67_0142.wav,spk_67_0073,South,67
train,8326,train,67_0143.wav,spk_67_0074,South,67
train,8327,train,67_0144.wav,spk_67_0074,South,67
train,8328,train,67_0145.wav,spk_67_0074,South,67
train,8329,train,67_0146.wav,spk_67_0075,South,67
train,8330,train,67_0147.wav,spk_67_0076,South,67
train,8331,train,67_0148.wav,spk_67_0077,South,67
train,8332,train,67_0149.wav,spk_67_0078,South,67
train,8333,train,67_0150.wav,spk_67_0078,South,67
train,8334,train,67_0151.wav,spk_67_0079,South,67
train,8335,train,67_0152.wav,spk_67_0079,South,67
train,8336,train,67_0153.wav,spk_67_0079,South,67
train,8337,train,67_0154.wav,spk_67_0080,South,67
train,8338,train,67_0155.wav,spk_67_0080,South,67
train,8339,train,67_0156.wav,spk_67_0080,South,67
train,8340,train,67_0157.wav,spk_67_0081,South,67
train,8341,train,67_0158.wav,spk_67_0082,South,67
train,8342,train,67_0159.wav,spk_67_0083,South,67
train,8343,train,67_0160.wav,spk_67_0083,South,67
train,8344,train,67_0161.wav,spk_67_0083,South,67
train,8345,train,67_0162.wav,spk_67_0084,South,67
train,8346,train,67_0163.wav,spk_67_0084,South,67
train,8347,train,67_0164.wav,spk_67_0085,South,67
train,8348,train,67_0165.wav,spk_67_0086,South,67
train,8349,train,67_0166.wav,spk_67_0086,South,67
train,8350,train,67_0167.wav,spk_67_0087,South,67
train,8351,train,67_0168.wav,spk_67_0087,South,67
train,8352,train,67_0169.wav,spk_67_0088,South,67
train,8353,train,67_0170.wav,spk_67_0089,South,67
train,8354,train,67_0171.wav,spk_67_0090,South,67
train,8355,train,67_0172.wav,spk_67_0090,South,67
train,8356,train,67_0173.wav,spk_67_0090,South,67
train,8357,train,67_0174.wav,spk_67_0091,South,67
train,8358,train,67_0175.wav,spk_67_0091,South,67
train,8359,train,67_0176.wav,spk_67_0092,South,67
train,8360,train,67_0177.wav,spk_67_0092,South,67
train,8361,train,67_0178.wav,spk_67_0092,South,67
train,8362,train,67_0179.wav,spk_67_0093,South,67
train,8363,train,67_0180.wav,spk_67_0094,South,67
train,8364,train,67_0181.wav,spk_67_0095,South,67
train,8365,train,67_0182.wav,spk_67_0096,South,67
train,8366,train,67_0183.wav,spk_67_0097,South,67
train,8367,train,67_0184.wav,spk_67_0097,South,67
train,8368,train,67_0185.wav,spk_67_0098,South,67
train,8369,train,67_0186.wav,spk_67_0099,South,67
train,8370,train,67_0187.wav,spk_67_0099,South,67
train,8371,train,67_0188.wav,spk_67_0099,South,67
train,8372,train,67_0189.wav,spk_67_0100,South,67
train,8373,train,67_0190.wav,spk_67_0101,South,67
train,8374,train,67_0191.wav,spk_67_0102,South,67
train,8375,train,67_0192.wav,spk_67_0102,South,67
train,8376,train,67_0193.wav,spk_67_0102,South,67
train,8377,train,67_0194.wav,spk_67_0103,South,67
train,8378,train,67_0195.wav,spk_67_0104,South,67
train,8379,train,67_0196.wav,spk_67_0105,South,67
train,8380,train,67_0197.wav,spk_67_0105,South,67
train,8381,train,67_0198.wav,spk_67_0106,South,67
train,8382,train,67_0199.wav,spk_67_0106,South,67
train,8383,train,67_0200.wav,spk_67_0107,South,67
train,8384,train,67_0201.wav,spk_67_0107,South,67
train,8385,train,67_0202.wav,spk_67_0107,South,67
train,8386,train,67_0203.wav,spk_67_0107,South,67
train,8387,train,67_0204.wav,spk_67_0108,South,67
train,8388,train,67_0205.wav,spk_67_0108,South,67
train,8389,train,67_0206.wav,spk_67_0108,South,67
train,8390,train,67_0207.wav,spk_67_0108,South,67
train,8391,train,67_0208.wav,spk_67_0108,South,67
train,8392,train,67_0212.wav,spk_67_0110,South,67
train,8393,train,67_0213.wav,spk_67_0110,South,67
train,8394,train,67_0214.wav,spk_67_0110,South,67
train,8395,train,67_0215.wav,spk_67_0110,South,67
train,8396,train,67_0216.wav,spk_67_0111,South,67
train,8397,train,67_0217.wav,spk_67_0111,South,67
train,8398,train,67_0218.wav,spk_67_0111,South,67
train,8399,train,67_0219.wav,spk_67_0111,South,67
train,8400,train,67_0220.wav,spk_67_0111,South,67
train,8401,train,67_0221.wav,spk_67_0112,South,67
train,8402,train,67_0222.wav,spk_67_0112,South,67
train,8403,train,67_0223.wav,spk_67_0112,South,67
train,8404,train,68_0001.wav,spk_68_0001,South,68
train,8405,train,68_0002.wav,spk_68_0001,South,68
train,8406,train,68_0003.wav,spk_68_0001,South,68
train,8407,train,68_0004.wav,spk_68_0001,South,68
train,8408,train,68_0005.wav,spk_68_0002,South,68
train,8409,train,68_0006.wav,spk_68_0002,South,68
train,8410,train,68_0007.wav,spk_68_0003,South,68
train,8411,train,68_0008.wav,spk_68_0003,South,68
train,8412,train,68_0009.wav,spk_68_0003,South,68
train,8413,train,68_0010.wav,spk_68_0003,South,68
train,8414,train,68_0011.wav,spk_68_0004,South,68
train,8415,train,68_0012.wav,spk_68_0004,South,68
train,8416,train,68_0013.wav,spk_68_0004,South,68
train,8417,train,68_0014.wav,spk_68_0004,South,68
train,8418,train,68_0015.wav,spk_68_0005,South,68
train,8419,train,68_0016.wav,spk_68_0005,South,68
train,8420,train,68_0017.wav,spk_68_0006,South,68
train,8421,train,68_0018.wav,spk_68_0007,South,68
train,8422,train,68_0019.wav,spk_68_0007,South,68
train,8423,train,68_0020.wav,spk_68_0007,South,68
train,8424,train,68_0021.wav,spk_68_0008,South,68
train,8425,train,68_0022.wav,spk_68_0008,South,68
train,8426,train,68_0023.wav,spk_68_0008,South,68
train,8427,train,68_0024.wav,spk_68_0009,South,68
train,8428,train,68_0025.wav,spk_68_0009,South,68
train,8429,train,68_0026.wav,spk_68_0010,South,68
train,8430,train,68_0027.wav,spk_68_0011,South,68
train,8431,train,68_0028.wav,spk_68_0011,South,68
train,8432,train,68_0029.wav,spk_68_0012,South,68
train,8433,train,68_0030.wav,spk_68_0012,South,68
train,8434,train,68_0031.wav,spk_68_0012,South,68
train,8435,train,68_0032.wav,spk_68_0013,South,68
train,8436,train,68_0033.wav,spk_68_0013,South,68
train,8437,train,68_0034.wav,spk_68_0014,South,68
train,8438,train,68_0035.wav,spk_68_0014,South,68
train,8439,train,68_0036.wav,spk_68_0015,South,68
train,8440,train,68_0037.wav,spk_68_0015,South,68
train,8441,train,68_0038.wav,spk_68_0016,South,68
train,8442,train,68_0039.wav,spk_68_0017,South,68
train,8443,train,68_0040.wav,spk_68_0017,South,68
train,8444,train,68_0041.wav,spk_68_0017,South,68
train,8445,train,68_0042.wav,spk_68_0017,South,68
train,8446,train,68_0043.wav,spk_68_0018,South,68
train,8447,train,68_0044.wav,spk_68_0018,South,68
train,8448,train,68_0045.wav,spk_68_0018,South,68
train,8449,train,68_0046.wav,spk_68_0019,South,68
train,8450,train,68_0047.wav,spk_68_0020,South,68
train,8451,train,68_0048.wav,spk_68_0020,South,68
train,8452,train,68_0049.wav,spk_68_0020,South,68
train,8453,train,68_0050.wav,spk_68_0020,South,68
train,8454,train,68_0051.wav,spk_68_0020,South,68
train,8455,train,68_0052.wav,spk_68_0021,South,68
train,8456,train,68_0053.wav,spk_68_0021,South,68
train,8457,train,68_0054.wav,spk_68_0021,South,68
train,8458,train,68_0055.wav,spk_68_0021,South,68
train,8459,train,68_0056.wav,spk_68_0021,South,68
train,8460,train,68_0057.wav,spk_68_0022,South,68
train,8461,train,68_0058.wav,spk_68_0022,South,68
train,8462,train,68_0059.wav,spk_68_0022,South,68
train,8463,train,68_0060.wav,spk_68_0023,South,68
train,8464,train,68_0061.wav,spk_68_0023,South,68
train,8465,train,68_0062.wav,spk_68_0024,South,68
train,8466,train,68_0063.wav,spk_68_0024,South,68
train,8467,train,68_0064.wav,spk_68_0025,South,68
train,8468,train,68_0065.wav,spk_68_0025,South,68
train,8469,train,68_0066.wav,spk_68_0026,South,68
train,8470,train,68_0067.wav,spk_68_0027,South,68
train,8471,train,68_0068.wav,spk_68_0027,South,68
train,8472,train,68_0069.wav,spk_68_0027,South,68
train,8473,train,68_0070.wav,spk_68_0028,South,68
train,8474,train,68_0071.wav,spk_68_0028,South,68
train,8475,train,68_0072.wav,spk_68_0028,South,68
train,8476,train,68_0073.wav,spk_68_0029,South,68
train,8477,train,68_0074.wav,spk_68_0029,South,68
train,8478,train,68_0075.wav,spk_68_0030,South,68
train,8479,train,68_0076.wav,spk_68_0030,South,68
train,8480,train,68_0077.wav,spk_68_0030,South,68
train,8481,train,68_0078.wav,spk_68_0031,South,68
train,8482,train,68_0079.wav,spk_68_0031,South,68
train,8483,train,68_0080.wav,spk_68_0031,South,68
train,8484,train,68_0081.wav,spk_68_0032,South,68
train,8485,train,68_0082.wav,spk_68_0033,South,68
train,8486,train,68_0083.wav,spk_68_0034,South,68
train,8487,train,68_0084.wav,spk_68_0034,South,68
train,8488,train,68_0085.wav,spk_68_0035,South,68
train,8489,train,68_0086.wav,spk_68_0035,South,68
train,8490,train,68_0087.wav,spk_68_0036,South,68
train,8491,train,68_0088.wav,spk_68_0037,South,68
train,8492,train,68_0089.wav,spk_68_0038,South,68
train,8493,train,68_0090.wav,spk_68_0039,South,68
train,8494,train,68_0091.wav,spk_68_0039,South,68
train,8495,train,68_0092.wav,spk_68_0039,South,68
train,8496,train,68_0093.wav,spk_68_0040,South,68
train,8497,train,68_0094.wav,spk_68_0040,South,68
train,8498,train,68_0095.wav,spk_68_0041,South,68
train,8499,train,68_0096.wav,spk_68_0041,South,68
train,8500,train,68_0097.wav,spk_68_0042,South,68
train,8501,train,68_0098.wav,spk_68_0043,South,68
train,8502,train,68_0099.wav,spk_68_0044,South,68
train,8503,train,68_0100.wav,spk_68_0044,South,68
train,8504,train,68_0101.wav,spk_68_0044,South,68
train,8505,train,68_0102.wav,spk_68_0045,South,68
train,8506,train,68_0103.wav,spk_68_0045,South,68
train,8507,train,68_0104.wav,spk_68_0045,South,68
train,8508,train,68_0105.wav,spk_68_0045,South,68
train,8509,train,68_0106.wav,spk_68_0046,South,68
train,8510,train,68_0107.wav,spk_68_0046,South,68
train,8511,train,68_0108.wav,spk_68_0047,South,68
train,8512,train,68_0109.wav,spk_68_0047,South,68
train,8513,train,68_0110.wav,spk_68_0048,South,68
train,8514,train,68_0111.wav,spk_68_0048,South,68
train,8515,train,68_0112.wav,spk_68_0049,South,68
train,8516,train,68_0113.wav,spk_68_0050,South,68
train,8517,train,68_0114.wav,spk_68_0050,South,68
train,8518,train,68_0115.wav,spk_68_0051,South,68
train,8519,train,68_0116.wav,spk_68_0051,South,68
train,8520,train,68_0117.wav,spk_68_0051,South,68
train,8521,train,68_0118.wav,spk_68_0052,South,68
train,8522,train,68_0119.wav,spk_68_0052,South,68
train,8523,train,68_0120.wav,spk_68_0053,South,68
train,8524,train,68_0121.wav,spk_68_0053,South,68
train,8525,train,68_0122.wav,spk_68_0054,South,68
train,8526,train,68_0123.wav,spk_68_0054,South,68
train,8527,train,68_0124.wav,spk_68_0055,South,68
train,8528,train,68_0125.wav,spk_68_0055,South,68
train,8529,train,68_0126.wav,spk_68_0056,South,68
train,8530,train,68_0127.wav,spk_68_0056,South,68
train,8531,train,68_0128.wav,spk_68_0057,South,68
train,8532,train,68_0129.wav,spk_68_0057,South,68
train,8533,train,68_0130.wav,spk_68_0057,South,68
train,8534,train,68_0131.wav,spk_68_0057,South,68
train,8535,train,68_0132.wav,spk_68_0058,South,68
train,8536,train,68_0133.wav,spk_68_0058,South,68
train,8537,train,68_0134.wav,spk_68_0059,South,68
train,8538,train,68_0135.wav,spk_68_0060,South,68
train,8539,train,68_0136.wav,spk_68_0060,South,68
train,8540,train,68_0137.wav,spk_68_0061,South,68
train,8541,train,68_0138.wav,spk_68_0061,South,68
train,8542,train,68_0139.wav,spk_68_0061,South,68
train,8543,train,68_0140.wav,spk_68_0061,South,68
train,8544,train,68_0141.wav,spk_68_0062,South,68
train,8545,train,68_0142.wav,spk_68_0062,South,68
train,8546,train,68_0143.wav,spk_68_0063,South,68
train,8547,train,68_0144.wav,spk_68_0063,South,68
train,8548,train,68_0145.wav,spk_68_0063,South,68
train,8549,train,68_0146.wav,spk_68_0063,South,68
train,8550,train,68_0147.wav,spk_68_0063,South,68
train,8551,train,68_0148.wav,spk_68_0063,South,68
train,8552,train,68_0149.wav,spk_68_0063,South,68
train,8553,train,68_0150.wav,spk_68_0064,South,68
train,8554,train,68_0151.wav,spk_68_0064,South,68
train,8555,train,68_0152.wav,spk_68_0065,South,68
train,8556,train,68_0153.wav,spk_68_0065,South,68
train,8557,train,68_0154.wav,spk_68_0065,South,68
train,8558,train,68_0155.wav,spk_68_0065,South,68
train,8559,train,68_0156.wav,spk_68_0066,South,68
train,8560,train,68_0157.wav,spk_68_0066,South,68
train,8561,train,68_0158.wav,spk_68_0066,South,68
train,8562,train,68_0159.wav,spk_68_0067,South,68
train,8563,train,68_0160.wav,spk_68_0067,South,68
train,8564,train,68_0161.wav,spk_68_0068,South,68
train,8565,train,68_0162.wav,spk_68_0069,South,68
train,8566,train,68_0163.wav,spk_68_0069,South,68
train,8567,train,68_0164.wav,spk_68_0070,South,68
train,8568,train,68_0165.wav,spk_68_0071,South,68
train,8569,train,68_0166.wav,spk_68_0071,South,68
train,8570,train,68_0167.wav,spk_68_0071,South,68
train,8571,train,68_0168.wav,spk_68_0071,South,68
train,8572,train,68_0169.wav,spk_68_0072,South,68
train,8573,train,68_0170.wav,spk_68_0072,South,68
train,8574,train,68_0171.wav,spk_68_0073,South,68
train,8575,train,68_0172.wav,spk_68_0074,South,68
train,8576,train,68_0173.wav,spk_68_0074,South,68
train,8577,train,68_0174.wav,spk_68_0074,South,68
train,8578,train,68_0175.wav,spk_68_0074,South,68
train,8579,train,68_0176.wav,spk_68_0074,South,68
train,8580,train,68_0177.wav,spk_68_0075,South,68
train,8581,train,68_0178.wav,spk_68_0075,South,68
train,8582,train,68_0179.wav,spk_68_0075,South,68
train,8583,train,68_0180.wav,spk_68_0076,South,68
train,8584,train,68_0181.wav,spk_68_0076,South,68
train,8585,train,68_0182.wav,spk_68_0077,South,68
train,8586,train,68_0183.wav,spk_68_0077,South,68
train,8587,train,68_0184.wav,spk_68_0077,South,68
train,8588,train,68_0185.wav,spk_68_0077,South,68
train,8589,train,68_0186.wav,spk_68_0077,South,68
train,8590,train,68_0187.wav,spk_68_0077,South,68
train,8591,train,68_0188.wav,spk_68_0077,South,68
train,8592,train,68_0189.wav,spk_68_0078,South,68
train,8593,train,68_0190.wav,spk_68_0079,South,68
train,8594,train,68_0191.wav,spk_68_0079,South,68
train,8595,train,68_0192.wav,spk_68_0080,South,68
train,8596,train,68_0193.wav,spk_68_0081,South,68
train,8597,train,68_0194.wav,spk_68_0081,South,68
train,8598,train,68_0195.wav,spk_68_0082,South,68
train,8599,train,68_0196.wav,spk_68_0082,South,68
train,8600,train,68_0197.wav,spk_68_0082,South,68
train,8601,train,68_0198.wav,spk_68_0083,South,68
train,8602,train,68_0199.wav,spk_68_0084,South,68
train,8603,train,68_0200.wav,spk_68_0084,South,68
train,8604,train,68_0201.wav,spk_68_0084,South,68
train,8605,train,68_0202.wav,spk_68_0085,South,68
train,8606,train,68_0203.wav,spk_68_0085,South,68
train,8607,train,68_0204.wav,spk_68_0086,South,68
train,8608,train,68_0205.wav,spk_68_0086,South,68
train,8609,train,68_0206.wav,spk_68_0086,South,68
train,8610,train,68_0207.wav,spk_68_0087,South,68
train,8611,train,68_0208.wav,spk_68_0088,South,68
train,8612,train,68_0209.wav,spk_68_0089,South,68
train,8613,train,68_0213.wav,spk_68_0091,South,68
train,8614,train,68_0214.wav,spk_68_0091,South,68
train,8615,train,68_0215.wav,spk_68_0091,South,68
train,8616,train,68_0216.wav,spk_68_0091,South,68
train,8617,train,68_0217.wav,spk_68_0092,South,68
train,8618,train,68_0218.wav,spk_68_0092,South,68
train,8619,train,68_0219.wav,spk_68_0093,South,68
train,8620,train,68_0220.wav,spk_68_0093,South,68
train,8621,train,68_0221.wav,spk_68_0093,South,68
train,8622,train,68_0222.wav,spk_68_0094,South,68
train,8623,train,68_0223.wav,spk_68_0094,South,68
train,8624,train,69_0001.wav,spk_69_0001,South,69
train,8625,train,69_0002.wav,spk_69_0002,South,69
train,8626,train,69_0003.wav,spk_69_0002,South,69
train,8627,train,69_0004.wav,spk_69_0003,South,69
train,8628,train,69_0005.wav,spk_69_0003,South,69
train,8629,train,69_0006.wav,spk_69_0004,South,69
train,8630,train,69_0007.wav,spk_69_0005,South,69
train,8631,train,69_0008.wav,spk_69_0006,South,69
train,8632,train,69_0009.wav,spk_69_0007,South,69
train,8633,train,69_0010.wav,spk_69_0008,South,69
train,8634,train,69_0011.wav,spk_69_0008,South,69
train,8635,train,69_0012.wav,spk_69_0009,South,69
train,8636,train,69_0013.wav,spk_69_0009,South,69
train,8637,train,69_0014.wav,spk_69_0010,South,69
train,8638,train,69_0015.wav,spk_69_0011,South,69
train,8639,train,69_0016.wav,spk_69_0011,South,69
train,8640,train,69_0017.wav,spk_69_0012,South,69
train,8641,train,69_0018.wav,spk_69_0012,South,69
train,8642,train,69_0019.wav,spk_69_0013,South,69
train,8643,train,69_0020.wav,spk_69_0014,South,69
train,8644,train,69_0021.wav,spk_69_0014,South,69
train,8645,train,69_0022.wav,spk_69_0014,South,69
train,8646,train,69_0023.wav,spk_69_0015,South,69
train,8647,train,69_0024.wav,spk_69_0015,South,69
train,8648,train,69_0025.wav,spk_69_0016,South,69
train,8649,train,69_0026.wav,spk_69_0017,South,69
train,8650,train,69_0027.wav,spk_69_0017,South,69
train,8651,train,69_0028.wav,spk_69_0018,South,69
train,8652,train,69_0029.wav,spk_69_0019,South,69
train,8653,train,69_0030.wav,spk_69_0020,South,69
train,8654,train,69_0031.wav,spk_69_0021,South,69
train,8655,train,69_0032.wav,spk_69_0021,South,69
train,8656,train,69_0033.wav,spk_69_0022,South,69
train,8657,train,69_0034.wav,spk_69_0022,South,69
train,8658,train,69_0035.wav,spk_69_0023,South,69
train,8659,train,69_0036.wav,spk_69_0024,South,69
train,8660,train,69_0037.wav,spk_69_0024,South,69
train,8661,train,69_0038.wav,spk_69_0025,South,69
train,8662,train,69_0039.wav,spk_69_0025,South,69
train,8663,train,69_0040.wav,spk_69_0026,South,69
train,8664,train,69_0041.wav,spk_69_0027,South,69
train,8665,train,69_0042.wav,spk_69_0027,South,69
train,8666,train,69_0043.wav,spk_69_0028,South,69
train,8667,train,69_0044.wav,spk_69_0028,South,69
train,8668,train,69_0045.wav,spk_69_0028,South,69
train,8669,train,69_0046.wav,spk_69_0029,South,69
train,8670,train,69_0047.wav,spk_69_0029,South,69
train,8671,train,69_0048.wav,spk_69_0030,South,69
train,8672,train,69_0049.wav,spk_69_0031,South,69
train,8673,train,69_0050.wav,spk_69_0032,South,69
train,8674,train,69_0051.wav,spk_69_0033,South,69
train,8675,train,69_0052.wav,spk_69_0034,South,69
train,8676,train,69_0053.wav,spk_69_0035,South,69
train,8677,train,69_0054.wav,spk_69_0036,South,69
train,8678,train,69_0055.wav,spk_69_0037,South,69
train,8679,train,69_0056.wav,spk_69_0038,South,69
train,8680,train,69_0057.wav,spk_69_0039,South,69
train,8681,train,69_0058.wav,spk_69_0039,South,69
train,8682,train,69_0059.wav,spk_69_0040,South,69
train,8683,train,69_0060.wav,spk_69_0040,South,69
train,8684,train,69_0061.wav,spk_69_0041,South,69
train,8685,train,69_0062.wav,spk_69_0041,South,69
train,8686,train,69_0063.wav,spk_69_0042,South,69
train,8687,train,69_0064.wav,spk_69_0042,South,69
train,8688,train,69_0065.wav,spk_69_0043,South,69
train,8689,train,69_0066.wav,spk_69_0044,South,69
train,8690,train,69_0067.wav,spk_69_0045,South,69
train,8691,train,69_0068.wav,spk_69_0045,South,69
train,8692,train,69_0069.wav,spk_69_0046,South,69
train,8693,train,69_0070.wav,spk_69_0046,South,69
train,8694,train,69_0071.wav,spk_69_0047,South,69
train,8695,train,69_0072.wav,spk_69_0048,South,69
train,8696,train,69_0073.wav,spk_69_0048,South,69
train,8697,train,69_0074.wav,spk_69_0049,South,69
train,8698,train,69_0075.wav,spk_69_0049,South,69
train,8699,train,69_0076.wav,spk_69_0050,South,69
train,8700,train,69_0077.wav,spk_69_0050,South,69
train,8701,train,69_0078.wav,spk_69_0051,South,69
train,8702,train,69_0079.wav,spk_69_0051,South,69
train,8703,train,69_0080.wav,spk_69_0052,South,69
train,8704,train,69_0081.wav,spk_69_0052,South,69
train,8705,train,69_0082.wav,spk_69_0053,South,69
train,8706,train,69_0083.wav,spk_69_0053,South,69
train,8707,train,69_0084.wav,spk_69_0054,South,69
train,8708,train,69_0085.wav,spk_69_0055,South,69
train,8709,train,69_0086.wav,spk_69_0056,South,69
train,8710,train,69_0087.wav,spk_69_0056,South,69
train,8711,train,69_0088.wav,spk_69_0057,South,69
train,8712,train,69_0089.wav,spk_69_0058,South,69
train,8713,train,69_0090.wav,spk_69_0059,South,69
train,8714,train,69_0091.wav,spk_69_0060,South,69
train,8715,train,69_0092.wav,spk_69_0061,South,69
train,8716,train,69_0093.wav,spk_69_0061,South,69
train,8717,train,69_0094.wav,spk_69_0062,South,69
train,8718,train,69_0095.wav,spk_69_0063,South,69
train,8719,train,69_0096.wav,spk_69_0064,South,69
train,8720,train,69_0097.wav,spk_69_0065,South,69
train,8721,train,69_0098.wav,spk_69_0066,South,69
train,8722,train,69_0099.wav,spk_69_0067,South,69
train,8723,train,69_0100.wav,spk_69_0067,South,69
train,8724,train,69_0101.wav,spk_69_0067,South,69
train,8725,train,69_0102.wav,spk_69_0068,South,69
train,8726,train,69_0103.wav,spk_69_0069,South,69
train,8727,train,69_0104.wav,spk_69_0069,South,69
train,8728,train,69_0105.wav,spk_69_0070,South,69
train,8729,train,69_0106.wav,spk_69_0071,South,69
train,8730,train,69_0107.wav,spk_69_0072,South,69
train,8731,train,69_0108.wav,spk_69_0073,South,69
train,8732,train,69_0109.wav,spk_69_0074,South,69
train,8733,train,69_0110.wav,spk_69_0074,South,69
train,8734,train,69_0111.wav,spk_69_0075,South,69
train,8735,train,69_0112.wav,spk_69_0076,South,69
train,8736,train,69_0113.wav,spk_69_0076,South,69
train,8737,train,69_0114.wav,spk_69_0077,South,69
train,8738,train,69_0115.wav,spk_69_0078,South,69
train,8739,train,69_0116.wav,spk_69_0078,South,69
train,8740,train,69_0117.wav,spk_69_0079,South,69
train,8741,train,69_0118.wav,spk_69_0079,South,69
train,8742,train,69_0119.wav,spk_69_0080,South,69
train,8743,train,69_0120.wav,spk_69_0080,South,69
train,8744,train,69_0121.wav,spk_69_0081,South,69
train,8745,train,69_0122.wav,spk_69_0082,South,69
train,8746,train,69_0123.wav,spk_69_0083,South,69
train,8747,train,69_0124.wav,spk_69_0084,South,69
train,8748,train,69_0125.wav,spk_69_0085,South,69
train,8749,train,69_0126.wav,spk_69_0086,South,69
train,8750,train,69_0127.wav,spk_69_0086,South,69
train,8751,train,69_0128.wav,spk_69_0087,South,69
train,8752,train,69_0129.wav,spk_69_0088,South,69
train,8753,train,69_0130.wav,spk_69_0088,South,69
train,8754,train,69_0131.wav,spk_69_0089,South,69
train,8755,train,69_0132.wav,spk_69_0090,South,69
train,8756,train,69_0133.wav,spk_69_0091,South,69
train,8757,train,69_0134.wav,spk_69_0091,South,69
train,8758,train,69_0135.wav,spk_69_0092,South,69
train,8759,train,69_0136.wav,spk_69_0093,South,69
train,8760,train,69_0137.wav,spk_69_0094,South,69
train,8761,train,69_0138.wav,spk_69_0095,South,69
train,8762,train,69_0139.wav,spk_69_0096,South,69
train,8763,train,69_0140.wav,spk_69_0097,South,69
train,8764,train,69_0141.wav,spk_69_0098,South,69
train,8765,train,69_0142.wav,spk_69_0098,South,69
train,8766,train,69_0143.wav,spk_69_0099,South,69
train,8767,train,69_0144.wav,spk_69_0099,South,69
train,8768,train,69_0145.wav,spk_69_0100,South,69
train,8769,train,69_0146.wav,spk_69_0101,South,69
train,8770,train,69_0147.wav,spk_69_0102,South,69
train,8771,train,69_0148.wav,spk_69_0103,South,69
train,8772,train,69_0149.wav,spk_69_0103,South,69
train,8773,train,69_0150.wav,spk_69_0104,South,69
train,8774,train,69_0151.wav,spk_69_0104,South,69
train,8775,train,69_0152.wav,spk_69_0105,South,69
train,8776,train,69_0153.wav,spk_69_0105,South,69
train,8777,train,69_0154.wav,spk_69_0105,South,69
train,8778,train,69_0155.wav,spk_69_0105,South,69
train,8779,train,69_0156.wav,spk_69_0106,South,69
train,8780,train,69_0157.wav,spk_69_0107,South,69
train,8781,train,69_0158.wav,spk_69_0107,South,69
train,8782,train,69_0159.wav,spk_69_0108,South,69
train,8783,train,69_0160.wav,spk_69_0108,South,69
train,8784,train,69_0161.wav,spk_69_0109,South,69
train,8785,train,69_0162.wav,spk_69_0110,South,69
train,8786,train,69_0163.wav,spk_69_0111,South,69
train,8787,train,69_0164.wav,spk_69_0111,South,69
train,8788,train,69_0165.wav,spk_69_0112,South,69
train,8789,train,69_0166.wav,spk_69_0113,South,69
train,8790,train,69_0167.wav,spk_69_0114,South,69
train,8791,train,69_0168.wav,spk_69_0115,South,69
train,8792,train,69_0169.wav,spk_69_0116,South,69
train,8793,train,69_0170.wav,spk_69_0117,South,69
train,8794,train,69_0171.wav,spk_69_0118,South,69
train,8795,train,69_0172.wav,spk_69_0119,South,69
train,8796,train,69_0173.wav,spk_69_0120,South,69
train,8797,train,69_0174.wav,spk_69_0121,South,69
train,8798,train,69_0175.wav,spk_69_0122,South,69
train,8799,train,69_0176.wav,spk_69_0123,South,69
train,8800,train,69_0177.wav,spk_69_0123,South,69
train,8801,train,69_0178.wav,spk_69_0124,South,69
train,8802,train,69_0179.wav,spk_69_0125,South,69
train,8803,train,69_0180.wav,spk_69_0126,South,69
train,8804,train,69_0181.wav,spk_69_0127,South,69
train,8805,train,69_0182.wav,spk_69_0128,South,69
train,8806,train,69_0183.wav,spk_69_0129,South,69
train,8807,train,69_0184.wav,spk_69_0129,South,69
train,8808,train,69_0185.wav,spk_69_0130,South,69
train,8809,train,69_0186.wav,spk_69_0131,South,69
train,8810,train,69_0187.wav,spk_69_0132,South,69
train,8811,train,69_0188.wav,spk_69_0133,South,69
train,8812,train,69_0189.wav,spk_69_0134,South,69
train,8813,train,69_0190.wav,spk_69_0135,South,69
train,8814,train,69_0191.wav,spk_69_0136,South,69
train,8815,train,69_0192.wav,spk_69_0137,South,69
train,8816,train,69_0193.wav,spk_69_0138,South,69
train,8817,train,69_0194.wav,spk_69_0139,South,69
train,8818,train,69_0195.wav,spk_69_0140,South,69
train,8819,train,69_0196.wav,spk_69_0141,South,69
train,8820,train,69_0197.wav,spk_69_0142,South,69
train,8821,train,69_0198.wav,spk_69_0143,South,69
train,8822,train,69_0199.wav,spk_69_0143,South,69
train,8823,train,69_0200.wav,spk_69_0144,South,69
train,8824,train,69_0201.wav,spk_69_0145,South,69
train,8825,train,69_0202.wav,spk_69_0146,South,69
train,8826,train,69_0203.wav,spk_69_0147,South,69
train,8827,train,69_0204.wav,spk_69_0148,South,69
train,8828,train,69_0205.wav,spk_69_0149,South,69
train,8829,train,69_0206.wav,spk_69_0150,South,69
train,8830,train,69_0207.wav,spk_69_0151,South,69
train,8831,train,69_0208.wav,spk_69_0152,South,69
train,8832,train,69_0209.wav,spk_69_0153,South,69
train,8833,train,69_0210.wav,spk_69_0154,South,69
train,8834,train,69_0211.wav,spk_69_0155,South,69
train,8835,train,69_0212.wav,spk_69_0156,South,69
train,8836,train,69_0213.wav,spk_69_0156,South,69
train,8837,train,69_0214.wav,spk_69_0157,South,69
train,8838,train,69_0215.wav,spk_69_0157,South,69
train,8839,train,69_0216.wav,spk_69_0158,South,69
train,8840,train,69_0217.wav,spk_69_0159,South,69
train,8841,train,69_0218.wav,spk_69_0160,South,69
train,8842,train,69_0219.wav,spk_69_0161,South,69
train,8843,train,69_0220.wav,spk_69_0162,South,69
train,8844,train,69_0221.wav,spk_69_0163,South,69
train,8845,train,69_0222.wav,spk_69_0163,South,69
train,8846,train,69_0223.wav,spk_69_0164,South,69
train,8847,train,69_0224.wav,spk_69_0164,South,69
train,8848,train,69_0225.wav,spk_69_0165,South,69
train,8849,train,69_0226.wav,spk_69_0165,South,69
train,8850,train,69_0227.wav,spk_69_0166,South,69
train,8851,train,69_0228.wav,spk_69_0166,South,69
train,8852,train,69_0229.wav,spk_69_0167,South,69
train,8853,train,69_0230.wav,spk_69_0167,South,69
train,8854,train,69_0231.wav,spk_69_0168,South,69
train,8855,train,69_0236.wav,spk_69_0173,South,69
train,8856,train,69_0237.wav,spk_69_0173,South,69
train,8857,train,69_0244.wav,spk_69_0177,South,69
train,8858,train,69_0245.wav,spk_69_0178,South,69
train,8859,train,69_0246.wav,spk_69_0179,South,69
train,8860,train,70_0001.wav,spk_70_0001,South,70
train,8861,train,70_0002.wav,spk_70_0002,South,70
train,8862,train,70_0003.wav,spk_70_0003,South,70
train,8863,train,70_0004.wav,spk_70_0003,South,70
train,8864,train,70_0005.wav,spk_70_0004,South,70
train,8865,train,70_0006.wav,spk_70_0005,South,70
train,8866,train,70_0007.wav,spk_70_0006,South,70
train,8867,train,70_0008.wav,spk_70_0007,South,70
train,8868,train,70_0009.wav,spk_70_0008,South,70
train,8869,train,70_0010.wav,spk_70_0008,South,70
train,8870,train,70_0011.wav,spk_70_0009,South,70
train,8871,train,70_0012.wav,spk_70_0010,South,70
train,8872,train,70_0013.wav,spk_70_0010,South,70
train,8873,train,70_0014.wav,spk_70_0011,South,70
train,8874,train,70_0015.wav,spk_70_0011,South,70
train,8875,train,70_0016.wav,spk_70_0011,South,70
train,8876,train,70_0017.wav,spk_70_0011,South,70
train,8877,train,70_0018.wav,spk_70_0012,South,70
train,8878,train,70_0019.wav,spk_70_0012,South,70
train,8879,train,70_0020.wav,spk_70_0012,South,70
train,8880,train,70_0021.wav,spk_70_0012,South,70
train,8881,train,70_0022.wav,spk_70_0012,South,70
train,8882,train,70_0023.wav,spk_70_0013,South,70
train,8883,train,70_0024.wav,spk_70_0013,South,70
train,8884,train,70_0025.wav,spk_70_0013,South,70
train,8885,train,70_0026.wav,spk_70_0013,South,70
train,8886,train,70_0027.wav,spk_70_0014,South,70
train,8887,train,70_0028.wav,spk_70_0014,South,70
train,8888,train,70_0029.wav,spk_70_0014,South,70
train,8889,train,70_0030.wav,spk_70_0014,South,70
train,8890,train,70_0031.wav,spk_70_0015,South,70
train,8891,train,70_0032.wav,spk_70_0015,South,70
train,8892,train,70_0033.wav,spk_70_0015,South,70
train,8893,train,70_0034.wav,spk_70_0016,South,70
train,8894,train,70_0035.wav,spk_70_0017,South,70
train,8895,train,70_0036.wav,spk_70_0018,South,70
train,8896,train,70_0037.wav,spk_70_0018,South,70
train,8897,train,70_0038.wav,spk_70_0019,South,70
train,8898,train,70_0039.wav,spk_70_0019,South,70
train,8899,train,70_0040.wav,spk_70_0020,South,70
train,8900,train,70_0041.wav,spk_70_0020,South,70
train,8901,train,70_0042.wav,spk_70_0020,South,70
train,8902,train,70_0043.wav,spk_70_0020,South,70
train,8903,train,70_0044.wav,spk_70_0021,South,70
train,8904,train,70_0045.wav,spk_70_0021,South,70
train,8905,train,70_0046.wav,spk_70_0021,South,70
train,8906,train,70_0047.wav,spk_70_0022,South,70
train,8907,train,70_0048.wav,spk_70_0023,South,70
train,8908,train,70_0049.wav,spk_70_0024,South,70
train,8909,train,70_0050.wav,spk_70_0025,South,70
train,8910,train,70_0051.wav,spk_70_0025,South,70
train,8911,train,70_0052.wav,spk_70_0026,South,70
train,8912,train,70_0053.wav,spk_70_0026,South,70
train,8913,train,70_0054.wav,spk_70_0027,South,70
train,8914,train,70_0055.wav,spk_70_0028,South,70
train,8915,train,70_0056.wav,spk_70_0029,South,70
train,8916,train,70_0057.wav,spk_70_0030,South,70
train,8917,train,70_0058.wav,spk_70_0030,South,70
train,8918,train,70_0059.wav,spk_70_0031,South,70
train,8919,train,70_0060.wav,spk_70_0031,South,70
train,8920,train,70_0061.wav,spk_70_0031,South,70
train,8921,train,70_0062.wav,spk_70_0032,South,70
train,8922,train,70_0063.wav,spk_70_0032,South,70
train,8923,train,70_0064.wav,spk_70_0033,South,70
train,8924,train,70_0065.wav,spk_70_0034,South,70
train,8925,train,70_0066.wav,spk_70_0034,South,70
train,8926,train,70_0067.wav,spk_70_0034,South,70
train,8927,train,70_0068.wav,spk_70_0035,South,70
train,8928,train,70_0069.wav,spk_70_0035,South,70
train,8929,train,70_0070.wav,spk_70_0036,South,70
train,8930,train,70_0071.wav,spk_70_0036,South,70
train,8931,train,70_0072.wav,spk_70_0037,South,70
train,8932,train,70_0073.wav,spk_70_0037,South,70
train,8933,train,70_0074.wav,spk_70_0037,South,70
train,8934,train,70_0075.wav,spk_70_0037,South,70
train,8935,train,70_0076.wav,spk_70_0038,South,70
train,8936,train,70_0077.wav,spk_70_0038,South,70
train,8937,train,70_0078.wav,spk_70_0039,South,70
train,8938,train,70_0079.wav,spk_70_0039,South,70
train,8939,train,70_0080.wav,spk_70_0040,South,70
train,8940,train,70_0081.wav,spk_70_0040,South,70
train,8941,train,70_0082.wav,spk_70_0041,South,70
train,8942,train,70_0083.wav,spk_70_0042,South,70
train,8943,train,70_0084.wav,spk_70_0042,South,70
train,8944,train,70_0085.wav,spk_70_0042,South,70
train,8945,train,70_0086.wav,spk_70_0042,South,70
train,8946,train,70_0087.wav,spk_70_0043,South,70
train,8947,train,70_0088.wav,spk_70_0043,South,70
train,8948,train,70_0089.wav,spk_70_0043,South,70
train,8949,train,70_0090.wav,spk_70_0044,South,70
train,8950,train,70_0091.wav,spk_70_0044,South,70
train,8951,train,70_0092.wav,spk_70_0044,South,70
train,8952,train,70_0093.wav,spk_70_0044,South,70
train,8953,train,70_0094.wav,spk_70_0045,South,70
train,8954,train,70_0095.wav,spk_70_0045,South,70
train,8955,train,70_0096.wav,spk_70_0046,South,70
train,8956,train,70_0097.wav,spk_70_0047,South,70
train,8957,train,70_0098.wav,spk_70_0048,South,70
train,8958,train,70_0099.wav,spk_70_0048,South,70
train,8959,train,70_0100.wav,spk_70_0048,South,70
train,8960,train,70_0101.wav,spk_70_0049,South,70
train,8961,train,70_0102.wav,spk_70_0050,South,70
train,8962,train,70_0103.wav,spk_70_0051,South,70
train,8963,train,70_0104.wav,spk_70_0052,South,70
train,8964,train,70_0105.wav,spk_70_0052,South,70
train,8965,train,70_0106.wav,spk_70_0052,South,70
train,8966,train,70_0107.wav,spk_70_0052,South,70
train,8967,train,70_0108.wav,spk_70_0053,South,70
train,8968,train,70_0109.wav,spk_70_0053,South,70
train,8969,train,70_0110.wav,spk_70_0054,South,70
train,8970,train,70_0111.wav,spk_70_0054,South,70
train,8971,train,70_0112.wav,spk_70_0055,South,70
train,8972,train,70_0113.wav,spk_70_0056,South,70
train,8973,train,70_0114.wav,spk_70_0056,South,70
train,8974,train,70_0115.wav,spk_70_0057,South,70
train,8975,train,70_0116.wav,spk_70_0057,South,70
train,8976,train,70_0117.wav,spk_70_0058,South,70
train,8977,train,70_0118.wav,spk_70_0058,South,70
train,8978,train,70_0119.wav,spk_70_0059,South,70
train,8979,train,70_0120.wav,spk_70_0060,South,70
train,8980,train,70_0121.wav,spk_70_0060,South,70
train,8981,train,70_0122.wav,spk_70_0061,South,70
train,8982,train,70_0123.wav,spk_70_0061,South,70
train,8983,train,70_0124.wav,spk_70_0061,South,70
train,8984,train,70_0125.wav,spk_70_0061,South,70
train,8985,train,70_0126.wav,spk_70_0062,South,70
train,8986,train,70_0127.wav,spk_70_0062,South,70
train,8987,train,70_0128.wav,spk_70_0062,South,70
train,8988,train,70_0129.wav,spk_70_0063,South,70
train,8989,train,70_0130.wav,spk_70_0063,South,70
train,8990,train,70_0131.wav,spk_70_0063,South,70
train,8991,train,70_0132.wav,spk_70_0063,South,70
train,8992,train,70_0133.wav,spk_70_0064,South,70
train,8993,train,70_0134.wav,spk_70_0064,South,70
train,8994,train,70_0135.wav,spk_70_0065,South,70
train,8995,train,70_0136.wav,spk_70_0065,South,70
train,8996,train,70_0137.wav,spk_70_0066,South,70
train,8997,train,70_0138.wav,spk_70_0067,South,70
train,8998,train,70_0139.wav,spk_70_0067,South,70
train,8999,train,70_0140.wav,spk_70_0068,South,70
train,9000,train,70_0141.wav,spk_70_0069,South,70
train,9001,train,70_0142.wav,spk_70_0070,South,70
train,9002,train,70_0143.wav,spk_70_0071,South,70
train,9003,train,70_0144.wav,spk_70_0072,South,70
train,9004,train,70_0145.wav,spk_70_0072,South,70
train,9005,train,70_0146.wav,spk_70_0073,South,70
train,9006,train,70_0147.wav,spk_70_0073,South,70
train,9007,train,70_0148.wav,spk_70_0073,South,70
train,9008,train,70_0149.wav,spk_70_0074,South,70
train,9009,train,70_0150.wav,spk_70_0074,South,70
train,9010,train,70_0151.wav,spk_70_0075,South,70
train,9011,train,70_0152.wav,spk_70_0075,South,70
train,9012,train,70_0153.wav,spk_70_0076,South,70
train,9013,train,70_0154.wav,spk_70_0077,South,70
train,9014,train,70_0155.wav,spk_70_0077,South,70
train,9015,train,70_0156.wav,spk_70_0078,South,70
train,9016,train,70_0157.wav,spk_70_0078,South,70
train,9017,train,70_0158.wav,spk_70_0078,South,70
train,9018,train,70_0159.wav,spk_70_0079,South,70
train,9019,train,70_0160.wav,spk_70_0080,South,70
train,9020,train,70_0161.wav,spk_70_0081,South,70
train,9021,train,70_0162.wav,spk_70_0081,South,70
train,9022,train,70_0163.wav,spk_70_0082,South,70
train,9023,train,70_0164.wav,spk_70_0082,South,70
train,9024,train,70_0165.wav,spk_70_0083,South,70
train,9025,train,70_0166.wav,spk_70_0084,South,70
train,9026,train,70_0167.wav,spk_70_0084,South,70
train,9027,train,70_0168.wav,spk_70_0085,South,70
train,9028,train,70_0169.wav,spk_70_0085,South,70
train,9029,train,70_0170.wav,spk_70_0086,South,70
train,9030,train,70_0171.wav,spk_70_0087,South,70
train,9031,train,70_0172.wav,spk_70_0088,South,70
train,9032,train,70_0173.wav,spk_70_0088,South,70
train,9033,train,70_0174.wav,spk_70_0089,South,70
train,9034,train,70_0175.wav,spk_70_0089,South,70
train,9035,train,70_0176.wav,spk_70_0090,South,70
train,9036,train,70_0177.wav,spk_70_0091,South,70
train,9037,train,70_0178.wav,spk_70_0092,South,70
train,9038,train,70_0179.wav,spk_70_0092,South,70
train,9039,train,70_0180.wav,spk_70_0092,South,70
train,9040,train,70_0181.wav,spk_70_0093,South,70
train,9041,train,70_0182.wav,spk_70_0093,South,70
train,9042,train,70_0183.wav,spk_70_0093,South,70
train,9043,train,70_0184.wav,spk_70_0093,South,70
train,9044,train,70_0185.wav,spk_70_0094,South,70
train,9045,train,70_0186.wav,spk_70_0094,South,70
train,9046,train,70_0187.wav,spk_70_0094,South,70
train,9047,train,70_0188.wav,spk_70_0095,South,70
train,9048,train,70_0189.wav,spk_70_0095,South,70
train,9049,train,70_0190.wav,spk_70_0095,South,70
train,9050,train,70_0191.wav,spk_70_0095,South,70
train,9051,train,70_0192.wav,spk_70_0096,South,70
train,9052,train,70_0193.wav,spk_70_0096,South,70
train,9053,train,70_0194.wav,spk_70_0096,South,70
train,9054,train,70_0195.wav,spk_70_0097,South,70
train,9055,train,70_0196.wav,spk_70_0097,South,70
train,9056,train,70_0197.wav,spk_70_0097,South,70
train,9057,train,70_0198.wav,spk_70_0098,South,70
train,9058,train,70_0199.wav,spk_70_0099,South,70
train,9059,train,70_0200.wav,spk_70_0100,South,70
train,9060,train,70_0201.wav,spk_70_0100,South,70
train,9061,train,70_0202.wav,spk_70_0101,South,70
train,9062,train,70_0203.wav,spk_70_0102,South,70
train,9063,train,70_0204.wav,spk_70_0102,South,70
train,9064,train,70_0205.wav,spk_70_0103,South,70
train,9065,train,70_0206.wav,spk_70_0104,South,70
train,9066,train,70_0207.wav,spk_70_0105,South,70
train,9067,train,70_0208.wav,spk_70_0105,South,70
train,9068,train,70_0209.wav,spk_70_0106,South,70
train,9069,train,70_0210.wav,spk_70_0106,South,70
train,9070,train,70_0211.wav,spk_70_0106,South,70
train,9071,train,70_0212.wav,spk_70_0107,South,70
train,9072,train,70_0213.wav,spk_70_0107,South,70
train,9073,train,70_0214.wav,spk_70_0108,South,70
train,9074,train,70_0215.wav,spk_70_0108,South,70
train,9075,train,70_0216.wav,spk_70_0109,South,70
train,9076,train,70_0217.wav,spk_70_0109,South,70
train,9077,train,70_0220.wav,spk_70_0111,South,70
train,9078,train,70_0228.wav,spk_70_0115,South,70
train,9079,train,70_0229.wav,spk_70_0115,South,70
train,9080,train,70_0230.wav,spk_70_0116,South,70
train,9081,train,70_0231.wav,spk_70_0117,South,70
train,9082,train,70_0232.wav,spk_70_0117,South,70
train,9083,train,70_0233.wav,spk_70_0118,South,70
train,9084,train,70_0234.wav,spk_70_0118,South,70
train,9085,train,70_0235.wav,spk_70_0119,South,70
train,9086,train,70_0236.wav,spk_70_0119,South,70
train,9087,train,70_0237.wav,spk_70_0120,South,70
train,9088,train,70_0238.wav,spk_70_0121,South,70
train,9089,train,70_0239.wav,spk_70_0121,South,70
train,9090,train,70_0240.wav,spk_70_0122,South,70
train,9091,train,70_0241.wav,spk_70_0123,South,70
train,9092,train,70_0242.wav,spk_70_0123,South,70
train,9093,train,70_0243.wav,spk_70_0124,South,70
train,9094,train,70_0244.wav,spk_70_0124,South,70
train,9095,train,70_0245.wav,spk_70_0124,South,70
train,9096,train,70_0246.wav,spk_70_0125,South,70
train,9097,train,71_0001.wav,spk_71_0001,South,71
train,9098,train,71_0002.wav,spk_71_0001,South,71
train,9099,train,71_0003.wav,spk_71_0002,South,71
train,9100,train,71_0004.wav,spk_71_0002,South,71
train,9101,train,71_0005.wav,spk_71_0003,South,71
train,9102,train,71_0006.wav,spk_71_0003,South,71
train,9103,train,71_0007.wav,spk_71_0004,South,71
train,9104,train,71_0008.wav,spk_71_0004,South,71
train,9105,train,71_0009.wav,spk_71_0005,South,71
train,9106,train,71_0010.wav,spk_71_0006,South,71
train,9107,train,71_0011.wav,spk_71_0006,South,71
train,9108,train,71_0012.wav,spk_71_0007,South,71
train,9109,train,71_0013.wav,spk_71_0007,South,71
train,9110,train,71_0014.wav,spk_71_0008,South,71
train,9111,train,71_0015.wav,spk_71_0008,South,71
train,9112,train,71_0016.wav,spk_71_0009,South,71
train,9113,train,71_0017.wav,spk_71_0009,South,71
train,9114,train,71_0018.wav,spk_71_0010,South,71
train,9115,train,71_0019.wav,spk_71_0010,South,71
train,9116,train,71_0020.wav,spk_71_0011,South,71
train,9117,train,71_0021.wav,spk_71_0011,South,71
train,9118,train,71_0022.wav,spk_71_0012,South,71
train,9119,train,71_0023.wav,spk_71_0012,South,71
train,9120,train,71_0024.wav,spk_71_0012,South,71
train,9121,train,71_0025.wav,spk_71_0013,South,71
train,9122,train,71_0026.wav,spk_71_0013,South,71
train,9123,train,71_0027.wav,spk_71_0013,South,71
train,9124,train,71_0028.wav,spk_71_0013,South,71
train,9125,train,71_0029.wav,spk_71_0014,South,71
train,9126,train,71_0030.wav,spk_71_0014,South,71
train,9127,train,71_0031.wav,spk_71_0015,South,71
train,9128,train,71_0032.wav,spk_71_0015,South,71
train,9129,train,71_0033.wav,spk_71_0015,South,71
train,9130,train,71_0034.wav,spk_71_0016,South,71
train,9131,train,71_0035.wav,spk_71_0017,South,71
train,9132,train,71_0036.wav,spk_71_0018,South,71
train,9133,train,71_0037.wav,spk_71_0019,South,71
train,9134,train,71_0038.wav,spk_71_0019,South,71
train,9135,train,71_0039.wav,spk_71_0019,South,71
train,9136,train,71_0040.wav,spk_71_0019,South,71
train,9137,train,71_0041.wav,spk_71_0020,South,71
train,9138,train,71_0042.wav,spk_71_0020,South,71
train,9139,train,71_0043.wav,spk_71_0020,South,71
train,9140,train,71_0044.wav,spk_71_0021,South,71
train,9141,train,71_0045.wav,spk_71_0022,South,71
train,9142,train,71_0046.wav,spk_71_0023,South,71
train,9143,train,71_0047.wav,spk_71_0023,South,71
train,9144,train,71_0048.wav,spk_71_0023,South,71
train,9145,train,71_0049.wav,spk_71_0024,South,71
train,9146,train,71_0050.wav,spk_71_0024,South,71
train,9147,train,71_0051.wav,spk_71_0025,South,71
train,9148,train,71_0052.wav,spk_71_0025,South,71
train,9149,train,71_0053.wav,spk_71_0026,South,71
train,9150,train,71_0054.wav,spk_71_0026,South,71
train,9151,train,71_0055.wav,spk_71_0027,South,71
train,9152,train,71_0056.wav,spk_71_0027,South,71
train,9153,train,71_0057.wav,spk_71_0028,South,71
train,9154,train,71_0058.wav,spk_71_0028,South,71
train,9155,train,71_0059.wav,spk_71_0029,South,71
train,9156,train,71_0060.wav,spk_71_0030,South,71
train,9157,train,71_0061.wav,spk_71_0030,South,71
train,9158,train,71_0062.wav,spk_71_0030,South,71
train,9159,train,71_0063.wav,spk_71_0031,South,71
train,9160,train,71_0064.wav,spk_71_0031,South,71
train,9161,train,71_0065.wav,spk_71_0032,South,71
train,9162,train,71_0066.wav,spk_71_0032,South,71
train,9163,train,71_0067.wav,spk_71_0032,South,71
train,9164,train,71_0068.wav,spk_71_0033,South,71
train,9165,train,71_0069.wav,spk_71_0033,South,71
train,9166,train,71_0070.wav,spk_71_0033,South,71
train,9167,train,71_0071.wav,spk_71_0034,South,71
train,9168,train,71_0072.wav,spk_71_0034,South,71
train,9169,train,71_0073.wav,spk_71_0034,South,71
train,9170,train,71_0074.wav,spk_71_0034,South,71
train,9171,train,71_0075.wav,spk_71_0035,South,71
train,9172,train,71_0076.wav,spk_71_0035,South,71
train,9173,train,71_0077.wav,spk_71_0036,South,71
train,9174,train,71_0078.wav,spk_71_0036,South,71
train,9175,train,71_0079.wav,spk_71_0036,South,71
train,9176,train,71_0080.wav,spk_71_0037,South,71
train,9177,train,71_0081.wav,spk_71_0037,South,71
train,9178,train,71_0082.wav,spk_71_0038,South,71
train,9179,train,71_0083.wav,spk_71_0038,South,71
train,9180,train,71_0084.wav,spk_71_0039,South,71
train,9181,train,71_0085.wav,spk_71_0040,South,71
train,9182,train,71_0086.wav,spk_71_0040,South,71
train,9183,train,71_0087.wav,spk_71_0041,South,71
train,9184,train,71_0088.wav,spk_71_0041,South,71
train,9185,train,71_0089.wav,spk_71_0042,South,71
train,9186,train,71_0090.wav,spk_71_0042,South,71
train,9187,train,71_0091.wav,spk_71_0043,South,71
train,9188,train,71_0092.wav,spk_71_0043,South,71
train,9189,train,71_0093.wav,spk_71_0044,South,71
train,9190,train,71_0094.wav,spk_71_0044,South,71
train,9191,train,71_0095.wav,spk_71_0045,South,71
train,9192,train,71_0096.wav,spk_71_0046,South,71
train,9193,train,71_0097.wav,spk_71_0046,South,71
train,9194,train,71_0098.wav,spk_71_0047,South,71
train,9195,train,71_0099.wav,spk_71_0047,South,71
train,9196,train,71_0100.wav,spk_71_0048,South,71
train,9197,train,71_0101.wav,spk_71_0048,South,71
train,9198,train,71_0102.wav,spk_71_0048,South,71
train,9199,train,71_0103.wav,spk_71_0049,South,71
train,9200,train,71_0104.wav,spk_71_0050,South,71
train,9201,train,71_0105.wav,spk_71_0050,South,71
train,9202,train,71_0106.wav,spk_71_0051,South,71
train,9203,train,71_0107.wav,spk_71_0051,South,71
train,9204,train,71_0108.wav,spk_71_0052,South,71
train,9205,train,71_0109.wav,spk_71_0052,South,71
train,9206,train,71_0110.wav,spk_71_0052,South,71
train,9207,train,71_0111.wav,spk_71_0053,South,71
train,9208,train,71_0112.wav,spk_71_0054,South,71
train,9209,train,71_0113.wav,spk_71_0055,South,71
train,9210,train,71_0114.wav,spk_71_0055,South,71
train,9211,train,71_0115.wav,spk_71_0056,South,71
train,9212,train,71_0116.wav,spk_71_0056,South,71
train,9213,train,71_0117.wav,spk_71_0057,South,71
train,9214,train,71_0118.wav,spk_71_0058,South,71
train,9215,train,71_0119.wav,spk_71_0058,South,71
train,9216,train,71_0120.wav,spk_71_0058,South,71
train,9217,train,71_0121.wav,spk_71_0058,South,71
train,9218,train,71_0122.wav,spk_71_0059,South,71
train,9219,train,71_0123.wav,spk_71_0060,South,71
train,9220,train,71_0124.wav,spk_71_0060,South,71
train,9221,train,71_0125.wav,spk_71_0061,South,71
train,9222,train,71_0126.wav,spk_71_0062,South,71
train,9223,train,71_0127.wav,spk_71_0063,South,71
train,9224,train,71_0128.wav,spk_71_0064,South,71
train,9225,train,71_0129.wav,spk_71_0065,South,71
train,9226,train,71_0130.wav,spk_71_0065,South,71
train,9227,train,71_0131.wav,spk_71_0065,South,71
train,9228,train,71_0132.wav,spk_71_0066,South,71
train,9229,train,71_0133.wav,spk_71_0066,South,71
train,9230,train,71_0134.wav,spk_71_0066,South,71
train,9231,train,71_0135.wav,spk_71_0067,South,71
train,9232,train,71_0136.wav,spk_71_0068,South,71
train,9233,train,71_0137.wav,spk_71_0068,South,71
train,9234,train,71_0138.wav,spk_71_0069,South,71
train,9235,train,71_0139.wav,spk_71_0069,South,71
train,9236,train,71_0140.wav,spk_71_0069,South,71
train,9237,train,71_0141.wav,spk_71_0070,South,71
train,9238,train,71_0142.wav,spk_71_0071,South,71
train,9239,train,71_0143.wav,spk_71_0072,South,71
train,9240,train,71_0144.wav,spk_71_0072,South,71
train,9241,train,71_0145.wav,spk_71_0072,South,71
train,9242,train,71_0146.wav,spk_71_0072,South,71
train,9243,train,71_0147.wav,spk_71_0073,South,71
train,9244,train,71_0148.wav,spk_71_0073,South,71
train,9245,train,71_0149.wav,spk_71_0074,South,71
train,9246,train,71_0150.wav,spk_71_0074,South,71
train,9247,train,71_0151.wav,spk_71_0075,South,71
train,9248,train,71_0152.wav,spk_71_0075,South,71
train,9249,train,71_0153.wav,spk_71_0076,South,71
train,9250,train,71_0154.wav,spk_71_0076,South,71
train,9251,train,71_0155.wav,spk_71_0076,South,71
train,9252,train,71_0156.wav,spk_71_0077,South,71
train,9253,train,71_0157.wav,spk_71_0077,South,71
train,9254,train,71_0158.wav,spk_71_0077,South,71
train,9255,train,71_0159.wav,spk_71_0078,South,71
train,9256,train,71_0160.wav,spk_71_0078,South,71
train,9257,train,71_0161.wav,spk_71_0079,South,71
train,9258,train,71_0162.wav,spk_71_0080,South,71
train,9259,train,71_0163.wav,spk_71_0080,South,71
train,9260,train,71_0164.wav,spk_71_0080,South,71
train,9261,train,71_0165.wav,spk_71_0080,South,71
train,9262,train,71_0166.wav,spk_71_0080,South,71
train,9263,train,71_0167.wav,spk_71_0080,South,71
train,9264,train,71_0168.wav,spk_71_0081,South,71
train,9265,train,71_0169.wav,spk_71_0081,South,71
train,9266,train,71_0170.wav,spk_71_0082,South,71
train,9267,train,71_0171.wav,spk_71_0082,South,71
train,9268,train,71_0172.wav,spk_71_0083,South,71
train,9269,train,71_0173.wav,spk_71_0083,South,71
train,9270,train,71_0174.wav,spk_71_0084,South,71
train,9271,train,71_0175.wav,spk_71_0084,South,71
train,9272,train,71_0176.wav,spk_71_0085,South,71
train,9273,train,71_0177.wav,spk_71_0085,South,71
train,9274,train,71_0178.wav,spk_71_0086,South,71
train,9275,train,71_0179.wav,spk_71_0087,South,71
train,9276,train,71_0180.wav,spk_71_0088,South,71
train,9277,train,71_0181.wav,spk_71_0088,South,71
train,9278,train,71_0182.wav,spk_71_0089,South,71
train,9279,train,71_0183.wav,spk_71_0090,South,71
train,9280,train,71_0184.wav,spk_71_0090,South,71
train,9281,train,71_0185.wav,spk_71_0091,South,71
train,9282,train,71_0186.wav,spk_71_0091,South,71
train,9283,train,71_0187.wav,spk_71_0092,South,71
train,9284,train,71_0188.wav,spk_71_0092,South,71
train,9285,train,71_0189.wav,spk_71_0093,South,71
train,9286,train,71_0190.wav,spk_71_0093,South,71
train,9287,train,71_0191.wav,spk_71_0093,South,71
train,9288,train,71_0192.wav,spk_71_0093,South,71
train,9289,train,71_0193.wav,spk_71_0094,South,71
train,9290,train,71_0194.wav,spk_71_0094,South,71
train,9291,train,71_0195.wav,spk_71_0095,South,71
train,9292,train,71_0196.wav,spk_71_0095,South,71
train,9293,train,71_0197.wav,spk_71_0096,South,71
train,9294,train,71_0198.wav,spk_71_0096,South,71
train,9295,train,71_0199.wav,spk_71_0097,South,71
train,9296,train,71_0200.wav,spk_71_0097,South,71
train,9297,train,71_0201.wav,spk_71_0098,South,71
train,9298,train,71_0202.wav,spk_71_0098,South,71
train,9299,train,71_0203.wav,spk_71_0099,South,71
train,9300,train,71_0204.wav,spk_71_0100,South,71
train,9301,train,71_0205.wav,spk_71_0100,South,71
train,9302,train,71_0206.wav,spk_71_0101,South,71
train,9303,train,71_0207.wav,spk_71_0101,South,71
train,9304,train,71_0208.wav,spk_71_0102,South,71
train,9305,train,71_0209.wav,spk_71_0102,South,71
train,9306,train,71_0210.wav,spk_71_0102,South,71
train,9307,train,71_0211.wav,spk_71_0103,South,71
train,9308,train,71_0212.wav,spk_71_0104,South,71
train,9309,train,71_0213.wav,spk_71_0104,South,71
train,9310,train,71_0214.wav,spk_71_0104,South,71
train,9311,train,71_0215.wav,spk_71_0105,South,71
train,9312,train,71_0216.wav,spk_71_0105,South,71
train,9313,train,71_0217.wav,spk_71_0105,South,71
train,9314,train,71_0218.wav,spk_71_0106,South,71
train,9315,train,71_0219.wav,spk_71_0106,South,71
train,9316,train,71_0222.wav,spk_71_0108,South,71
train,9317,train,71_0223.wav,spk_71_0108,South,71
train,9318,train,71_0224.wav,spk_71_0109,South,71
train,9319,train,71_0225.wav,spk_71_0109,South,71
train,9320,train,71_0228.wav,spk_71_0111,South,71
train,9321,train,71_0229.wav,spk_71_0111,South,71
train,9322,train,71_0230.wav,spk_71_0112,South,71
train,9323,train,71_0231.wav,spk_71_0112,South,71
train,9324,train,71_0232.wav,spk_71_0112,South,71
train,9325,train,71_0237.wav,spk_71_0115,South,71
train,9326,train,71_0238.wav,spk_71_0116,South,71
train,9327,train,71_0239.wav,spk_71_0117,South,71
train,9328,train,72_0001.wav,spk_72_0001,South,72
train,9329,train,72_0002.wav,spk_72_0002,South,72
train,9330,train,72_0003.wav,spk_72_0003,South,72
train,9331,train,72_0004.wav,spk_72_0004,South,72
train,9332,train,72_0005.wav,spk_72_0005,South,72
train,9333,train,72_0006.wav,spk_72_0006,South,72
train,9334,train,72_0007.wav,spk_72_0007,South,72
train,9335,train,72_0008.wav,spk_72_0008,South,72
train,9336,train,72_0009.wav,spk_72_0009,South,72
train,9337,train,72_0010.wav,spk_72_0010,South,72
train,9338,train,72_0011.wav,spk_72_0011,South,72
train,9339,train,72_0012.wav,spk_72_0012,South,72
train,9340,train,72_0013.wav,spk_72_0013,South,72
train,9341,train,72_0014.wav,spk_72_0014,South,72
train,9342,train,72_0015.wav,spk_72_0014,South,72
train,9343,train,72_0016.wav,spk_72_0015,South,72
train,9344,train,72_0017.wav,spk_72_0016,South,72
train,9345,train,72_0018.wav,spk_72_0017,South,72
train,9346,train,72_0019.wav,spk_72_0018,South,72
train,9347,train,72_0020.wav,spk_72_0019,South,72
train,9348,train,72_0021.wav,spk_72_0020,South,72
train,9349,train,72_0022.wav,spk_72_0021,South,72
train,9350,train,72_0023.wav,spk_72_0021,South,72
train,9351,train,72_0024.wav,spk_72_0022,South,72
train,9352,train,72_0025.wav,spk_72_0023,South,72
train,9353,train,72_0026.wav,spk_72_0024,South,72
train,9354,train,72_0027.wav,spk_72_0025,South,72
train,9355,train,72_0028.wav,spk_72_0026,South,72
train,9356,train,72_0029.wav,spk_72_0027,South,72
train,9357,train,72_0030.wav,spk_72_0028,South,72
train,9358,train,72_0031.wav,spk_72_0029,South,72
train,9359,train,72_0032.wav,spk_72_0030,South,72
train,9360,train,72_0033.wav,spk_72_0031,South,72
train,9361,train,72_0034.wav,spk_72_0032,South,72
train,9362,train,72_0035.wav,spk_72_0033,South,72
train,9363,train,72_0036.wav,spk_72_0034,South,72
train,9364,train,72_0037.wav,spk_72_0035,South,72
train,9365,train,72_0038.wav,spk_72_0036,South,72
train,9366,train,72_0039.wav,spk_72_0037,South,72
train,9367,train,72_0040.wav,spk_72_0038,South,72
train,9368,train,72_0041.wav,spk_72_0039,South,72
train,9369,train,72_0042.wav,spk_72_0040,South,72
train,9370,train,72_0043.wav,spk_72_0041,South,72
train,9371,train,72_0044.wav,spk_72_0041,South,72
train,9372,train,72_0045.wav,spk_72_0042,South,72
train,9373,train,72_0046.wav,spk_72_0043,South,72
train,9374,train,72_0047.wav,spk_72_0044,South,72
train,9375,train,72_0048.wav,spk_72_0045,South,72
train,9376,train,72_0049.wav,spk_72_0046,South,72
train,9377,train,72_0050.wav,spk_72_0046,South,72
train,9378,train,72_0051.wav,spk_72_0047,South,72
train,9379,train,72_0052.wav,spk_72_0048,South,72
train,9380,train,72_0053.wav,spk_72_0048,South,72
train,9381,train,72_0054.wav,spk_72_0049,South,72
train,9382,train,72_0055.wav,spk_72_0050,South,72
train,9383,train,72_0056.wav,spk_72_0051,South,72
train,9384,train,72_0057.wav,spk_72_0052,South,72
train,9385,train,72_0058.wav,spk_72_0052,South,72
train,9386,train,72_0059.wav,spk_72_0053,South,72
train,9387,train,72_0060.wav,spk_72_0054,South,72
train,9388,train,72_0061.wav,spk_72_0055,South,72
train,9389,train,72_0062.wav,spk_72_0056,South,72
train,9390,train,72_0063.wav,spk_72_0057,South,72
train,9391,train,72_0064.wav,spk_72_0058,South,72
train,9392,train,72_0065.wav,spk_72_0059,South,72
train,9393,train,72_0066.wav,spk_72_0060,South,72
train,9394,train,72_0067.wav,spk_72_0061,South,72
train,9395,train,72_0068.wav,spk_72_0062,South,72
train,9396,train,72_0069.wav,spk_72_0062,South,72
train,9397,train,72_0070.wav,spk_72_0063,South,72
train,9398,train,72_0071.wav,spk_72_0064,South,72
train,9399,train,72_0072.wav,spk_72_0065,South,72
train,9400,train,72_0073.wav,spk_72_0065,South,72
train,9401,train,72_0074.wav,spk_72_0066,South,72
train,9402,train,72_0075.wav,spk_72_0067,South,72
train,9403,train,72_0076.wav,spk_72_0068,South,72
train,9404,train,72_0077.wav,spk_72_0068,South,72
train,9405,train,72_0078.wav,spk_72_0069,South,72
train,9406,train,72_0079.wav,spk_72_0070,South,72
train,9407,train,72_0080.wav,spk_72_0071,South,72
train,9408,train,72_0081.wav,spk_72_0072,South,72
train,9409,train,72_0082.wav,spk_72_0073,South,72
train,9410,train,72_0083.wav,spk_72_0074,South,72
train,9411,train,72_0084.wav,spk_72_0075,South,72
train,9412,train,72_0085.wav,spk_72_0076,South,72
train,9413,train,72_0086.wav,spk_72_0077,South,72
train,9414,train,72_0087.wav,spk_72_0078,South,72
train,9415,train,72_0088.wav,spk_72_0078,South,72
train,9416,train,72_0089.wav,spk_72_0079,South,72
train,9417,train,72_0090.wav,spk_72_0080,South,72
train,9418,train,72_0091.wav,spk_72_0081,South,72
train,9419,train,72_0092.wav,spk_72_0082,South,72
train,9420,train,72_0093.wav,spk_72_0083,South,72
train,9421,train,72_0094.wav,spk_72_0083,South,72
train,9422,train,72_0095.wav,spk_72_0084,South,72
train,9423,train,72_0096.wav,spk_72_0085,South,72
train,9424,train,72_0097.wav,spk_72_0086,South,72
train,9425,train,72_0098.wav,spk_72_0087,South,72
train,9426,train,72_0099.wav,spk_72_0088,South,72
train,9427,train,72_0100.wav,spk_72_0088,South,72
train,9428,train,72_0101.wav,spk_72_0089,South,72
train,9429,train,72_0102.wav,spk_72_0090,South,72
train,9430,train,72_0103.wav,spk_72_0091,South,72
train,9431,train,72_0104.wav,spk_72_0092,South,72
train,9432,train,72_0105.wav,spk_72_0092,South,72
train,9433,train,72_0106.wav,spk_72_0093,South,72
train,9434,train,72_0107.wav,spk_72_0094,South,72
train,9435,train,72_0108.wav,spk_72_0095,South,72
train,9436,train,72_0109.wav,spk_72_0096,South,72
train,9437,train,72_0110.wav,spk_72_0097,South,72
train,9438,train,72_0111.wav,spk_72_0098,South,72
train,9439,train,72_0112.wav,spk_72_0099,South,72
train,9440,train,72_0113.wav,spk_72_0100,South,72
train,9441,train,72_0114.wav,spk_72_0101,South,72
train,9442,train,72_0115.wav,spk_72_0102,South,72
train,9443,train,72_0116.wav,spk_72_0103,South,72
train,9444,train,72_0117.wav,spk_72_0104,South,72
train,9445,train,72_0118.wav,spk_72_0105,South,72
train,9446,train,72_0119.wav,spk_72_0106,South,72
train,9447,train,72_0120.wav,spk_72_0107,South,72
train,9448,train,72_0121.wav,spk_72_0108,South,72
train,9449,train,72_0122.wav,spk_72_0109,South,72
train,9450,train,72_0123.wav,spk_72_0110,South,72
train,9451,train,72_0124.wav,spk_72_0111,South,72
train,9452,train,72_0125.wav,spk_72_0112,South,72
train,9453,train,72_0126.wav,spk_72_0113,South,72
train,9454,train,72_0127.wav,spk_72_0114,South,72
train,9455,train,72_0128.wav,spk_72_0115,South,72
train,9456,train,72_0129.wav,spk_72_0116,South,72
train,9457,train,72_0130.wav,spk_72_0117,South,72
train,9458,train,72_0131.wav,spk_72_0118,South,72
train,9459,train,72_0132.wav,spk_72_0119,South,72
train,9460,train,72_0133.wav,spk_72_0119,South,72
train,9461,train,72_0134.wav,spk_72_0120,South,72
train,9462,train,72_0135.wav,spk_72_0121,South,72
train,9463,train,72_0136.wav,spk_72_0122,South,72
train,9464,train,72_0137.wav,spk_72_0123,South,72
train,9465,train,72_0138.wav,spk_72_0124,South,72
train,9466,train,72_0139.wav,spk_72_0125,South,72
train,9467,train,72_0140.wav,spk_72_0126,South,72
train,9468,train,72_0141.wav,spk_72_0127,South,72
train,9469,train,72_0142.wav,spk_72_0128,South,72
train,9470,train,72_0143.wav,spk_72_0129,South,72
train,9471,train,72_0144.wav,spk_72_0130,South,72
train,9472,train,72_0145.wav,spk_72_0131,South,72
train,9473,train,72_0146.wav,spk_72_0132,South,72
train,9474,train,72_0147.wav,spk_72_0132,South,72
train,9475,train,72_0148.wav,spk_72_0133,South,72
train,9476,train,72_0149.wav,spk_72_0133,South,72
train,9477,train,72_0150.wav,spk_72_0134,South,72
train,9478,train,72_0151.wav,spk_72_0134,South,72
train,9479,train,72_0152.wav,spk_72_0135,South,72
train,9480,train,72_0153.wav,spk_72_0136,South,72
train,9481,train,72_0154.wav,spk_72_0137,South,72
train,9482,train,72_0155.wav,spk_72_0138,South,72
train,9483,train,72_0156.wav,spk_72_0139,South,72
train,9484,train,72_0157.wav,spk_72_0140,South,72
train,9485,train,72_0158.wav,spk_72_0141,South,72
train,9486,train,72_0159.wav,spk_72_0142,South,72
train,9487,train,72_0160.wav,spk_72_0143,South,72
train,9488,train,72_0161.wav,spk_72_0144,South,72
train,9489,train,72_0162.wav,spk_72_0145,South,72
train,9490,train,72_0163.wav,spk_72_0145,South,72
train,9491,train,72_0164.wav,spk_72_0146,South,72
train,9492,train,72_0165.wav,spk_72_0147,South,72
train,9493,train,72_0166.wav,spk_72_0147,South,72
train,9494,train,72_0167.wav,spk_72_0148,South,72
train,9495,train,72_0168.wav,spk_72_0149,South,72
train,9496,train,72_0169.wav,spk_72_0149,South,72
train,9497,train,72_0170.wav,spk_72_0150,South,72
train,9498,train,72_0171.wav,spk_72_0151,South,72
train,9499,train,72_0172.wav,spk_72_0152,South,72
train,9500,train,72_0173.wav,spk_72_0153,South,72
train,9501,train,72_0174.wav,spk_72_0154,South,72
train,9502,train,72_0175.wav,spk_72_0155,South,72
train,9503,train,72_0176.wav,spk_72_0156,South,72
train,9504,train,72_0177.wav,spk_72_0157,South,72
train,9505,train,72_0178.wav,spk_72_0158,South,72
train,9506,train,72_0179.wav,spk_72_0159,South,72
train,9507,train,72_0180.wav,spk_72_0159,South,72
train,9508,train,72_0181.wav,spk_72_0160,South,72
train,9509,train,72_0182.wav,spk_72_0161,South,72
train,9510,train,72_0183.wav,spk_72_0161,South,72
train,9511,train,72_0184.wav,spk_72_0162,South,72
train,9512,train,72_0185.wav,spk_72_0163,South,72
train,9513,train,72_0186.wav,spk_72_0164,South,72
train,9514,train,72_0187.wav,spk_72_0165,South,72
train,9515,train,72_0188.wav,spk_72_0166,South,72
train,9516,train,72_0189.wav,spk_72_0167,South,72
train,9517,train,72_0190.wav,spk_72_0168,South,72
train,9518,train,72_0191.wav,spk_72_0169,South,72
train,9519,train,72_0192.wav,spk_72_0170,South,72
train,9520,train,72_0193.wav,spk_72_0171,South,72
train,9521,train,72_0194.wav,spk_72_0172,South,72
train,9522,train,72_0195.wav,spk_72_0173,South,72
train,9523,train,72_0196.wav,spk_72_0173,South,72
train,9524,train,72_0197.wav,spk_72_0174,South,72
train,9525,train,72_0198.wav,spk_72_0175,South,72
train,9526,train,72_0199.wav,spk_72_0176,South,72
train,9527,train,72_0200.wav,spk_72_0177,South,72
train,9528,train,72_0201.wav,spk_72_0178,South,72
train,9529,train,72_0202.wav,spk_72_0179,South,72
train,9530,train,72_0203.wav,spk_72_0180,South,72
train,9531,train,72_0204.wav,spk_72_0181,South,72
train,9532,train,72_0205.wav,spk_72_0182,South,72
train,9533,train,72_0206.wav,spk_72_0183,South,72
train,9534,train,72_0207.wav,spk_72_0183,South,72
train,9535,train,72_0208.wav,spk_72_0184,South,72
train,9536,train,72_0209.wav,spk_72_0185,South,72
train,9537,train,72_0210.wav,spk_72_0186,South,72
train,9538,train,72_0211.wav,spk_72_0187,South,72
train,9539,train,72_0212.wav,spk_72_0188,South,72
train,9540,train,72_0213.wav,spk_72_0189,South,72
train,9541,train,72_0214.wav,spk_72_0189,South,72
train,9542,train,72_0215.wav,spk_72_0190,South,72
train,9543,train,72_0216.wav,spk_72_0190,South,72
train,9544,train,72_0217.wav,spk_72_0191,South,72
train,9545,train,72_0218.wav,spk_72_0191,South,72
train,9546,train,72_0219.wav,spk_72_0192,South,72
train,9547,train,72_0220.wav,spk_72_0193,South,72
train,9548,train,72_0221.wav,spk_72_0194,South,72
train,9549,train,72_0222.wav,spk_72_0195,South,72
train,9550,train,72_0223.wav,spk_72_0196,South,72
train,9551,train,72_0224.wav,spk_72_0197,South,72
train,9552,train,72_0225.wav,spk_72_0198,South,72
train,9553,train,72_0226.wav,spk_72_0199,South,72
train,9554,train,72_0227.wav,spk_72_0200,South,72
train,9555,train,72_0228.wav,spk_72_0201,South,72
train,9556,train,72_0229.wav,spk_72_0201,South,72
train,9557,train,72_0230.wav,spk_72_0202,South,72
train,9558,train,72_0231.wav,spk_72_0203,South,72
train,9559,train,72_0232.wav,spk_72_0204,South,72
train,9560,train,72_0233.wav,spk_72_0205,South,72
train,9561,train,72_0234.wav,spk_72_0206,South,72
train,9562,train,72_0235.wav,spk_72_0206,South,72
train,9563,train,72_0236.wav,spk_72_0207,South,72
train,9564,train,72_0237.wav,spk_72_0208,South,72
train,9565,train,72_0238.wav,spk_72_0209,South,72
train,9566,train,72_0239.wav,spk_72_0210,South,72
train,9567,train,72_0240.wav,spk_72_0211,South,72
train,9568,train,72_0241.wav,spk_72_0212,South,72
train,9569,train,72_0242.wav,spk_72_0213,South,72
train,9570,train,72_0244.wav,spk_72_0215,South,72
train,9571,train,72_0245.wav,spk_72_0216,South,72
train,9572,train,72_0248.wav,spk_72_0219,South,72
train,9573,train,72_0249.wav,spk_72_0220,South,72
train,9574,train,72_0250.wav,spk_72_0221,South,72
train,9575,train,72_0251.wav,spk_72_0222,South,72
train,9576,train,72_0252.wav,spk_72_0223,South,72
train,9577,train,72_0253.wav,spk_72_0223,South,72
train,9578,train,72_0254.wav,spk_72_0224,South,72
train,9579,train,72_0255.wav,spk_72_0224,South,72
train,9580,train,72_0256.wav,spk_72_0225,South,72
train,9581,train,72_0257.wav,spk_72_0226,South,72
train,9582,train,72_0258.wav,spk_72_0227,South,72
train,9583,train,73_0001.wav,spk_73_0001,Central,73
train,9584,train,73_0002.wav,spk_73_0002,Central,73
train,9585,train,73_0003.wav,spk_73_0003,Central,73
train,9586,train,73_0004.wav,spk_73_0003,Central,73
train,9587,train,73_0005.wav,spk_73_0004,Central,73
train,9588,train,73_0006.wav,spk_73_0005,Central,73
train,9589,train,73_0007.wav,spk_73_0006,Central,73
train,9590,train,73_0008.wav,spk_73_0007,Central,73
train,9591,train,73_0009.wav,spk_73_0007,Central,73
train,9592,train,73_0010.wav,spk_73_0007,Central,73
train,9593,train,73_0011.wav,spk_73_0008,Central,73
train,9594,train,73_0012.wav,spk_73_0008,Central,73
train,9595,train,73_0013.wav,spk_73_0008,Central,73
train,9596,train,73_0014.wav,spk_73_0008,Central,73
train,9597,train,73_0015.wav,spk_73_0008,Central,73
train,9598,train,73_0016.wav,spk_73_0009,Central,73
train,9599,train,73_0017.wav,spk_73_0010,Central,73
train,9600,train,73_0018.wav,spk_73_0011,Central,73
train,9601,train,73_0019.wav,spk_73_0012,Central,73
train,9602,train,73_0020.wav,spk_73_0013,Central,73
train,9603,train,73_0021.wav,spk_73_0013,Central,73
train,9604,train,73_0022.wav,spk_73_0013,Central,73
train,9605,train,73_0023.wav,spk_73_0014,Central,73
train,9606,train,73_0024.wav,spk_73_0014,Central,73
train,9607,train,73_0025.wav,spk_73_0015,Central,73
train,9608,train,73_0026.wav,spk_73_0015,Central,73
train,9609,train,73_0027.wav,spk_73_0016,Central,73
train,9610,train,73_0028.wav,spk_73_0016,Central,73
train,9611,train,73_0029.wav,spk_73_0017,Central,73
train,9612,train,73_0030.wav,spk_73_0017,Central,73
train,9613,train,73_0031.wav,spk_73_0018,Central,73
train,9614,train,73_0032.wav,spk_73_0018,Central,73
train,9615,train,73_0033.wav,spk_73_0018,Central,73
train,9616,train,73_0034.wav,spk_73_0019,Central,73
train,9617,train,73_0035.wav,spk_73_0020,Central,73
train,9618,train,73_0036.wav,spk_73_0020,Central,73
train,9619,train,73_0037.wav,spk_73_0021,Central,73
train,9620,train,73_0038.wav,spk_73_0021,Central,73
train,9621,train,73_0039.wav,spk_73_0022,Central,73
train,9622,train,73_0040.wav,spk_73_0022,Central,73
train,9623,train,73_0041.wav,spk_73_0022,Central,73
train,9624,train,73_0042.wav,spk_73_0023,Central,73
train,9625,train,73_0043.wav,spk_73_0023,Central,73
train,9626,train,73_0044.wav,spk_73_0023,Central,73
train,9627,train,73_0045.wav,spk_73_0024,Central,73
train,9628,train,73_0046.wav,spk_73_0025,Central,73
train,9629,train,73_0047.wav,spk_73_0026,Central,73
train,9630,train,73_0048.wav,spk_73_0027,Central,73
train,9631,train,73_0049.wav,spk_73_0028,Central,73
train,9632,train,73_0050.wav,spk_73_0028,Central,73
train,9633,train,73_0051.wav,spk_73_0029,Central,73
train,9634,train,73_0052.wav,spk_73_0029,Central,73
train,9635,train,73_0053.wav,spk_73_0029,Central,73
train,9636,train,73_0054.wav,spk_73_0030,Central,73
train,9637,train,73_0055.wav,spk_73_0030,Central,73
train,9638,train,73_0056.wav,spk_73_0031,Central,73
train,9639,train,73_0057.wav,spk_73_0031,Central,73
train,9640,train,73_0058.wav,spk_73_0032,Central,73
train,9641,train,73_0059.wav,spk_73_0033,Central,73
train,9642,train,73_0060.wav,spk_73_0034,Central,73
train,9643,train,73_0061.wav,spk_73_0034,Central,73
train,9644,train,73_0062.wav,spk_73_0034,Central,73
train,9645,train,73_0063.wav,spk_73_0035,Central,73
train,9646,train,73_0064.wav,spk_73_0035,Central,73
train,9647,train,73_0065.wav,spk_73_0036,Central,73
train,9648,train,73_0066.wav,spk_73_0037,Central,73
train,9649,train,73_0067.wav,spk_73_0038,Central,73
train,9650,train,73_0068.wav,spk_73_0039,Central,73
train,9651,train,73_0069.wav,spk_73_0040,Central,73
train,9652,train,73_0070.wav,spk_73_0041,Central,73
train,9653,train,73_0071.wav,spk_73_0042,Central,73
train,9654,train,73_0072.wav,spk_73_0043,Central,73
train,9655,train,73_0073.wav,spk_73_0044,Central,73
train,9656,train,73_0074.wav,spk_73_0045,Central,73
train,9657,train,73_0075.wav,spk_73_0046,Central,73
train,9658,train,73_0076.wav,spk_73_0047,Central,73
train,9659,train,73_0077.wav,spk_73_0048,Central,73
train,9660,train,73_0078.wav,spk_73_0049,Central,73
train,9661,train,73_0079.wav,spk_73_0050,Central,73
train,9662,train,73_0080.wav,spk_73_0051,Central,73
train,9663,train,73_0081.wav,spk_73_0051,Central,73
train,9664,train,73_0082.wav,spk_73_0052,Central,73
train,9665,train,73_0083.wav,spk_73_0052,Central,73
train,9666,train,73_0084.wav,spk_73_0053,Central,73
train,9667,train,73_0085.wav,spk_73_0054,Central,73
train,9668,train,73_0086.wav,spk_73_0054,Central,73
train,9669,train,73_0087.wav,spk_73_0054,Central,73
train,9670,train,73_0088.wav,spk_73_0055,Central,73
train,9671,train,73_0089.wav,spk_73_0055,Central,73
train,9672,train,73_0090.wav,spk_73_0055,Central,73
train,9673,train,73_0091.wav,spk_73_0056,Central,73
train,9674,train,73_0092.wav,spk_73_0056,Central,73
train,9675,train,73_0093.wav,spk_73_0057,Central,73
train,9676,train,73_0094.wav,spk_73_0057,Central,73
train,9677,train,73_0095.wav,spk_73_0058,Central,73
train,9678,train,73_0096.wav,spk_73_0059,Central,73
train,9679,train,73_0097.wav,spk_73_0060,Central,73
train,9680,train,73_0098.wav,spk_73_0060,Central,73
train,9681,train,73_0099.wav,spk_73_0061,Central,73
train,9682,train,73_0100.wav,spk_73_0061,Central,73
train,9683,train,73_0101.wav,spk_73_0062,Central,73
train,9684,train,73_0102.wav,spk_73_0063,Central,73
train,9685,train,73_0103.wav,spk_73_0063,Central,73
train,9686,train,73_0104.wav,spk_73_0063,Central,73
train,9687,train,73_0105.wav,spk_73_0063,Central,73
train,9688,train,73_0106.wav,spk_73_0064,Central,73
train,9689,train,73_0107.wav,spk_73_0064,Central,73
train,9690,train,73_0108.wav,spk_73_0064,Central,73
train,9691,train,73_0109.wav,spk_73_0064,Central,73
train,9692,train,73_0110.wav,spk_73_0065,Central,73
train,9693,train,73_0111.wav,spk_73_0065,Central,73
train,9694,train,73_0112.wav,spk_73_0065,Central,73
train,9695,train,73_0113.wav,spk_73_0066,Central,73
train,9696,train,73_0114.wav,spk_73_0066,Central,73
train,9697,train,73_0115.wav,spk_73_0066,Central,73
train,9698,train,73_0116.wav,spk_73_0067,Central,73
train,9699,train,73_0117.wav,spk_73_0067,Central,73
train,9700,train,73_0118.wav,spk_73_0068,Central,73
train,9701,train,73_0119.wav,spk_73_0068,Central,73
train,9702,train,73_0120.wav,spk_73_0069,Central,73
train,9703,train,73_0121.wav,spk_73_0070,Central,73
train,9704,train,73_0122.wav,spk_73_0071,Central,73
train,9705,train,73_0123.wav,spk_73_0072,Central,73
train,9706,train,73_0124.wav,spk_73_0072,Central,73
train,9707,train,73_0125.wav,spk_73_0073,Central,73
train,9708,train,73_0126.wav,spk_73_0074,Central,73
train,9709,train,73_0127.wav,spk_73_0074,Central,73
train,9710,train,73_0128.wav,spk_73_0075,Central,73
train,9711,train,73_0129.wav,spk_73_0075,Central,73
train,9712,train,73_0130.wav,spk_73_0076,Central,73
train,9713,train,73_0131.wav,spk_73_0076,Central,73
train,9714,train,73_0132.wav,spk_73_0076,Central,73
train,9715,train,73_0133.wav,spk_73_0077,Central,73
train,9716,train,73_0134.wav,spk_73_0078,Central,73
train,9717,train,73_0135.wav,spk_73_0079,Central,73
train,9718,train,73_0136.wav,spk_73_0080,Central,73
train,9719,train,73_0137.wav,spk_73_0081,Central,73
train,9720,train,73_0138.wav,spk_73_0081,Central,73
train,9721,train,73_0139.wav,spk_73_0082,Central,73
train,9722,train,73_0140.wav,spk_73_0083,Central,73
train,9723,train,73_0141.wav,spk_73_0083,Central,73
train,9724,train,73_0142.wav,spk_73_0083,Central,73
train,9725,train,73_0143.wav,spk_73_0084,Central,73
train,9726,train,73_0144.wav,spk_73_0084,Central,73
train,9727,train,73_0145.wav,spk_73_0084,Central,73
train,9728,train,73_0146.wav,spk_73_0084,Central,73
train,9729,train,73_0147.wav,spk_73_0085,Central,73
train,9730,train,73_0148.wav,spk_73_0086,Central,73
train,9731,train,73_0149.wav,spk_73_0086,Central,73
train,9732,train,73_0150.wav,spk_73_0087,Central,73
train,9733,train,73_0151.wav,spk_73_0087,Central,73
train,9734,train,73_0152.wav,spk_73_0088,Central,73
train,9735,train,73_0153.wav,spk_73_0089,Central,73
train,9736,train,73_0154.wav,spk_73_0090,Central,73
train,9737,train,73_0155.wav,spk_73_0091,Central,73
train,9738,train,73_0156.wav,spk_73_0092,Central,73
train,9739,train,73_0157.wav,spk_73_0092,Central,73
train,9740,train,73_0158.wav,spk_73_0093,Central,73
train,9741,train,73_0159.wav,spk_73_0094,Central,73
train,9742,train,73_0160.wav,spk_73_0094,Central,73
train,9743,train,73_0161.wav,spk_73_0094,Central,73
train,9744,train,73_0162.wav,spk_73_0095,Central,73
train,9745,train,73_0163.wav,spk_73_0096,Central,73
train,9746,train,73_0164.wav,spk_73_0097,Central,73
train,9747,train,73_0165.wav,spk_73_0098,Central,73
train,9748,train,73_0166.wav,spk_73_0099,Central,73
train,9749,train,73_0167.wav,spk_73_0099,Central,73
train,9750,train,73_0168.wav,spk_73_0100,Central,73
train,9751,train,73_0169.wav,spk_73_0101,Central,73
train,9752,train,73_0170.wav,spk_73_0101,Central,73
train,9753,train,73_0171.wav,spk_73_0102,Central,73
train,9754,train,73_0172.wav,spk_73_0103,Central,73
train,9755,train,73_0173.wav,spk_73_0103,Central,73
train,9756,train,73_0174.wav,spk_73_0104,Central,73
train,9757,train,73_0175.wav,spk_73_0105,Central,73
train,9758,train,73_0176.wav,spk_73_0106,Central,73
train,9759,train,73_0177.wav,spk_73_0107,Central,73
train,9760,train,73_0178.wav,spk_73_0108,Central,73
train,9761,train,73_0179.wav,spk_73_0109,Central,73
train,9762,train,73_0180.wav,spk_73_0109,Central,73
train,9763,train,73_0181.wav,spk_73_0110,Central,73
train,9764,train,73_0182.wav,spk_73_0110,Central,73
train,9765,train,73_0183.wav,spk_73_0110,Central,73
train,9766,train,73_0184.wav,spk_73_0111,Central,73
train,9767,train,73_0185.wav,spk_73_0112,Central,73
train,9768,train,73_0186.wav,spk_73_0113,Central,73
train,9769,train,73_0187.wav,spk_73_0114,Central,73
train,9770,train,73_0188.wav,spk_73_0115,Central,73
train,9771,train,73_0189.wav,spk_73_0115,Central,73
train,9772,train,73_0190.wav,spk_73_0115,Central,73
train,9773,train,73_0191.wav,spk_73_0115,Central,73
train,9774,train,73_0192.wav,spk_73_0116,Central,73
train,9775,train,73_0193.wav,spk_73_0116,Central,73
train,9776,train,73_0194.wav,spk_73_0117,Central,73
train,9777,train,73_0195.wav,spk_73_0118,Central,73
train,9778,train,73_0196.wav,spk_73_0118,Central,73
train,9779,train,73_0197.wav,spk_73_0119,Central,73
train,9780,train,73_0198.wav,spk_73_0119,Central,73
train,9781,train,73_0199.wav,spk_73_0120,Central,73
train,9782,train,73_0200.wav,spk_73_0120,Central,73
train,9783,train,73_0201.wav,spk_73_0121,Central,73
train,9784,train,73_0202.wav,spk_73_0121,Central,73
train,9785,train,73_0203.wav,spk_73_0121,Central,73
train,9786,train,73_0204.wav,spk_73_0121,Central,73
train,9787,train,73_0205.wav,spk_73_0121,Central,73
train,9788,train,73_0206.wav,spk_73_0122,Central,73
train,9789,train,73_0207.wav,spk_73_0123,Central,73
train,9790,train,73_0208.wav,spk_73_0124,Central,73
train,9791,train,73_0209.wav,spk_73_0125,Central,73
train,9792,train,73_0210.wav,spk_73_0126,Central,73
train,9793,train,73_0211.wav,spk_73_0127,Central,73
train,9794,train,73_0212.wav,spk_73_0128,Central,73
train,9795,train,73_0213.wav,spk_73_0129,Central,73
train,9796,train,73_0214.wav,spk_73_0130,Central,73
train,9797,train,73_0215.wav,spk_73_0131,Central,73
train,9798,train,73_0216.wav,spk_73_0132,Central,73
train,9799,train,73_0217.wav,spk_73_0133,Central,73
train,9800,train,73_0218.wav,spk_73_0134,Central,73
train,9801,train,73_0219.wav,spk_73_0135,Central,73
train,9802,train,73_0220.wav,spk_73_0136,Central,73
train,9803,train,73_0221.wav,spk_73_0137,Central,73
train,9804,train,73_0222.wav,spk_73_0137,Central,73
train,9805,train,73_0223.wav,spk_73_0137,Central,73
train,9806,train,73_0224.wav,spk_73_0137,Central,73
train,9807,train,73_0225.wav,spk_73_0137,Central,73
train,9808,train,73_0226.wav,spk_73_0138,Central,73
train,9809,train,73_0227.wav,spk_73_0139,Central,73
train,9810,train,73_0228.wav,spk_73_0140,Central,73
train,9811,train,73_0229.wav,spk_73_0140,Central,73
train,9812,train,73_0230.wav,spk_73_0141,Central,73
train,9813,train,73_0231.wav,spk_73_0141,Central,73
train,9814,train,73_0232.wav,spk_73_0141,Central,73
train,9815,train,73_0233.wav,spk_73_0142,Central,73
train,9816,train,73_0234.wav,spk_73_0143,Central,73
train,9817,train,73_0235.wav,spk_73_0143,Central,73
train,9818,train,73_0236.wav,spk_73_0143,Central,73
train,9819,train,73_0237.wav,spk_73_0144,Central,73
train,9820,train,73_0238.wav,spk_73_0144,Central,73
train,9821,train,73_0239.wav,spk_73_0144,Central,73
train,9822,train,73_0240.wav,spk_73_0145,Central,73
train,9823,train,73_0241.wav,spk_73_0145,Central,73
train,9824,train,73_0242.wav,spk_73_0145,Central,73
train,9825,train,73_0243.wav,spk_73_0146,Central,73
train,9826,train,73_0244.wav,spk_73_0147,Central,73
train,9827,train,73_0245.wav,spk_73_0148,Central,73
train,9828,train,73_0246.wav,spk_73_0148,Central,73
train,9829,train,73_0252.wav,spk_73_0151,Central,73
train,9830,train,73_0253.wav,spk_73_0151,Central,73
train,9831,train,73_0254.wav,spk_73_0152,Central,73
train,9832,train,73_0255.wav,spk_73_0152,Central,73
train,9833,train,73_0256.wav,spk_73_0152,Central,73
train,9834,train,73_0257.wav,spk_73_0153,Central,73
train,9835,train,73_0258.wav,spk_73_0154,Central,73
train,9836,train,73_0260.wav,spk_73_0156,Central,73
train,9837,train,73_0261.wav,spk_73_0157,Central,73
train,9838,train,73_0262.wav,spk_73_0158,Central,73
train,9839,train,73_0263.wav,spk_73_0158,Central,73
train,9840,train,73_0264.wav,spk_73_0158,Central,73
train,9841,train,73_0265.wav,spk_73_0158,Central,73
train,9842,train,73_0266.wav,spk_73_0159,Central,73
train,9843,train,73_0268.wav,spk_73_0161,Central,73
train,9844,train,73_0269.wav,spk_73_0162,Central,73
train,9845,train,73_0270.wav,spk_73_0163,Central,73
train,9846,train,73_0272.wav,spk_73_0165,Central,73
train,9847,train,73_0273.wav,spk_73_0165,Central,73
train,9848,train,73_0274.wav,spk_73_0165,Central,73
train,9849,train,73_0275.wav,spk_73_0165,Central,73
train,9850,train,73_0276.wav,spk_73_0165,Central,73
train,9851,train,73_0277.wav,spk_73_0166,Central,73
train,9852,train,73_0278.wav,spk_73_0166,Central,73
train,9853,train,73_0279.wav,spk_73_0167,Central,73
train,9854,train,73_0280.wav,spk_73_0167,Central,73
train,9855,train,73_0281.wav,spk_73_0168,Central,73
train,9856,train,73_0282.wav,spk_73_0168,Central,73
train,9857,train,73_0283.wav,spk_73_0169,Central,73
train,9858,train,73_0284.wav,spk_73_0170,Central,73
train,9859,train,73_0285.wav,spk_73_0170,Central,73
train,9860,train,73_0286.wav,spk_73_0170,Central,73
train,9861,train,73_0287.wav,spk_73_0171,Central,73
train,9862,train,73_0288.wav,spk_73_0171,Central,73
train,9863,train,74_0001.wav,spk_74_0001,Central,74
train,9864,train,74_0002.wav,spk_74_0002,Central,74
train,9865,train,74_0003.wav,spk_74_0003,Central,74
train,9866,train,74_0004.wav,spk_74_0003,Central,74
train,9867,train,74_0005.wav,spk_74_0004,Central,74
train,9868,train,74_0006.wav,spk_74_0004,Central,74
train,9869,train,74_0007.wav,spk_74_0005,Central,74
train,9870,train,74_0008.wav,spk_74_0005,Central,74
train,9871,train,74_0009.wav,spk_74_0006,Central,74
train,9872,train,74_0010.wav,spk_74_0006,Central,74
train,9873,train,74_0011.wav,spk_74_0006,Central,74
train,9874,train,74_0012.wav,spk_74_0006,Central,74
train,9875,train,74_0013.wav,spk_74_0007,Central,74
train,9876,train,74_0014.wav,spk_74_0007,Central,74
train,9877,train,74_0015.wav,spk_74_0008,Central,74
train,9878,train,74_0016.wav,spk_74_0009,Central,74
train,9879,train,74_0017.wav,spk_74_0010,Central,74
train,9880,train,74_0018.wav,spk_74_0011,Central,74
train,9881,train,74_0019.wav,spk_74_0011,Central,74
train,9882,train,74_0020.wav,spk_74_0012,Central,74
train,9883,train,74_0021.wav,spk_74_0012,Central,74
train,9884,train,74_0022.wav,spk_74_0012,Central,74
train,9885,train,74_0023.wav,spk_74_0013,Central,74
train,9886,train,74_0024.wav,spk_74_0013,Central,74
train,9887,train,74_0025.wav,spk_74_0014,Central,74
train,9888,train,74_0026.wav,spk_74_0015,Central,74
train,9889,train,74_0027.wav,spk_74_0016,Central,74
train,9890,train,74_0028.wav,spk_74_0017,Central,74
train,9891,train,74_0029.wav,spk_74_0017,Central,74
train,9892,train,74_0030.wav,spk_74_0018,Central,74
train,9893,train,74_0031.wav,spk_74_0019,Central,74
train,9894,train,74_0032.wav,spk_74_0020,Central,74
train,9895,train,74_0033.wav,spk_74_0020,Central,74
train,9896,train,74_0034.wav,spk_74_0020,Central,74
train,9897,train,74_0035.wav,spk_74_0021,Central,74
train,9898,train,74_0036.wav,spk_74_0022,Central,74
train,9899,train,74_0037.wav,spk_74_0022,Central,74
train,9900,train,74_0038.wav,spk_74_0023,Central,74
train,9901,train,74_0039.wav,spk_74_0023,Central,74
train,9902,train,74_0040.wav,spk_74_0023,Central,74
train,9903,train,74_0041.wav,spk_74_0024,Central,74
train,9904,train,74_0042.wav,spk_74_0024,Central,74
train,9905,train,74_0043.wav,spk_74_0025,Central,74
train,9906,train,74_0044.wav,spk_74_0026,Central,74
train,9907,train,74_0045.wav,spk_74_0027,Central,74
train,9908,train,74_0046.wav,spk_74_0027,Central,74
train,9909,train,74_0047.wav,spk_74_0027,Central,74
train,9910,train,74_0048.wav,spk_74_0028,Central,74
train,9911,train,74_0049.wav,spk_74_0028,Central,74
train,9912,train,74_0050.wav,spk_74_0028,Central,74
train,9913,train,74_0051.wav,spk_74_0029,Central,74
train,9914,train,74_0052.wav,spk_74_0029,Central,74
train,9915,train,74_0053.wav,spk_74_0029,Central,74
train,9916,train,74_0054.wav,spk_74_0030,Central,74
train,9917,train,74_0055.wav,spk_74_0030,Central,74
train,9918,train,74_0056.wav,spk_74_0030,Central,74
train,9919,train,74_0057.wav,spk_74_0030,Central,74
train,9920,train,74_0058.wav,spk_74_0031,Central,74
train,9921,train,74_0059.wav,spk_74_0032,Central,74
train,9922,train,74_0060.wav,spk_74_0033,Central,74
train,9923,train,74_0061.wav,spk_74_0033,Central,74
train,9924,train,74_0062.wav,spk_74_0033,Central,74
train,9925,train,74_0063.wav,spk_74_0033,Central,74
train,9926,train,74_0064.wav,spk_74_0034,Central,74
train,9927,train,74_0065.wav,spk_74_0034,Central,74
train,9928,train,74_0066.wav,spk_74_0035,Central,74
train,9929,train,74_0067.wav,spk_74_0035,Central,74
train,9930,train,74_0068.wav,spk_74_0036,Central,74
train,9931,train,74_0069.wav,spk_74_0036,Central,74
train,9932,train,74_0070.wav,spk_74_0037,Central,74
train,9933,train,74_0071.wav,spk_74_0038,Central,74
train,9934,train,74_0072.wav,spk_74_0039,Central,74
train,9935,train,74_0073.wav,spk_74_0039,Central,74
train,9936,train,74_0074.wav,spk_74_0039,Central,74
train,9937,train,74_0075.wav,spk_74_0040,Central,74
train,9938,train,74_0076.wav,spk_74_0040,Central,74
train,9939,train,74_0077.wav,spk_74_0041,Central,74
train,9940,train,74_0078.wav,spk_74_0041,Central,74
train,9941,train,74_0079.wav,spk_74_0041,Central,74
train,9942,train,74_0080.wav,spk_74_0041,Central,74
train,9943,train,74_0081.wav,spk_74_0041,Central,74
train,9944,train,74_0082.wav,spk_74_0041,Central,74
train,9945,train,74_0083.wav,spk_74_0041,Central,74
train,9946,train,74_0084.wav,spk_74_0042,Central,74
train,9947,train,74_0085.wav,spk_74_0042,Central,74
train,9948,train,74_0086.wav,spk_74_0042,Central,74
train,9949,train,74_0087.wav,spk_74_0043,Central,74
train,9950,train,74_0088.wav,spk_74_0044,Central,74
train,9951,train,74_0089.wav,spk_74_0044,Central,74
train,9952,train,74_0090.wav,spk_74_0045,Central,74
train,9953,train,74_0091.wav,spk_74_0045,Central,74
train,9954,train,74_0092.wav,spk_74_0045,Central,74
train,9955,train,74_0093.wav,spk_74_0046,Central,74
train,9956,train,74_0094.wav,spk_74_0047,Central,74
train,9957,train,74_0095.wav,spk_74_0047,Central,74
train,9958,train,74_0096.wav,spk_74_0047,Central,74
train,9959,train,74_0097.wav,spk_74_0048,Central,74
train,9960,train,74_0098.wav,spk_74_0049,Central,74
train,9961,train,74_0099.wav,spk_74_0049,Central,74
train,9962,train,74_0100.wav,spk_74_0049,Central,74
train,9963,train,74_0101.wav,spk_74_0049,Central,74
train,9964,train,74_0102.wav,spk_74_0050,Central,74
train,9965,train,74_0103.wav,spk_74_0050,Central,74
train,9966,train,74_0104.wav,spk_74_0050,Central,74
train,9967,train,74_0105.wav,spk_74_0051,Central,74
train,9968,train,74_0106.wav,spk_74_0051,Central,74
train,9969,train,74_0107.wav,spk_74_0051,Central,74
train,9970,train,74_0108.wav,spk_74_0052,Central,74
train,9971,train,74_0109.wav,spk_74_0052,Central,74
train,9972,train,74_0110.wav,spk_74_0053,Central,74
train,9973,train,74_0111.wav,spk_74_0054,Central,74
train,9974,train,74_0112.wav,spk_74_0054,Central,74
train,9975,train,74_0113.wav,spk_74_0055,Central,74
train,9976,train,74_0114.wav,spk_74_0056,Central,74
train,9977,train,74_0115.wav,spk_74_0057,Central,74
train,9978,train,74_0116.wav,spk_74_0058,Central,74
train,9979,train,74_0117.wav,spk_74_0059,Central,74
train,9980,train,74_0118.wav,spk_74_0060,Central,74
train,9981,train,74_0119.wav,spk_74_0061,Central,74
train,9982,train,74_0120.wav,spk_74_0062,Central,74
train,9983,train,74_0121.wav,spk_74_0062,Central,74
train,9984,train,74_0122.wav,spk_74_0062,Central,74
train,9985,train,74_0123.wav,spk_74_0063,Central,74
train,9986,train,74_0124.wav,spk_74_0063,Central,74
train,9987,train,74_0125.wav,spk_74_0063,Central,74
train,9988,train,74_0126.wav,spk_74_0063,Central,74
train,9989,train,74_0127.wav,spk_74_0064,Central,74
train,9990,train,74_0128.wav,spk_74_0064,Central,74
train,9991,train,74_0129.wav,spk_74_0064,Central,74
train,9992,train,74_0130.wav,spk_74_0064,Central,74
train,9993,train,74_0131.wav,spk_74_0064,Central,74
train,9994,train,74_0132.wav,spk_74_0065,Central,74
train,9995,train,74_0133.wav,spk_74_0066,Central,74
train,9996,train,74_0134.wav,spk_74_0066,Central,74
train,9997,train,74_0135.wav,spk_74_0067,Central,74
train,9998,train,74_0136.wav,spk_74_0067,Central,74
train,9999,train,74_0137.wav,spk_74_0068,Central,74
train,10000,train,74_0138.wav,spk_74_0068,Central,74
train,10001,train,74_0139.wav,spk_74_0069,Central,74
train,10002,train,74_0140.wav,spk_74_0069,Central,74
train,10003,train,74_0141.wav,spk_74_0070,Central,74
train,10004,train,74_0142.wav,spk_74_0070,Central,74
train,10005,train,74_0143.wav,spk_74_0071,Central,74
train,10006,train,74_0144.wav,spk_74_0071,Central,74
train,10007,train,74_0145.wav,spk_74_0071,Central,74
train,10008,train,74_0146.wav,spk_74_0072,Central,74
train,10009,train,74_0147.wav,spk_74_0072,Central,74
train,10010,train,74_0148.wav,spk_74_0073,Central,74
train,10011,train,74_0149.wav,spk_74_0073,Central,74
train,10012,train,74_0150.wav,spk_74_0074,Central,74
train,10013,train,74_0151.wav,spk_74_0074,Central,74
train,10014,train,74_0152.wav,spk_74_0075,Central,74
train,10015,train,74_0153.wav,spk_74_0076,Central,74
train,10016,train,74_0154.wav,spk_74_0076,Central,74
train,10017,train,74_0155.wav,spk_74_0077,Central,74
train,10018,train,74_0156.wav,spk_74_0077,Central,74
train,10019,train,74_0157.wav,spk_74_0078,Central,74
train,10020,train,74_0158.wav,spk_74_0078,Central,74
train,10021,train,74_0159.wav,spk_74_0078,Central,74
train,10022,train,74_0160.wav,spk_74_0078,Central,74
train,10023,train,74_0161.wav,spk_74_0079,Central,74
train,10024,train,74_0162.wav,spk_74_0079,Central,74
train,10025,train,74_0163.wav,spk_74_0080,Central,74
train,10026,train,74_0164.wav,spk_74_0080,Central,74
train,10027,train,74_0165.wav,spk_74_0081,Central,74
train,10028,train,74_0166.wav,spk_74_0082,Central,74
train,10029,train,74_0167.wav,spk_74_0083,Central,74
train,10030,train,74_0168.wav,spk_74_0083,Central,74
train,10031,train,74_0169.wav,spk_74_0083,Central,74
train,10032,train,74_0170.wav,spk_74_0083,Central,74
train,10033,train,74_0171.wav,spk_74_0084,Central,74
train,10034,train,74_0172.wav,spk_74_0084,Central,74
train,10035,train,74_0173.wav,spk_74_0084,Central,74
train,10036,train,74_0174.wav,spk_74_0084,Central,74
train,10037,train,74_0175.wav,spk_74_0085,Central,74
train,10038,train,74_0176.wav,spk_74_0085,Central,74
train,10039,train,74_0177.wav,spk_74_0085,Central,74
train,10040,train,74_0178.wav,spk_74_0086,Central,74
train,10041,train,74_0179.wav,spk_74_0086,Central,74
train,10042,train,74_0180.wav,spk_74_0087,Central,74
train,10043,train,74_0181.wav,spk_74_0087,Central,74
train,10044,train,74_0182.wav,spk_74_0087,Central,74
train,10045,train,74_0183.wav,spk_74_0088,Central,74
train,10046,train,74_0184.wav,spk_74_0088,Central,74
train,10047,train,74_0185.wav,spk_74_0089,Central,74
train,10048,train,74_0186.wav,spk_74_0089,Central,74
train,10049,train,74_0187.wav,spk_74_0089,Central,74
train,10050,train,74_0188.wav,spk_74_0090,Central,74
train,10051,train,74_0189.wav,spk_74_0091,Central,74
train,10052,train,74_0190.wav,spk_74_0092,Central,74
train,10053,train,74_0191.wav,spk_74_0092,Central,74
train,10054,train,74_0192.wav,spk_74_0093,Central,74
train,10055,train,74_0193.wav,spk_74_0093,Central,74
train,10056,train,74_0194.wav,spk_74_0094,Central,74
train,10057,train,74_0195.wav,spk_74_0095,Central,74
train,10058,train,74_0196.wav,spk_74_0096,Central,74
train,10059,train,74_0197.wav,spk_74_0097,Central,74
train,10060,train,74_0198.wav,spk_74_0098,Central,74
train,10061,train,74_0199.wav,spk_74_0098,Central,74
train,10062,train,74_0200.wav,spk_74_0099,Central,74
train,10063,train,74_0201.wav,spk_74_0099,Central,74
train,10064,train,74_0202.wav,spk_74_0100,Central,74
train,10065,train,74_0203.wav,spk_74_0100,Central,74
train,10066,train,74_0204.wav,spk_74_0101,Central,74
train,10067,train,74_0205.wav,spk_74_0101,Central,74
train,10068,train,74_0206.wav,spk_74_0101,Central,74
train,10069,train,74_0207.wav,spk_74_0102,Central,74
train,10070,train,74_0208.wav,spk_74_0102,Central,74
train,10071,train,74_0209.wav,spk_74_0102,Central,74
train,10072,train,74_0210.wav,spk_74_0103,Central,74
train,10073,train,74_0211.wav,spk_74_0104,Central,74
train,10074,train,74_0212.wav,spk_74_0104,Central,74
train,10075,train,74_0213.wav,spk_74_0105,Central,74
train,10076,train,74_0214.wav,spk_74_0105,Central,74
train,10077,train,74_0215.wav,spk_74_0106,Central,74
train,10078,train,74_0216.wav,spk_74_0106,Central,74
train,10079,train,74_0217.wav,spk_74_0107,Central,74
train,10080,train,74_0218.wav,spk_74_0107,Central,74
train,10081,train,74_0219.wav,spk_74_0108,Central,74
train,10082,train,74_0220.wav,spk_74_0108,Central,74
train,10083,train,74_0221.wav,spk_74_0109,Central,74
train,10084,train,74_0222.wav,spk_74_0109,Central,74
train,10085,train,74_0223.wav,spk_74_0109,Central,74
train,10086,train,74_0224.wav,spk_74_0109,Central,74
train,10087,train,74_0225.wav,spk_74_0110,Central,74
train,10088,train,74_0226.wav,spk_74_0110,Central,74
train,10089,train,74_0227.wav,spk_74_0111,Central,74
train,10090,train,74_0228.wav,spk_74_0111,Central,74
train,10091,train,74_0232.wav,spk_74_0113,Central,74
train,10092,train,74_0233.wav,spk_74_0114,Central,74
train,10093,train,74_0234.wav,spk_74_0115,Central,74
train,10094,train,74_0235.wav,spk_74_0115,Central,74
train,10095,train,74_0236.wav,spk_74_0116,Central,74
train,10096,train,75_0001.wav,spk_75_0001,Central,75
train,10097,train,75_0002.wav,spk_75_0001,Central,75
train,10098,train,75_0003.wav,spk_75_0002,Central,75
train,10099,train,75_0004.wav,spk_75_0002,Central,75
train,10100,train,75_0005.wav,spk_75_0002,Central,75
train,10101,train,75_0006.wav,spk_75_0002,Central,75
train,10102,train,75_0007.wav,spk_75_0002,Central,75
train,10103,train,75_0008.wav,spk_75_0003,Central,75
train,10104,train,75_0009.wav,spk_75_0003,Central,75
train,10105,train,75_0010.wav,spk_75_0003,Central,75
train,10106,train,75_0011.wav,spk_75_0003,Central,75
train,10107,train,75_0012.wav,spk_75_0003,Central,75
train,10108,train,75_0013.wav,spk_75_0003,Central,75
train,10109,train,75_0014.wav,spk_75_0003,Central,75
train,10110,train,75_0015.wav,spk_75_0004,Central,75
train,10111,train,75_0016.wav,spk_75_0004,Central,75
train,10112,train,75_0017.wav,spk_75_0004,Central,75
train,10113,train,75_0018.wav,spk_75_0005,Central,75
train,10114,train,75_0019.wav,spk_75_0005,Central,75
train,10115,train,75_0020.wav,spk_75_0006,Central,75
train,10116,train,75_0021.wav,spk_75_0006,Central,75
train,10117,train,75_0022.wav,spk_75_0007,Central,75
train,10118,train,75_0023.wav,spk_75_0008,Central,75
train,10119,train,75_0024.wav,spk_75_0009,Central,75
train,10120,train,75_0025.wav,spk_75_0010,Central,75
train,10121,train,75_0026.wav,spk_75_0010,Central,75
train,10122,train,75_0027.wav,spk_75_0011,Central,75
train,10123,train,75_0028.wav,spk_75_0012,Central,75
train,10124,train,75_0029.wav,spk_75_0013,Central,75
train,10125,train,75_0030.wav,spk_75_0013,Central,75
train,10126,train,75_0031.wav,spk_75_0013,Central,75
train,10127,train,75_0032.wav,spk_75_0013,Central,75
train,10128,train,75_0033.wav,spk_75_0014,Central,75
train,10129,train,75_0034.wav,spk_75_0015,Central,75
train,10130,train,75_0035.wav,spk_75_0015,Central,75
train,10131,train,75_0036.wav,spk_75_0016,Central,75
train,10132,train,75_0037.wav,spk_75_0016,Central,75
train,10133,train,75_0038.wav,spk_75_0017,Central,75
train,10134,train,75_0039.wav,spk_75_0017,Central,75
train,10135,train,75_0040.wav,spk_75_0018,Central,75
train,10136,train,75_0041.wav,spk_75_0018,Central,75
train,10137,train,75_0042.wav,spk_75_0019,Central,75
train,10138,train,75_0043.wav,spk_75_0019,Central,75
train,10139,train,75_0044.wav,spk_75_0019,Central,75
train,10140,train,75_0045.wav,spk_75_0019,Central,75
train,10141,train,75_0046.wav,spk_75_0020,Central,75
train,10142,train,75_0047.wav,spk_75_0020,Central,75
train,10143,train,75_0048.wav,spk_75_0021,Central,75
train,10144,train,75_0049.wav,spk_75_0022,Central,75
train,10145,train,75_0050.wav,spk_75_0022,Central,75
train,10146,train,75_0051.wav,spk_75_0023,Central,75
train,10147,train,75_0052.wav,spk_75_0024,Central,75
train,10148,train,75_0053.wav,spk_75_0025,Central,75
train,10149,train,75_0054.wav,spk_75_0025,Central,75
train,10150,train,75_0055.wav,spk_75_0026,Central,75
train,10151,train,75_0056.wav,spk_75_0027,Central,75
train,10152,train,75_0057.wav,spk_75_0027,Central,75
train,10153,train,75_0058.wav,spk_75_0028,Central,75
train,10154,train,75_0059.wav,spk_75_0029,Central,75
train,10155,train,75_0060.wav,spk_75_0029,Central,75
train,10156,train,75_0061.wav,spk_75_0030,Central,75
train,10157,train,75_0062.wav,spk_75_0030,Central,75
train,10158,train,75_0063.wav,spk_75_0031,Central,75
train,10159,train,75_0064.wav,spk_75_0031,Central,75
train,10160,train,75_0065.wav,spk_75_0031,Central,75
train,10161,train,75_0066.wav,spk_75_0032,Central,75
train,10162,train,75_0067.wav,spk_75_0032,Central,75
train,10163,train,75_0068.wav,spk_75_0033,Central,75
train,10164,train,75_0069.wav,spk_75_0033,Central,75
train,10165,train,75_0070.wav,spk_75_0034,Central,75
train,10166,train,75_0071.wav,spk_75_0035,Central,75
train,10167,train,75_0072.wav,spk_75_0036,Central,75
train,10168,train,75_0073.wav,spk_75_0036,Central,75
train,10169,train,75_0074.wav,spk_75_0037,Central,75
train,10170,train,75_0075.wav,spk_75_0038,Central,75
train,10171,train,75_0076.wav,spk_75_0038,Central,75
train,10172,train,75_0077.wav,spk_75_0039,Central,75
train,10173,train,75_0078.wav,spk_75_0039,Central,75
train,10174,train,75_0079.wav,spk_75_0040,Central,75
train,10175,train,75_0080.wav,spk_75_0041,Central,75
train,10176,train,75_0081.wav,spk_75_0042,Central,75
train,10177,train,75_0082.wav,spk_75_0042,Central,75
train,10178,train,75_0083.wav,spk_75_0043,Central,75
train,10179,train,75_0084.wav,spk_75_0043,Central,75
train,10180,train,75_0085.wav,spk_75_0044,Central,75
train,10181,train,75_0086.wav,spk_75_0044,Central,75
train,10182,train,75_0087.wav,spk_75_0045,Central,75
train,10183,train,75_0088.wav,spk_75_0045,Central,75
train,10184,train,75_0089.wav,spk_75_0046,Central,75
train,10185,train,75_0090.wav,spk_75_0046,Central,75
train,10186,train,75_0091.wav,spk_75_0047,Central,75
train,10187,train,75_0092.wav,spk_75_0047,Central,75
train,10188,train,75_0093.wav,spk_75_0048,Central,75
train,10189,train,75_0094.wav,spk_75_0049,Central,75
train,10190,train,75_0095.wav,spk_75_0050,Central,75
train,10191,train,75_0096.wav,spk_75_0051,Central,75
train,10192,train,75_0097.wav,spk_75_0051,Central,75
train,10193,train,75_0098.wav,spk_75_0052,Central,75
train,10194,train,75_0099.wav,spk_75_0053,Central,75
train,10195,train,75_0100.wav,spk_75_0053,Central,75
train,10196,train,75_0101.wav,spk_75_0054,Central,75
train,10197,train,75_0102.wav,spk_75_0055,Central,75
train,10198,train,75_0103.wav,spk_75_0056,Central,75
train,10199,train,75_0104.wav,spk_75_0057,Central,75
train,10200,train,75_0105.wav,spk_75_0057,Central,75
train,10201,train,75_0106.wav,spk_75_0057,Central,75
train,10202,train,75_0107.wav,spk_75_0058,Central,75
train,10203,train,75_0108.wav,spk_75_0059,Central,75
train,10204,train,75_0109.wav,spk_75_0060,Central,75
train,10205,train,75_0110.wav,spk_75_0060,Central,75
train,10206,train,75_0111.wav,spk_75_0061,Central,75
train,10207,train,75_0112.wav,spk_75_0062,Central,75
train,10208,train,75_0113.wav,spk_75_0063,Central,75
train,10209,train,75_0114.wav,spk_75_0064,Central,75
train,10210,train,75_0115.wav,spk_75_0064,Central,75
train,10211,train,75_0116.wav,spk_75_0065,Central,75
train,10212,train,75_0117.wav,spk_75_0065,Central,75
train,10213,train,75_0118.wav,spk_75_0066,Central,75
train,10214,train,75_0119.wav,spk_75_0066,Central,75
train,10215,train,75_0120.wav,spk_75_0067,Central,75
train,10216,train,75_0121.wav,spk_75_0068,Central,75
train,10217,train,75_0122.wav,spk_75_0069,Central,75
train,10218,train,75_0123.wav,spk_75_0070,Central,75
train,10219,train,75_0124.wav,spk_75_0071,Central,75
train,10220,train,75_0125.wav,spk_75_0072,Central,75
train,10221,train,75_0126.wav,spk_75_0073,Central,75
train,10222,train,75_0127.wav,spk_75_0074,Central,75
train,10223,train,75_0128.wav,spk_75_0075,Central,75
train,10224,train,75_0129.wav,spk_75_0075,Central,75
train,10225,train,75_0130.wav,spk_75_0076,Central,75
train,10226,train,75_0131.wav,spk_75_0077,Central,75
train,10227,train,75_0132.wav,spk_75_0078,Central,75
train,10228,train,75_0133.wav,spk_75_0078,Central,75
train,10229,train,75_0134.wav,spk_75_0079,Central,75
train,10230,train,75_0135.wav,spk_75_0080,Central,75
train,10231,train,75_0136.wav,spk_75_0080,Central,75
train,10232,train,75_0137.wav,spk_75_0081,Central,75
train,10233,train,75_0138.wav,spk_75_0081,Central,75
train,10234,train,75_0139.wav,spk_75_0082,Central,75
train,10235,train,75_0140.wav,spk_75_0082,Central,75
train,10236,train,75_0141.wav,spk_75_0083,Central,75
train,10237,train,75_0142.wav,spk_75_0083,Central,75
train,10238,train,75_0143.wav,spk_75_0084,Central,75
train,10239,train,75_0144.wav,spk_75_0084,Central,75
train,10240,train,75_0145.wav,spk_75_0085,Central,75
train,10241,train,75_0146.wav,spk_75_0085,Central,75
train,10242,train,75_0147.wav,spk_75_0086,Central,75
train,10243,train,75_0148.wav,spk_75_0087,Central,75
train,10244,train,75_0149.wav,spk_75_0088,Central,75
train,10245,train,75_0150.wav,spk_75_0088,Central,75
train,10246,train,75_0151.wav,spk_75_0089,Central,75
train,10247,train,75_0152.wav,spk_75_0090,Central,75
train,10248,train,75_0153.wav,spk_75_0091,Central,75
train,10249,train,75_0154.wav,spk_75_0091,Central,75
train,10250,train,75_0155.wav,spk_75_0092,Central,75
train,10251,train,75_0156.wav,spk_75_0092,Central,75
train,10252,train,75_0157.wav,spk_75_0093,Central,75
train,10253,train,75_0158.wav,spk_75_0094,Central,75
train,10254,train,75_0159.wav,spk_75_0095,Central,75
train,10255,train,75_0160.wav,spk_75_0095,Central,75
train,10256,train,75_0161.wav,spk_75_0096,Central,75
train,10257,train,75_0162.wav,spk_75_0096,Central,75
train,10258,train,75_0163.wav,spk_75_0097,Central,75
train,10259,train,75_0164.wav,spk_75_0098,Central,75
train,10260,train,75_0165.wav,spk_75_0098,Central,75
train,10261,train,75_0166.wav,spk_75_0098,Central,75
train,10262,train,75_0167.wav,spk_75_0098,Central,75
train,10263,train,75_0168.wav,spk_75_0099,Central,75
train,10264,train,75_0169.wav,spk_75_0100,Central,75
train,10265,train,75_0170.wav,spk_75_0100,Central,75
train,10266,train,75_0171.wav,spk_75_0101,Central,75
train,10267,train,75_0172.wav,spk_75_0101,Central,75
train,10268,train,75_0173.wav,spk_75_0101,Central,75
train,10269,train,75_0174.wav,spk_75_0102,Central,75
train,10270,train,75_0175.wav,spk_75_0102,Central,75
train,10271,train,75_0176.wav,spk_75_0103,Central,75
train,10272,train,75_0177.wav,spk_75_0103,Central,75
train,10273,train,75_0178.wav,spk_75_0103,Central,75
train,10274,train,75_0179.wav,spk_75_0103,Central,75
train,10275,train,75_0180.wav,spk_75_0104,Central,75
train,10276,train,75_0181.wav,spk_75_0105,Central,75
train,10277,train,75_0182.wav,spk_75_0106,Central,75
train,10278,train,75_0183.wav,spk_75_0106,Central,75
train,10279,train,75_0184.wav,spk_75_0106,Central,75
train,10280,train,75_0185.wav,spk_75_0107,Central,75
train,10281,train,75_0186.wav,spk_75_0108,Central,75
train,10282,train,75_0187.wav,spk_75_0108,Central,75
train,10283,train,75_0188.wav,spk_75_0109,Central,75
train,10284,train,75_0189.wav,spk_75_0110,Central,75
train,10285,train,75_0190.wav,spk_75_0110,Central,75
train,10286,train,75_0191.wav,spk_75_0111,Central,75
train,10287,train,75_0192.wav,spk_75_0111,Central,75
train,10288,train,75_0193.wav,spk_75_0112,Central,75
train,10289,train,75_0194.wav,spk_75_0113,Central,75
train,10290,train,75_0195.wav,spk_75_0114,Central,75
train,10291,train,75_0196.wav,spk_75_0114,Central,75
train,10292,train,75_0197.wav,spk_75_0115,Central,75
train,10293,train,75_0198.wav,spk_75_0116,Central,75
train,10294,train,75_0199.wav,spk_75_0117,Central,75
train,10295,train,75_0200.wav,spk_75_0117,Central,75
train,10296,train,75_0201.wav,spk_75_0117,Central,75
train,10297,train,75_0202.wav,spk_75_0117,Central,75
train,10298,train,75_0203.wav,spk_75_0118,Central,75
train,10299,train,75_0204.wav,spk_75_0119,Central,75
train,10300,train,75_0205.wav,spk_75_0120,Central,75
train,10301,train,75_0206.wav,spk_75_0121,Central,75
train,10302,train,75_0207.wav,spk_75_0121,Central,75
train,10303,train,75_0208.wav,spk_75_0122,Central,75
train,10304,train,75_0209.wav,spk_75_0122,Central,75
train,10305,train,75_0210.wav,spk_75_0123,Central,75
train,10306,train,75_0211.wav,spk_75_0123,Central,75
train,10307,train,75_0212.wav,spk_75_0124,Central,75
train,10308,train,75_0213.wav,spk_75_0125,Central,75
train,10309,train,75_0214.wav,spk_75_0126,Central,75
train,10310,train,75_0215.wav,spk_75_0126,Central,75
train,10311,train,75_0216.wav,spk_75_0127,Central,75
train,10312,train,75_0217.wav,spk_75_0128,Central,75
train,10313,train,75_0218.wav,spk_75_0129,Central,75
train,10314,train,75_0219.wav,spk_75_0130,Central,75
train,10315,train,75_0220.wav,spk_75_0130,Central,75
train,10316,train,75_0221.wav,spk_75_0131,Central,75
train,10317,train,75_0222.wav,spk_75_0132,Central,75
train,10318,train,75_0223.wav,spk_75_0132,Central,75
train,10319,train,75_0224.wav,spk_75_0133,Central,75
train,10320,train,75_0225.wav,spk_75_0133,Central,75
train,10321,train,75_0226.wav,spk_75_0134,Central,75
train,10322,train,75_0227.wav,spk_75_0135,Central,75
train,10323,train,75_0228.wav,spk_75_0136,Central,75
train,10324,train,75_0229.wav,spk_75_0137,Central,75
train,10325,train,75_0230.wav,spk_75_0137,Central,75
train,10326,train,75_0231.wav,spk_75_0138,Central,75
train,10327,train,75_0232.wav,spk_75_0139,Central,75
train,10328,train,75_0233.wav,spk_75_0139,Central,75
train,10329,train,75_0234.wav,spk_75_0140,Central,75
train,10330,train,75_0235.wav,spk_75_0141,Central,75
train,10331,train,75_0242.wav,spk_75_0145,Central,75
train,10332,train,75_0243.wav,spk_75_0145,Central,75
train,10333,train,75_0244.wav,spk_75_0145,Central,75
train,10334,train,75_0248.wav,spk_75_0147,Central,75
train,10335,train,75_0253.wav,spk_75_0150,Central,75
train,10336,train,76_0001.wav,spk_76_0001,Central,76
train,10337,train,76_0002.wav,spk_76_0002,Central,76
train,10338,train,76_0003.wav,spk_76_0003,Central,76
train,10339,train,76_0004.wav,spk_76_0004,Central,76
train,10340,train,76_0005.wav,spk_76_0004,Central,76
train,10341,train,76_0006.wav,spk_76_0005,Central,76
train,10342,train,76_0007.wav,spk_76_0006,Central,76
train,10343,train,76_0008.wav,spk_76_0007,Central,76
train,10344,train,76_0009.wav,spk_76_0008,Central,76
train,10345,train,76_0010.wav,spk_76_0008,Central,76
train,10346,train,76_0011.wav,spk_76_0009,Central,76
train,10347,train,76_0012.wav,spk_76_0009,Central,76
train,10348,train,76_0013.wav,spk_76_0009,Central,76
train,10349,train,76_0014.wav,spk_76_0009,Central,76
train,10350,train,76_0015.wav,spk_76_0009,Central,76
train,10351,train,76_0016.wav,spk_76_0009,Central,76
train,10352,train,76_0017.wav,spk_76_0009,Central,76
train,10353,train,76_0018.wav,spk_76_0009,Central,76
train,10354,train,76_0019.wav,spk_76_0010,Central,76
train,10355,train,76_0020.wav,spk_76_0011,Central,76
train,10356,train,76_0021.wav,spk_76_0012,Central,76
train,10357,train,76_0022.wav,spk_76_0012,Central,76
train,10358,train,76_0023.wav,spk_76_0013,Central,76
train,10359,train,76_0024.wav,spk_76_0014,Central,76
train,10360,train,76_0025.wav,spk_76_0015,Central,76
train,10361,train,76_0026.wav,spk_76_0016,Central,76
train,10362,train,76_0027.wav,spk_76_0016,Central,76
train,10363,train,76_0028.wav,spk_76_0017,Central,76
train,10364,train,76_0029.wav,spk_76_0018,Central,76
train,10365,train,76_0030.wav,spk_76_0019,Central,76
train,10366,train,76_0031.wav,spk_76_0020,Central,76
train,10367,train,76_0032.wav,spk_76_0021,Central,76
train,10368,train,76_0033.wav,spk_76_0022,Central,76
train,10369,train,76_0034.wav,spk_76_0023,Central,76
train,10370,train,76_0035.wav,spk_76_0024,Central,76
train,10371,train,76_0036.wav,spk_76_0025,Central,76
train,10372,train,76_0037.wav,spk_76_0026,Central,76
train,10373,train,76_0038.wav,spk_76_0027,Central,76
train,10374,train,76_0039.wav,spk_76_0028,Central,76
train,10375,train,76_0040.wav,spk_76_0028,Central,76
train,10376,train,76_0041.wav,spk_76_0028,Central,76
train,10377,train,76_0042.wav,spk_76_0028,Central,76
train,10378,train,76_0043.wav,spk_76_0028,Central,76
train,10379,train,76_0044.wav,spk_76_0028,Central,76
train,10380,train,76_0045.wav,spk_76_0028,Central,76
train,10381,train,76_0046.wav,spk_76_0028,Central,76
train,10382,train,76_0047.wav,spk_76_0029,Central,76
train,10383,train,76_0048.wav,spk_76_0030,Central,76
train,10384,train,76_0049.wav,spk_76_0030,Central,76
train,10385,train,76_0050.wav,spk_76_0030,Central,76
train,10386,train,76_0051.wav,spk_76_0031,Central,76
train,10387,train,76_0052.wav,spk_76_0032,Central,76
train,10388,train,76_0053.wav,spk_76_0033,Central,76
train,10389,train,76_0054.wav,spk_76_0034,Central,76
train,10390,train,76_0055.wav,spk_76_0034,Central,76
train,10391,train,76_0056.wav,spk_76_0035,Central,76
train,10392,train,76_0057.wav,spk_76_0035,Central,76
train,10393,train,76_0058.wav,spk_76_0036,Central,76
train,10394,train,76_0059.wav,spk_76_0037,Central,76
train,10395,train,76_0060.wav,spk_76_0038,Central,76
train,10396,train,76_0061.wav,spk_76_0038,Central,76
train,10397,train,76_0062.wav,spk_76_0038,Central,76
train,10398,train,76_0063.wav,spk_76_0039,Central,76
train,10399,train,76_0064.wav,spk_76_0040,Central,76
train,10400,train,76_0065.wav,spk_76_0041,Central,76
train,10401,train,76_0066.wav,spk_76_0042,Central,76
train,10402,train,76_0067.wav,spk_76_0043,Central,76
train,10403,train,76_0068.wav,spk_76_0044,Central,76
train,10404,train,76_0069.wav,spk_76_0045,Central,76
train,10405,train,76_0070.wav,spk_76_0046,Central,76
train,10406,train,76_0071.wav,spk_76_0047,Central,76
train,10407,train,76_0072.wav,spk_76_0048,Central,76
train,10408,train,76_0073.wav,spk_76_0049,Central,76
train,10409,train,76_0074.wav,spk_76_0050,Central,76
train,10410,train,76_0075.wav,spk_76_0051,Central,76
train,10411,train,76_0076.wav,spk_76_0052,Central,76
train,10412,train,76_0077.wav,spk_76_0053,Central,76
train,10413,train,76_0078.wav,spk_76_0054,Central,76
train,10414,train,76_0079.wav,spk_76_0055,Central,76
train,10415,train,76_0080.wav,spk_76_0055,Central,76
train,10416,train,76_0081.wav,spk_76_0056,Central,76
train,10417,train,76_0082.wav,spk_76_0057,Central,76
train,10418,train,76_0083.wav,spk_76_0058,Central,76
train,10419,train,76_0084.wav,spk_76_0058,Central,76
train,10420,train,76_0085.wav,spk_76_0059,Central,76
train,10421,train,76_0086.wav,spk_76_0059,Central,76
train,10422,train,76_0087.wav,spk_76_0059,Central,76
train,10423,train,76_0088.wav,spk_76_0060,Central,76
train,10424,train,76_0089.wav,spk_76_0061,Central,76
train,10425,train,76_0090.wav,spk_76_0062,Central,76
train,10426,train,76_0091.wav,spk_76_0063,Central,76
train,10427,train,76_0092.wav,spk_76_0064,Central,76
train,10428,train,76_0093.wav,spk_76_0065,Central,76
train,10429,train,76_0094.wav,spk_76_0066,Central,76
train,10430,train,76_0095.wav,spk_76_0067,Central,76
train,10431,train,76_0096.wav,spk_76_0067,Central,76
train,10432,train,76_0097.wav,spk_76_0068,Central,76
train,10433,train,76_0098.wav,spk_76_0069,Central,76
train,10434,train,76_0099.wav,spk_76_0070,Central,76
train,10435,train,76_0100.wav,spk_76_0071,Central,76
train,10436,train,76_0101.wav,spk_76_0072,Central,76
train,10437,train,76_0102.wav,spk_76_0073,Central,76
train,10438,train,76_0103.wav,spk_76_0074,Central,76
train,10439,train,76_0104.wav,spk_76_0074,Central,76
train,10440,train,76_0105.wav,spk_76_0074,Central,76
train,10441,train,76_0106.wav,spk_76_0074,Central,76
train,10442,train,76_0107.wav,spk_76_0075,Central,76
train,10443,train,76_0108.wav,spk_76_0075,Central,76
train,10444,train,76_0109.wav,spk_76_0076,Central,76
train,10445,train,76_0110.wav,spk_76_0076,Central,76
train,10446,train,76_0111.wav,spk_76_0077,Central,76
train,10447,train,76_0112.wav,spk_76_0077,Central,76
train,10448,train,76_0113.wav,spk_76_0078,Central,76
train,10449,train,76_0114.wav,spk_76_0078,Central,76
train,10450,train,76_0115.wav,spk_76_0079,Central,76
train,10451,train,76_0116.wav,spk_76_0080,Central,76
train,10452,train,76_0117.wav,spk_76_0081,Central,76
train,10453,train,76_0118.wav,spk_76_0082,Central,76
train,10454,train,76_0119.wav,spk_76_0083,Central,76
train,10455,train,76_0120.wav,spk_76_0084,Central,76
train,10456,train,76_0121.wav,spk_76_0085,Central,76
train,10457,train,76_0122.wav,spk_76_0085,Central,76
train,10458,train,76_0123.wav,spk_76_0086,Central,76
train,10459,train,76_0124.wav,spk_76_0086,Central,76
train,10460,train,76_0125.wav,spk_76_0087,Central,76
train,10461,train,76_0126.wav,spk_76_0088,Central,76
train,10462,train,76_0127.wav,spk_76_0089,Central,76
train,10463,train,76_0128.wav,spk_76_0090,Central,76
train,10464,train,76_0129.wav,spk_76_0091,Central,76
train,10465,train,76_0130.wav,spk_76_0092,Central,76
train,10466,train,76_0131.wav,spk_76_0093,Central,76
train,10467,train,76_0132.wav,spk_76_0093,Central,76
train,10468,train,76_0133.wav,spk_76_0094,Central,76
train,10469,train,76_0134.wav,spk_76_0095,Central,76
train,10470,train,76_0135.wav,spk_76_0095,Central,76
train,10471,train,76_0136.wav,spk_76_0096,Central,76
train,10472,train,76_0137.wav,spk_76_0097,Central,76
train,10473,train,76_0138.wav,spk_76_0098,Central,76
train,10474,train,76_0139.wav,spk_76_0099,Central,76
train,10475,train,76_0140.wav,spk_76_0100,Central,76
train,10476,train,76_0141.wav,spk_76_0101,Central,76
train,10477,train,76_0142.wav,spk_76_0102,Central,76
train,10478,train,76_0143.wav,spk_76_0103,Central,76
train,10479,train,76_0144.wav,spk_76_0104,Central,76
train,10480,train,76_0145.wav,spk_76_0105,Central,76
train,10481,train,76_0146.wav,spk_76_0105,Central,76
train,10482,train,76_0147.wav,spk_76_0106,Central,76
train,10483,train,76_0148.wav,spk_76_0106,Central,76
train,10484,train,76_0149.wav,spk_76_0107,Central,76
train,10485,train,76_0150.wav,spk_76_0108,Central,76
train,10486,train,76_0151.wav,spk_76_0109,Central,76
train,10487,train,76_0152.wav,spk_76_0109,Central,76
train,10488,train,76_0153.wav,spk_76_0110,Central,76
train,10489,train,76_0154.wav,spk_76_0111,Central,76
train,10490,train,76_0155.wav,spk_76_0112,Central,76
train,10491,train,76_0156.wav,spk_76_0113,Central,76
train,10492,train,76_0157.wav,spk_76_0113,Central,76
train,10493,train,76_0158.wav,spk_76_0114,Central,76
train,10494,train,76_0159.wav,spk_76_0115,Central,76
train,10495,train,76_0160.wav,spk_76_0115,Central,76
train,10496,train,76_0161.wav,spk_76_0116,Central,76
train,10497,train,76_0162.wav,spk_76_0117,Central,76
train,10498,train,76_0163.wav,spk_76_0118,Central,76
train,10499,train,76_0164.wav,spk_76_0119,Central,76
train,10500,train,76_0165.wav,spk_76_0120,Central,76
train,10501,train,76_0166.wav,spk_76_0121,Central,76
train,10502,train,76_0167.wav,spk_76_0122,Central,76
train,10503,train,76_0168.wav,spk_76_0123,Central,76
train,10504,train,76_0169.wav,spk_76_0124,Central,76
train,10505,train,76_0170.wav,spk_76_0124,Central,76
train,10506,train,76_0171.wav,spk_76_0124,Central,76
train,10507,train,76_0172.wav,spk_76_0125,Central,76
train,10508,train,76_0173.wav,spk_76_0125,Central,76
train,10509,train,76_0174.wav,spk_76_0125,Central,76
train,10510,train,76_0175.wav,spk_76_0126,Central,76
train,10511,train,76_0176.wav,spk_76_0127,Central,76
train,10512,train,76_0177.wav,spk_76_0128,Central,76
train,10513,train,76_0178.wav,spk_76_0129,Central,76
train,10514,train,76_0179.wav,spk_76_0130,Central,76
train,10515,train,76_0180.wav,spk_76_0131,Central,76
train,10516,train,76_0181.wav,spk_76_0132,Central,76
train,10517,train,76_0182.wav,spk_76_0133,Central,76
train,10518,train,76_0183.wav,spk_76_0133,Central,76
train,10519,train,76_0184.wav,spk_76_0134,Central,76
train,10520,train,76_0185.wav,spk_76_0135,Central,76
train,10521,train,76_0186.wav,spk_76_0136,Central,76
train,10522,train,76_0187.wav,spk_76_0137,Central,76
train,10523,train,76_0188.wav,spk_76_0138,Central,76
train,10524,train,76_0189.wav,spk_76_0139,Central,76
train,10525,train,76_0190.wav,spk_76_0140,Central,76
train,10526,train,76_0191.wav,spk_76_0141,Central,76
train,10527,train,76_0192.wav,spk_76_0142,Central,76
train,10528,train,76_0193.wav,spk_76_0143,Central,76
train,10529,train,76_0194.wav,spk_76_0144,Central,76
train,10530,train,76_0195.wav,spk_76_0145,Central,76
train,10531,train,76_0196.wav,spk_76_0145,Central,76
train,10532,train,76_0197.wav,spk_76_0146,Central,76
train,10533,train,76_0198.wav,spk_76_0147,Central,76
train,10534,train,76_0199.wav,spk_76_0148,Central,76
train,10535,train,76_0200.wav,spk_76_0149,Central,76
train,10536,train,76_0201.wav,spk_76_0150,Central,76
train,10537,train,76_0202.wav,spk_76_0151,Central,76
train,10538,train,76_0203.wav,spk_76_0151,Central,76
train,10539,train,76_0204.wav,spk_76_0152,Central,76
train,10540,train,76_0205.wav,spk_76_0152,Central,76
train,10541,train,76_0206.wav,spk_76_0153,Central,76
train,10542,train,76_0207.wav,spk_76_0154,Central,76
train,10543,train,76_0208.wav,spk_76_0155,Central,76
train,10544,train,76_0209.wav,spk_76_0156,Central,76
train,10545,train,76_0210.wav,spk_76_0157,Central,76
train,10546,train,76_0211.wav,spk_76_0158,Central,76
train,10547,train,76_0212.wav,spk_76_0159,Central,76
train,10548,train,76_0213.wav,spk_76_0160,Central,76
train,10549,train,76_0214.wav,spk_76_0161,Central,76
train,10550,train,76_0215.wav,spk_76_0162,Central,76
train,10551,train,76_0216.wav,spk_76_0163,Central,76
train,10552,train,76_0217.wav,spk_76_0164,Central,76
train,10553,train,76_0218.wav,spk_76_0165,Central,76
train,10554,train,76_0219.wav,spk_76_0166,Central,76
train,10555,train,76_0220.wav,spk_76_0167,Central,76
train,10556,train,76_0221.wav,spk_76_0168,Central,76
train,10557,train,76_0222.wav,spk_76_0169,Central,76
train,10558,train,76_0223.wav,spk_76_0170,Central,76
train,10559,train,76_0224.wav,spk_76_0170,Central,76
train,10560,train,76_0225.wav,spk_76_0171,Central,76
train,10561,train,76_0226.wav,spk_76_0172,Central,76
train,10562,train,76_0227.wav,spk_76_0173,Central,76
train,10563,train,76_0228.wav,spk_76_0173,Central,76
train,10564,train,76_0229.wav,spk_76_0174,Central,76
train,10565,train,76_0230.wav,spk_76_0174,Central,76
train,10566,train,76_0231.wav,spk_76_0174,Central,76
train,10567,train,76_0232.wav,spk_76_0174,Central,76
train,10568,train,76_0233.wav,spk_76_0174,Central,76
train,10569,train,76_0234.wav,spk_76_0175,Central,76
train,10570,train,76_0235.wav,spk_76_0175,Central,76
train,10571,train,76_0236.wav,spk_76_0176,Central,76
train,10572,train,76_0237.wav,spk_76_0176,Central,76
train,10573,train,76_0238.wav,spk_76_0177,Central,76
train,10574,train,76_0239.wav,spk_76_0177,Central,76
train,10575,train,76_0240.wav,spk_76_0177,Central,76
train,10576,train,76_0241.wav,spk_76_0178,Central,76
train,10577,train,76_0242.wav,spk_76_0178,Central,76
train,10578,train,76_0243.wav,spk_76_0179,Central,76
train,10579,train,76_0244.wav,spk_76_0180,Central,76
train,10580,train,76_0245.wav,spk_76_0181,Central,76
train,10581,train,76_0246.wav,spk_76_0181,Central,76
train,10582,train,76_0247.wav,spk_76_0182,Central,76
train,10583,train,76_0248.wav,spk_76_0182,Central,76
train,10584,train,76_0249.wav,spk_76_0183,Central,76
train,10585,train,76_0250.wav,spk_76_0184,Central,76
train,10586,train,76_0251.wav,spk_76_0185,Central,76
train,10587,train,76_0252.wav,spk_76_0185,Central,76
train,10588,train,76_0253.wav,spk_76_0186,Central,76
train,10589,train,76_0256.wav,spk_76_0188,Central,76
train,10590,train,76_0262.wav,spk_76_0193,Central,76
train,10591,train,76_0265.wav,spk_76_0196,Central,76
train,10592,train,76_0271.wav,spk_76_0201,Central,76
train,10593,train,76_0272.wav,spk_76_0201,Central,76
train,10594,train,76_0273.wav,spk_76_0201,Central,76
train,10595,train,76_0274.wav,spk_76_0201,Central,76
train,10596,train,77_0001.wav,spk_77_0001,Central,77
train,10597,train,77_0002.wav,spk_77_0001,Central,77
train,10598,train,77_0003.wav,spk_77_0002,Central,77
train,10599,train,77_0004.wav,spk_77_0002,Central,77
train,10600,train,77_0005.wav,spk_77_0003,Central,77
train,10601,train,77_0006.wav,spk_77_0003,Central,77
train,10602,train,77_0007.wav,spk_77_0004,Central,77
train,10603,train,77_0008.wav,spk_77_0004,Central,77
train,10604,train,77_0009.wav,spk_77_0004,Central,77
train,10605,train,77_0010.wav,spk_77_0005,Central,77
train,10606,train,77_0011.wav,spk_77_0005,Central,77
train,10607,train,77_0012.wav,spk_77_0005,Central,77
train,10608,train,77_0013.wav,spk_77_0006,Central,77
train,10609,train,77_0014.wav,spk_77_0007,Central,77
train,10610,train,77_0015.wav,spk_77_0008,Central,77
train,10611,train,77_0016.wav,spk_77_0009,Central,77
train,10612,train,77_0017.wav,spk_77_0010,Central,77
train,10613,train,77_0018.wav,spk_77_0010,Central,77
train,10614,train,77_0019.wav,spk_77_0011,Central,77
train,10615,train,77_0020.wav,spk_77_0012,Central,77
train,10616,train,77_0021.wav,spk_77_0013,Central,77
train,10617,train,77_0022.wav,spk_77_0014,Central,77
train,10618,train,77_0023.wav,spk_77_0014,Central,77
train,10619,train,77_0024.wav,spk_77_0015,Central,77
train,10620,train,77_0025.wav,spk_77_0015,Central,77
train,10621,train,77_0026.wav,spk_77_0016,Central,77
train,10622,train,77_0027.wav,spk_77_0016,Central,77
train,10623,train,77_0028.wav,spk_77_0017,Central,77
train,10624,train,77_0029.wav,spk_77_0017,Central,77
train,10625,train,77_0030.wav,spk_77_0018,Central,77
train,10626,train,77_0031.wav,spk_77_0018,Central,77
train,10627,train,77_0032.wav,spk_77_0019,Central,77
train,10628,train,77_0033.wav,spk_77_0019,Central,77
train,10629,train,77_0034.wav,spk_77_0020,Central,77
train,10630,train,77_0035.wav,spk_77_0020,Central,77
train,10631,train,77_0036.wav,spk_77_0021,Central,77
train,10632,train,77_0037.wav,spk_77_0021,Central,77
train,10633,train,77_0038.wav,spk_77_0022,Central,77
train,10634,train,77_0039.wav,spk_77_0022,Central,77
train,10635,train,77_0040.wav,spk_77_0023,Central,77
train,10636,train,77_0041.wav,spk_77_0023,Central,77
train,10637,train,77_0042.wav,spk_77_0024,Central,77
train,10638,train,77_0043.wav,spk_77_0024,Central,77
train,10639,train,77_0044.wav,spk_77_0025,Central,77
train,10640,train,77_0045.wav,spk_77_0025,Central,77
train,10641,train,77_0046.wav,spk_77_0025,Central,77
train,10642,train,77_0047.wav,spk_77_0026,Central,77
train,10643,train,77_0048.wav,spk_77_0026,Central,77
train,10644,train,77_0049.wav,spk_77_0026,Central,77
train,10645,train,77_0050.wav,spk_77_0026,Central,77
train,10646,train,77_0051.wav,spk_77_0026,Central,77
train,10647,train,77_0052.wav,spk_77_0026,Central,77
train,10648,train,77_0053.wav,spk_77_0026,Central,77
train,10649,train,77_0054.wav,spk_77_0027,Central,77
train,10650,train,77_0055.wav,spk_77_0028,Central,77
train,10651,train,77_0056.wav,spk_77_0029,Central,77
train,10652,train,77_0057.wav,spk_77_0030,Central,77
train,10653,train,77_0058.wav,spk_77_0030,Central,77
train,10654,train,77_0059.wav,spk_77_0031,Central,77
train,10655,train,77_0060.wav,spk_77_0032,Central,77
train,10656,train,77_0061.wav,spk_77_0033,Central,77
train,10657,train,77_0062.wav,spk_77_0034,Central,77
train,10658,train,77_0063.wav,spk_77_0035,Central,77
train,10659,train,77_0064.wav,spk_77_0035,Central,77
train,10660,train,77_0065.wav,spk_77_0035,Central,77
train,10661,train,77_0066.wav,spk_77_0035,Central,77
train,10662,train,77_0067.wav,spk_77_0036,Central,77
train,10663,train,77_0068.wav,spk_77_0037,Central,77
train,10664,train,77_0069.wav,spk_77_0037,Central,77
train,10665,train,77_0070.wav,spk_77_0038,Central,77
train,10666,train,77_0071.wav,spk_77_0038,Central,77
train,10667,train,77_0072.wav,spk_77_0039,Central,77
train,10668,train,77_0073.wav,spk_77_0039,Central,77
train,10669,train,77_0074.wav,spk_77_0040,Central,77
train,10670,train,77_0075.wav,spk_77_0040,Central,77
train,10671,train,77_0076.wav,spk_77_0040,Central,77
train,10672,train,77_0077.wav,spk_77_0041,Central,77
train,10673,train,77_0078.wav,spk_77_0041,Central,77
train,10674,train,77_0079.wav,spk_77_0042,Central,77
train,10675,train,77_0080.wav,spk_77_0042,Central,77
train,10676,train,77_0081.wav,spk_77_0043,Central,77
train,10677,train,77_0082.wav,spk_77_0043,Central,77
train,10678,train,77_0083.wav,spk_77_0044,Central,77
train,10679,train,77_0084.wav,spk_77_0044,Central,77
train,10680,train,77_0085.wav,spk_77_0045,Central,77
train,10681,train,77_0086.wav,spk_77_0045,Central,77
train,10682,train,77_0087.wav,spk_77_0046,Central,77
train,10683,train,77_0088.wav,spk_77_0046,Central,77
train,10684,train,77_0089.wav,spk_77_0046,Central,77
train,10685,train,77_0090.wav,spk_77_0046,Central,77
train,10686,train,77_0091.wav,spk_77_0047,Central,77
train,10687,train,77_0092.wav,spk_77_0047,Central,77
train,10688,train,77_0093.wav,spk_77_0047,Central,77
train,10689,train,77_0094.wav,spk_77_0047,Central,77
train,10690,train,77_0095.wav,spk_77_0048,Central,77
train,10691,train,77_0096.wav,spk_77_0048,Central,77
train,10692,train,77_0097.wav,spk_77_0049,Central,77
train,10693,train,77_0098.wav,spk_77_0050,Central,77
train,10694,train,77_0099.wav,spk_77_0050,Central,77
train,10695,train,77_0100.wav,spk_77_0050,Central,77
train,10696,train,77_0101.wav,spk_77_0050,Central,77
train,10697,train,77_0102.wav,spk_77_0051,Central,77
train,10698,train,77_0103.wav,spk_77_0051,Central,77
train,10699,train,77_0104.wav,spk_77_0052,Central,77
train,10700,train,77_0105.wav,spk_77_0052,Central,77
train,10701,train,77_0106.wav,spk_77_0053,Central,77
train,10702,train,77_0107.wav,spk_77_0053,Central,77
train,10703,train,77_0108.wav,spk_77_0054,Central,77
train,10704,train,77_0109.wav,spk_77_0054,Central,77
train,10705,train,77_0110.wav,spk_77_0055,Central,77
train,10706,train,77_0111.wav,spk_77_0055,Central,77
train,10707,train,77_0112.wav,spk_77_0056,Central,77
train,10708,train,77_0113.wav,spk_77_0057,Central,77
train,10709,train,77_0114.wav,spk_77_0057,Central,77
train,10710,train,77_0115.wav,spk_77_0058,Central,77
train,10711,train,77_0116.wav,spk_77_0059,Central,77
train,10712,train,77_0117.wav,spk_77_0059,Central,77
train,10713,train,77_0118.wav,spk_77_0059,Central,77
train,10714,train,77_0119.wav,spk_77_0059,Central,77
train,10715,train,77_0120.wav,spk_77_0059,Central,77
train,10716,train,77_0121.wav,spk_77_0059,Central,77
train,10717,train,77_0122.wav,spk_77_0059,Central,77
train,10718,train,77_0123.wav,spk_77_0060,Central,77
train,10719,train,77_0124.wav,spk_77_0060,Central,77
train,10720,train,77_0125.wav,spk_77_0061,Central,77
train,10721,train,77_0126.wav,spk_77_0062,Central,77
train,10722,train,77_0127.wav,spk_77_0063,Central,77
train,10723,train,77_0128.wav,spk_77_0063,Central,77
train,10724,train,77_0129.wav,spk_77_0064,Central,77
train,10725,train,77_0130.wav,spk_77_0064,Central,77
train,10726,train,77_0131.wav,spk_77_0065,Central,77
train,10727,train,77_0132.wav,spk_77_0066,Central,77
train,10728,train,77_0133.wav,spk_77_0067,Central,77
train,10729,train,77_0134.wav,spk_77_0068,Central,77
train,10730,train,77_0135.wav,spk_77_0069,Central,77
train,10731,train,77_0136.wav,spk_77_0070,Central,77
train,10732,train,77_0137.wav,spk_77_0070,Central,77
train,10733,train,77_0138.wav,spk_77_0071,Central,77
train,10734,train,77_0139.wav,spk_77_0072,Central,77
train,10735,train,77_0140.wav,spk_77_0073,Central,77
train,10736,train,77_0141.wav,spk_77_0074,Central,77
train,10737,train,77_0142.wav,spk_77_0074,Central,77
train,10738,train,77_0143.wav,spk_77_0074,Central,77
train,10739,train,77_0144.wav,spk_77_0075,Central,77
train,10740,train,77_0145.wav,spk_77_0075,Central,77
train,10741,train,77_0146.wav,spk_77_0075,Central,77
train,10742,train,77_0147.wav,spk_77_0075,Central,77
train,10743,train,77_0148.wav,spk_77_0076,Central,77
train,10744,train,77_0149.wav,spk_77_0076,Central,77
train,10745,train,77_0150.wav,spk_77_0077,Central,77
train,10746,train,77_0151.wav,spk_77_0077,Central,77
train,10747,train,77_0152.wav,spk_77_0078,Central,77
train,10748,train,77_0153.wav,spk_77_0078,Central,77
train,10749,train,77_0154.wav,spk_77_0078,Central,77
train,10750,train,77_0155.wav,spk_77_0078,Central,77
train,10751,train,77_0156.wav,spk_77_0079,Central,77
train,10752,train,77_0157.wav,spk_77_0079,Central,77
train,10753,train,77_0158.wav,spk_77_0080,Central,77
train,10754,train,77_0159.wav,spk_77_0081,Central,77
train,10755,train,77_0160.wav,spk_77_0082,Central,77
train,10756,train,77_0161.wav,spk_77_0083,Central,77
train,10757,train,77_0162.wav,spk_77_0084,Central,77
train,10758,train,77_0163.wav,spk_77_0084,Central,77
train,10759,train,77_0164.wav,spk_77_0085,Central,77
train,10760,train,77_0165.wav,spk_77_0085,Central,77
train,10761,train,77_0166.wav,spk_77_0086,Central,77
train,10762,train,77_0167.wav,spk_77_0086,Central,77
train,10763,train,77_0168.wav,spk_77_0087,Central,77
train,10764,train,77_0169.wav,spk_77_0087,Central,77
train,10765,train,77_0170.wav,spk_77_0088,Central,77
train,10766,train,77_0171.wav,spk_77_0089,Central,77
train,10767,train,77_0172.wav,spk_77_0089,Central,77
train,10768,train,77_0173.wav,spk_77_0090,Central,77
train,10769,train,77_0174.wav,spk_77_0091,Central,77
train,10770,train,77_0175.wav,spk_77_0092,Central,77
train,10771,train,77_0176.wav,spk_77_0093,Central,77
train,10772,train,77_0177.wav,spk_77_0094,Central,77
train,10773,train,77_0178.wav,spk_77_0095,Central,77
train,10774,train,77_0179.wav,spk_77_0096,Central,77
train,10775,train,77_0180.wav,spk_77_0097,Central,77
train,10776,train,77_0181.wav,spk_77_0097,Central,77
train,10777,train,77_0182.wav,spk_77_0098,Central,77
train,10778,train,77_0183.wav,spk_77_0099,Central,77
train,10779,train,77_0184.wav,spk_77_0100,Central,77
train,10780,train,77_0185.wav,spk_77_0101,Central,77
train,10781,train,77_0186.wav,spk_77_0102,Central,77
train,10782,train,77_0187.wav,spk_77_0102,Central,77
train,10783,train,77_0188.wav,spk_77_0102,Central,77
train,10784,train,77_0189.wav,spk_77_0103,Central,77
train,10785,train,77_0190.wav,spk_77_0103,Central,77
train,10786,train,77_0191.wav,spk_77_0103,Central,77
train,10787,train,77_0192.wav,spk_77_0104,Central,77
train,10788,train,77_0193.wav,spk_77_0104,Central,77
train,10789,train,77_0194.wav,spk_77_0105,Central,77
train,10790,train,77_0195.wav,spk_77_0105,Central,77
train,10791,train,77_0196.wav,spk_77_0105,Central,77
train,10792,train,77_0197.wav,spk_77_0106,Central,77
train,10793,train,77_0198.wav,spk_77_0107,Central,77
train,10794,train,77_0199.wav,spk_77_0108,Central,77
train,10795,train,77_0200.wav,spk_77_0109,Central,77
train,10796,train,77_0201.wav,spk_77_0110,Central,77
train,10797,train,77_0202.wav,spk_77_0111,Central,77
train,10798,train,77_0203.wav,spk_77_0112,Central,77
train,10799,train,77_0204.wav,spk_77_0113,Central,77
train,10800,train,77_0205.wav,spk_77_0113,Central,77
train,10801,train,77_0206.wav,spk_77_0113,Central,77
train,10802,train,77_0207.wav,spk_77_0114,Central,77
train,10803,train,77_0208.wav,spk_77_0114,Central,77
train,10804,train,77_0209.wav,spk_77_0115,Central,77
train,10805,train,77_0210.wav,spk_77_0115,Central,77
train,10806,train,77_0211.wav,spk_77_0116,Central,77
train,10807,train,77_0212.wav,spk_77_0116,Central,77
train,10808,train,77_0213.wav,spk_77_0117,Central,77
train,10809,train,77_0214.wav,spk_77_0117,Central,77
train,10810,train,77_0215.wav,spk_77_0118,Central,77
train,10811,train,77_0216.wav,spk_77_0119,Central,77
train,10812,train,77_0217.wav,spk_77_0120,Central,77
train,10813,train,77_0218.wav,spk_77_0121,Central,77
train,10814,train,77_0219.wav,spk_77_0122,Central,77
train,10815,train,77_0220.wav,spk_77_0122,Central,77
train,10816,train,77_0221.wav,spk_77_0123,Central,77
train,10817,train,77_0222.wav,spk_77_0124,Central,77
train,10818,train,77_0223.wav,spk_77_0125,Central,77
train,10819,train,77_0224.wav,spk_77_0125,Central,77
train,10820,train,77_0225.wav,spk_77_0126,Central,77
train,10821,train,77_0226.wav,spk_77_0127,Central,77
train,10822,train,77_0227.wav,spk_77_0127,Central,77
train,10823,train,77_0228.wav,spk_77_0128,Central,77
train,10824,train,77_0229.wav,spk_77_0128,Central,77
train,10825,train,77_0230.wav,spk_77_0129,Central,77
train,10826,train,77_0231.wav,spk_77_0130,Central,77
train,10827,train,77_0232.wav,spk_77_0131,Central,77
train,10828,train,77_0240.wav,spk_77_0135,Central,77
train,10829,train,77_0241.wav,spk_77_0136,Central,77
train,10830,train,77_0242.wav,spk_77_0136,Central,77
train,10831,train,77_0254.wav,spk_77_0144,Central,77
train,10832,train,77_0255.wav,spk_77_0144,Central,77
train,10833,train,77_0256.wav,spk_77_0144,Central,77
train,10834,train,77_0257.wav,spk_77_0144,Central,77
train,10835,train,77_0260.wav,spk_77_0146,Central,77
train,10836,train,77_0261.wav,spk_77_0147,Central,77
train,10837,train,78_0001.wav,spk_78_0001,Central,78
train,10838,train,78_0002.wav,spk_78_0002,Central,78
train,10839,train,78_0003.wav,spk_78_0003,Central,78
train,10840,train,78_0004.wav,spk_78_0004,Central,78
train,10841,train,78_0005.wav,spk_78_0004,Central,78
train,10842,train,78_0006.wav,spk_78_0005,Central,78
train,10843,train,78_0007.wav,spk_78_0006,Central,78
train,10844,train,78_0008.wav,spk_78_0007,Central,78
train,10845,train,78_0009.wav,spk_78_0007,Central,78
train,10846,train,78_0010.wav,spk_78_0007,Central,78
train,10847,train,78_0011.wav,spk_78_0008,Central,78
train,10848,train,78_0012.wav,spk_78_0009,Central,78
train,10849,train,78_0013.wav,spk_78_0010,Central,78
train,10850,train,78_0014.wav,spk_78_0010,Central,78
train,10851,train,78_0015.wav,spk_78_0011,Central,78
train,10852,train,78_0016.wav,spk_78_0011,Central,78
train,10853,train,78_0017.wav,spk_78_0011,Central,78
train,10854,train,78_0018.wav,spk_78_0012,Central,78
train,10855,train,78_0019.wav,spk_78_0013,Central,78
train,10856,train,78_0020.wav,spk_78_0013,Central,78
train,10857,train,78_0021.wav,spk_78_0014,Central,78
train,10858,train,78_0022.wav,spk_78_0015,Central,78
train,10859,train,78_0023.wav,spk_78_0015,Central,78
train,10860,train,78_0024.wav,spk_78_0016,Central,78
train,10861,train,78_0025.wav,spk_78_0016,Central,78
train,10862,train,78_0026.wav,spk_78_0017,Central,78
train,10863,train,78_0027.wav,spk_78_0017,Central,78
train,10864,train,78_0028.wav,spk_78_0018,Central,78
train,10865,train,78_0029.wav,spk_78_0019,Central,78
train,10866,train,78_0030.wav,spk_78_0020,Central,78
train,10867,train,78_0031.wav,spk_78_0020,Central,78
train,10868,train,78_0032.wav,spk_78_0021,Central,78
train,10869,train,78_0033.wav,spk_78_0022,Central,78
train,10870,train,78_0034.wav,spk_78_0023,Central,78
train,10871,train,78_0035.wav,spk_78_0024,Central,78
train,10872,train,78_0036.wav,spk_78_0025,Central,78
train,10873,train,78_0037.wav,spk_78_0026,Central,78
train,10874,train,78_0038.wav,spk_78_0027,Central,78
train,10875,train,78_0039.wav,spk_78_0027,Central,78
train,10876,train,78_0040.wav,spk_78_0028,Central,78
train,10877,train,78_0041.wav,spk_78_0028,Central,78
train,10878,train,78_0042.wav,spk_78_0029,Central,78
train,10879,train,78_0043.wav,spk_78_0030,Central,78
train,10880,train,78_0044.wav,spk_78_0031,Central,78
train,10881,train,78_0045.wav,spk_78_0032,Central,78
train,10882,train,78_0046.wav,spk_78_0033,Central,78
train,10883,train,78_0047.wav,spk_78_0034,Central,78
train,10884,train,78_0048.wav,spk_78_0035,Central,78
train,10885,train,78_0049.wav,spk_78_0035,Central,78
train,10886,train,78_0050.wav,spk_78_0036,Central,78
train,10887,train,78_0051.wav,spk_78_0037,Central,78
train,10888,train,78_0052.wav,spk_78_0038,Central,78
train,10889,train,78_0053.wav,spk_78_0039,Central,78
train,10890,train,78_0054.wav,spk_78_0040,Central,78
train,10891,train,78_0055.wav,spk_78_0041,Central,78
train,10892,train,78_0056.wav,spk_78_0041,Central,78
train,10893,train,78_0057.wav,spk_78_0042,Central,78
train,10894,train,78_0058.wav,spk_78_0043,Central,78
train,10895,train,78_0059.wav,spk_78_0044,Central,78
train,10896,train,78_0060.wav,spk_78_0045,Central,78
train,10897,train,78_0061.wav,spk_78_0045,Central,78
train,10898,train,78_0062.wav,spk_78_0046,Central,78
train,10899,train,78_0063.wav,spk_78_0046,Central,78
train,10900,train,78_0064.wav,spk_78_0047,Central,78
train,10901,train,78_0065.wav,spk_78_0048,Central,78
train,10902,train,78_0066.wav,spk_78_0049,Central,78
train,10903,train,78_0067.wav,spk_78_0050,Central,78
train,10904,train,78_0068.wav,spk_78_0051,Central,78
train,10905,train,78_0069.wav,spk_78_0052,Central,78
train,10906,train,78_0070.wav,spk_78_0052,Central,78
train,10907,train,78_0071.wav,spk_78_0053,Central,78
train,10908,train,78_0072.wav,spk_78_0054,Central,78
train,10909,train,78_0073.wav,spk_78_0055,Central,78
train,10910,train,78_0074.wav,spk_78_0056,Central,78
train,10911,train,78_0075.wav,spk_78_0057,Central,78
train,10912,train,78_0076.wav,spk_78_0058,Central,78
train,10913,train,78_0077.wav,spk_78_0059,Central,78
train,10914,train,78_0078.wav,spk_78_0060,Central,78
train,10915,train,78_0079.wav,spk_78_0061,Central,78
train,10916,train,78_0080.wav,spk_78_0062,Central,78
train,10917,train,78_0081.wav,spk_78_0063,Central,78
train,10918,train,78_0082.wav,spk_78_0064,Central,78
train,10919,train,78_0083.wav,spk_78_0065,Central,78
train,10920,train,78_0084.wav,spk_78_0066,Central,78
train,10921,train,78_0085.wav,spk_78_0067,Central,78
train,10922,train,78_0086.wav,spk_78_0068,Central,78
train,10923,train,78_0087.wav,spk_78_0069,Central,78
train,10924,train,78_0088.wav,spk_78_0069,Central,78
train,10925,train,78_0089.wav,spk_78_0070,Central,78
train,10926,train,78_0090.wav,spk_78_0070,Central,78
train,10927,train,78_0091.wav,spk_78_0071,Central,78
train,10928,train,78_0092.wav,spk_78_0072,Central,78
train,10929,train,78_0093.wav,spk_78_0073,Central,78
train,10930,train,78_0094.wav,spk_78_0074,Central,78
train,10931,train,78_0095.wav,spk_78_0075,Central,78
train,10932,train,78_0096.wav,spk_78_0075,Central,78
train,10933,train,78_0097.wav,spk_78_0076,Central,78
train,10934,train,78_0098.wav,spk_78_0076,Central,78
train,10935,train,78_0099.wav,spk_78_0077,Central,78
train,10936,train,78_0100.wav,spk_78_0078,Central,78
train,10937,train,78_0101.wav,spk_78_0079,Central,78
train,10938,train,78_0102.wav,spk_78_0079,Central,78
train,10939,train,78_0103.wav,spk_78_0080,Central,78
train,10940,train,78_0104.wav,spk_78_0081,Central,78
train,10941,train,78_0105.wav,spk_78_0082,Central,78
train,10942,train,78_0106.wav,spk_78_0082,Central,78
train,10943,train,78_0107.wav,spk_78_0083,Central,78
train,10944,train,78_0108.wav,spk_78_0084,Central,78
train,10945,train,78_0109.wav,spk_78_0085,Central,78
train,10946,train,78_0110.wav,spk_78_0086,Central,78
train,10947,train,78_0111.wav,spk_78_0087,Central,78
train,10948,train,78_0112.wav,spk_78_0087,Central,78
train,10949,train,78_0113.wav,spk_78_0088,Central,78
train,10950,train,78_0114.wav,spk_78_0088,Central,78
train,10951,train,78_0115.wav,spk_78_0089,Central,78
train,10952,train,78_0116.wav,spk_78_0090,Central,78
train,10953,train,78_0117.wav,spk_78_0091,Central,78
train,10954,train,78_0118.wav,spk_78_0091,Central,78
train,10955,train,78_0119.wav,spk_78_0092,Central,78
train,10956,train,78_0120.wav,spk_78_0093,Central,78
train,10957,train,78_0121.wav,spk_78_0094,Central,78
train,10958,train,78_0122.wav,spk_78_0095,Central,78
train,10959,train,78_0123.wav,spk_78_0095,Central,78
train,10960,train,78_0124.wav,spk_78_0096,Central,78
train,10961,train,78_0125.wav,spk_78_0097,Central,78
train,10962,train,78_0126.wav,spk_78_0097,Central,78
train,10963,train,78_0127.wav,spk_78_0098,Central,78
train,10964,train,78_0128.wav,spk_78_0099,Central,78
train,10965,train,78_0129.wav,spk_78_0100,Central,78
train,10966,train,78_0130.wav,spk_78_0101,Central,78
train,10967,train,78_0131.wav,spk_78_0101,Central,78
train,10968,train,78_0132.wav,spk_78_0102,Central,78
train,10969,train,78_0133.wav,spk_78_0102,Central,78
train,10970,train,78_0134.wav,spk_78_0103,Central,78
train,10971,train,78_0135.wav,spk_78_0104,Central,78
train,10972,train,78_0136.wav,spk_78_0105,Central,78
train,10973,train,78_0137.wav,spk_78_0106,Central,78
train,10974,train,78_0138.wav,spk_78_0107,Central,78
train,10975,train,78_0139.wav,spk_78_0108,Central,78
train,10976,train,78_0140.wav,spk_78_0109,Central,78
train,10977,train,78_0141.wav,spk_78_0109,Central,78
train,10978,train,78_0142.wav,spk_78_0110,Central,78
train,10979,train,78_0143.wav,spk_78_0110,Central,78
train,10980,train,78_0144.wav,spk_78_0111,Central,78
train,10981,train,78_0145.wav,spk_78_0111,Central,78
train,10982,train,78_0146.wav,spk_78_0112,Central,78
train,10983,train,78_0147.wav,spk_78_0113,Central,78
train,10984,train,78_0148.wav,spk_78_0114,Central,78
train,10985,train,78_0149.wav,spk_78_0115,Central,78
train,10986,train,78_0150.wav,spk_78_0116,Central,78
train,10987,train,78_0151.wav,spk_78_0116,Central,78
train,10988,train,78_0152.wav,spk_78_0117,Central,78
train,10989,train,78_0153.wav,spk_78_0117,Central,78
train,10990,train,78_0154.wav,spk_78_0118,Central,78
train,10991,train,78_0155.wav,spk_78_0119,Central,78
train,10992,train,78_0156.wav,spk_78_0119,Central,78
train,10993,train,78_0157.wav,spk_78_0120,Central,78
train,10994,train,78_0158.wav,spk_78_0121,Central,78
train,10995,train,78_0159.wav,spk_78_0121,Central,78
train,10996,train,78_0160.wav,spk_78_0122,Central,78
train,10997,train,78_0161.wav,spk_78_0122,Central,78
train,10998,train,78_0162.wav,spk_78_0123,Central,78
train,10999,train,78_0163.wav,spk_78_0124,Central,78
train,11000,train,78_0164.wav,spk_78_0124,Central,78
train,11001,train,78_0165.wav,spk_78_0124,Central,78
train,11002,train,78_0166.wav,spk_78_0125,Central,78
train,11003,train,78_0167.wav,spk_78_0126,Central,78
train,11004,train,78_0168.wav,spk_78_0127,Central,78
train,11005,train,78_0169.wav,spk_78_0128,Central,78
train,11006,train,78_0170.wav,spk_78_0129,Central,78
train,11007,train,78_0171.wav,spk_78_0130,Central,78
train,11008,train,78_0172.wav,spk_78_0131,Central,78
train,11009,train,78_0173.wav,spk_78_0132,Central,78
train,11010,train,78_0174.wav,spk_78_0133,Central,78
train,11011,train,78_0175.wav,spk_78_0133,Central,78
train,11012,train,78_0176.wav,spk_78_0134,Central,78
train,11013,train,78_0177.wav,spk_78_0134,Central,78
train,11014,train,78_0178.wav,spk_78_0135,Central,78
train,11015,train,78_0179.wav,spk_78_0136,Central,78
train,11016,train,78_0180.wav,spk_78_0137,Central,78
train,11017,train,78_0181.wav,spk_78_0138,Central,78
train,11018,train,78_0182.wav,spk_78_0139,Central,78
train,11019,train,78_0183.wav,spk_78_0140,Central,78
train,11020,train,78_0184.wav,spk_78_0141,Central,78
train,11021,train,78_0185.wav,spk_78_0142,Central,78
train,11022,train,78_0186.wav,spk_78_0143,Central,78
train,11023,train,78_0187.wav,spk_78_0144,Central,78
train,11024,train,78_0188.wav,spk_78_0145,Central,78
train,11025,train,78_0189.wav,spk_78_0146,Central,78
train,11026,train,78_0190.wav,spk_78_0147,Central,78
train,11027,train,78_0191.wav,spk_78_0148,Central,78
train,11028,train,78_0192.wav,spk_78_0149,Central,78
train,11029,train,78_0193.wav,spk_78_0150,Central,78
train,11030,train,78_0194.wav,spk_78_0151,Central,78
train,11031,train,78_0195.wav,spk_78_0152,Central,78
train,11032,train,78_0196.wav,spk_78_0152,Central,78
train,11033,train,78_0197.wav,spk_78_0153,Central,78
train,11034,train,78_0198.wav,spk_78_0153,Central,78
train,11035,train,78_0199.wav,spk_78_0154,Central,78
train,11036,train,78_0200.wav,spk_78_0155,Central,78
train,11037,train,78_0201.wav,spk_78_0156,Central,78
train,11038,train,78_0202.wav,spk_78_0157,Central,78
train,11039,train,78_0203.wav,spk_78_0158,Central,78
train,11040,train,78_0204.wav,spk_78_0159,Central,78
train,11041,train,78_0205.wav,spk_78_0160,Central,78
train,11042,train,78_0206.wav,spk_78_0161,Central,78
train,11043,train,78_0207.wav,spk_78_0162,Central,78
train,11044,train,78_0208.wav,spk_78_0163,Central,78
train,11045,train,78_0209.wav,spk_78_0164,Central,78
train,11046,train,78_0210.wav,spk_78_0164,Central,78
train,11047,train,78_0211.wav,spk_78_0165,Central,78
train,11048,train,78_0212.wav,spk_78_0166,Central,78
train,11049,train,78_0213.wav,spk_78_0167,Central,78
train,11050,train,78_0214.wav,spk_78_0167,Central,78
train,11051,train,78_0215.wav,spk_78_0168,Central,78
train,11052,train,78_0216.wav,spk_78_0169,Central,78
train,11053,train,78_0217.wav,spk_78_0170,Central,78
train,11054,train,78_0218.wav,spk_78_0171,Central,78
train,11055,train,78_0219.wav,spk_78_0172,Central,78
train,11056,train,78_0220.wav,spk_78_0173,Central,78
train,11057,train,78_0221.wav,spk_78_0174,Central,78
train,11058,train,78_0222.wav,spk_78_0175,Central,78
train,11059,train,78_0223.wav,spk_78_0176,Central,78
train,11060,train,78_0224.wav,spk_78_0177,Central,78
train,11061,train,78_0225.wav,spk_78_0178,Central,78
train,11062,train,78_0226.wav,spk_78_0179,Central,78
train,11063,train,78_0227.wav,spk_78_0179,Central,78
train,11064,train,78_0228.wav,spk_78_0180,Central,78
train,11065,train,78_0229.wav,spk_78_0181,Central,78
train,11066,train,78_0230.wav,spk_78_0182,Central,78
train,11067,train,78_0231.wav,spk_78_0183,Central,78
train,11068,train,78_0232.wav,spk_78_0184,Central,78
train,11069,train,78_0233.wav,spk_78_0185,Central,78
train,11070,train,78_0234.wav,spk_78_0186,Central,78
train,11071,train,78_0238.wav,spk_78_0190,Central,78
train,11072,train,78_0239.wav,spk_78_0191,Central,78
train,11073,train,78_0240.wav,spk_78_0192,Central,78
train,11074,train,78_0241.wav,spk_78_0193,Central,78
train,11075,train,78_0242.wav,spk_78_0194,Central,78
train,11076,train,78_0243.wav,spk_78_0195,Central,78
train,11077,train,78_0245.wav,spk_78_0197,Central,78
train,11078,train,78_0246.wav,spk_78_0198,Central,78
train,11079,train,79_0001.wav,spk_79_0001,Central,79
train,11080,train,79_0002.wav,spk_79_0002,Central,79
train,11081,train,79_0003.wav,spk_79_0003,Central,79
train,11082,train,79_0004.wav,spk_79_0003,Central,79
train,11083,train,79_0005.wav,spk_79_0004,Central,79
train,11084,train,79_0006.wav,spk_79_0005,Central,79
train,11085,train,79_0007.wav,spk_79_0006,Central,79
train,11086,train,79_0008.wav,spk_79_0006,Central,79
train,11087,train,79_0009.wav,spk_79_0007,Central,79
train,11088,train,79_0010.wav,spk_79_0007,Central,79
train,11089,train,79_0011.wav,spk_79_0008,Central,79
train,11090,train,79_0012.wav,spk_79_0008,Central,79
train,11091,train,79_0013.wav,spk_79_0009,Central,79
train,11092,train,79_0014.wav,spk_79_0010,Central,79
train,11093,train,79_0015.wav,spk_79_0010,Central,79
train,11094,train,79_0016.wav,spk_79_0011,Central,79
train,11095,train,79_0017.wav,spk_79_0011,Central,79
train,11096,train,79_0018.wav,spk_79_0012,Central,79
train,11097,train,79_0019.wav,spk_79_0012,Central,79
train,11098,train,79_0020.wav,spk_79_0013,Central,79
train,11099,train,79_0021.wav,spk_79_0013,Central,79
train,11100,train,79_0022.wav,spk_79_0014,Central,79
train,11101,train,79_0023.wav,spk_79_0015,Central,79
train,11102,train,79_0024.wav,spk_79_0016,Central,79
train,11103,train,79_0025.wav,spk_79_0017,Central,79
train,11104,train,79_0026.wav,spk_79_0018,Central,79
train,11105,train,79_0027.wav,spk_79_0018,Central,79
train,11106,train,79_0028.wav,spk_79_0019,Central,79
train,11107,train,79_0029.wav,spk_79_0020,Central,79
train,11108,train,79_0030.wav,spk_79_0020,Central,79
train,11109,train,79_0031.wav,spk_79_0021,Central,79
train,11110,train,79_0032.wav,spk_79_0021,Central,79
train,11111,train,79_0033.wav,spk_79_0022,Central,79
train,11112,train,79_0034.wav,spk_79_0022,Central,79
train,11113,train,79_0035.wav,spk_79_0023,Central,79
train,11114,train,79_0036.wav,spk_79_0024,Central,79
train,11115,train,79_0037.wav,spk_79_0024,Central,79
train,11116,train,79_0038.wav,spk_79_0025,Central,79
train,11117,train,79_0039.wav,spk_79_0026,Central,79
train,11118,train,79_0040.wav,spk_79_0026,Central,79
train,11119,train,79_0041.wav,spk_79_0027,Central,79
train,11120,train,79_0042.wav,spk_79_0028,Central,79
train,11121,train,79_0043.wav,spk_79_0029,Central,79
train,11122,train,79_0044.wav,spk_79_0029,Central,79
train,11123,train,79_0045.wav,spk_79_0030,Central,79
train,11124,train,79_0046.wav,spk_79_0031,Central,79
train,11125,train,79_0047.wav,spk_79_0031,Central,79
train,11126,train,79_0048.wav,spk_79_0032,Central,79
train,11127,train,79_0049.wav,spk_79_0032,Central,79
train,11128,train,79_0050.wav,spk_79_0033,Central,79
train,11129,train,79_0051.wav,spk_79_0033,Central,79
train,11130,train,79_0052.wav,spk_79_0034,Central,79
train,11131,train,79_0053.wav,spk_79_0034,Central,79
train,11132,train,79_0054.wav,spk_79_0035,Central,79
train,11133,train,79_0055.wav,spk_79_0035,Central,79
train,11134,train,79_0056.wav,spk_79_0035,Central,79
train,11135,train,79_0057.wav,spk_79_0035,Central,79
train,11136,train,79_0058.wav,spk_79_0036,Central,79
train,11137,train,79_0059.wav,spk_79_0036,Central,79
train,11138,train,79_0060.wav,spk_79_0037,Central,79
train,11139,train,79_0061.wav,spk_79_0038,Central,79
train,11140,train,79_0062.wav,spk_79_0038,Central,79
train,11141,train,79_0063.wav,spk_79_0039,Central,79
train,11142,train,79_0064.wav,spk_79_0039,Central,79
train,11143,train,79_0065.wav,spk_79_0040,Central,79
train,11144,train,79_0066.wav,spk_79_0040,Central,79
train,11145,train,79_0067.wav,spk_79_0041,Central,79
train,11146,train,79_0068.wav,spk_79_0041,Central,79
train,11147,train,79_0069.wav,spk_79_0042,Central,79
train,11148,train,79_0070.wav,spk_79_0042,Central,79
train,11149,train,79_0071.wav,spk_79_0043,Central,79
train,11150,train,79_0072.wav,spk_79_0044,Central,79
train,11151,train,79_0073.wav,spk_79_0045,Central,79
train,11152,train,79_0074.wav,spk_79_0045,Central,79
train,11153,train,79_0075.wav,spk_79_0046,Central,79
train,11154,train,79_0076.wav,spk_79_0046,Central,79
train,11155,train,79_0077.wav,spk_79_0047,Central,79
train,11156,train,79_0078.wav,spk_79_0048,Central,79
train,11157,train,79_0079.wav,spk_79_0048,Central,79
train,11158,train,79_0080.wav,spk_79_0049,Central,79
train,11159,train,79_0081.wav,spk_79_0050,Central,79
train,11160,train,79_0082.wav,spk_79_0051,Central,79
train,11161,train,79_0083.wav,spk_79_0052,Central,79
train,11162,train,79_0084.wav,spk_79_0052,Central,79
train,11163,train,79_0085.wav,spk_79_0052,Central,79
train,11164,train,79_0086.wav,spk_79_0053,Central,79
train,11165,train,79_0087.wav,spk_79_0053,Central,79
train,11166,train,79_0088.wav,spk_79_0054,Central,79
train,11167,train,79_0089.wav,spk_79_0054,Central,79
train,11168,train,79_0090.wav,spk_79_0054,Central,79
train,11169,train,79_0091.wav,spk_79_0055,Central,79
train,11170,train,79_0092.wav,spk_79_0056,Central,79
train,11171,train,79_0093.wav,spk_79_0056,Central,79
train,11172,train,79_0094.wav,spk_79_0057,Central,79
train,11173,train,79_0095.wav,spk_79_0058,Central,79
train,11174,train,79_0096.wav,spk_79_0058,Central,79
train,11175,train,79_0097.wav,spk_79_0059,Central,79
train,11176,train,79_0098.wav,spk_79_0060,Central,79
train,11177,train,79_0099.wav,spk_79_0061,Central,79
train,11178,train,79_0100.wav,spk_79_0062,Central,79
train,11179,train,79_0101.wav,spk_79_0063,Central,79
train,11180,train,79_0102.wav,spk_79_0064,Central,79
train,11181,train,79_0103.wav,spk_79_0064,Central,79
train,11182,train,79_0104.wav,spk_79_0065,Central,79
train,11183,train,79_0105.wav,spk_79_0066,Central,79
train,11184,train,79_0106.wav,spk_79_0066,Central,79
train,11185,train,79_0107.wav,spk_79_0067,Central,79
train,11186,train,79_0108.wav,spk_79_0067,Central,79
train,11187,train,79_0109.wav,spk_79_0068,Central,79
train,11188,train,79_0110.wav,spk_79_0069,Central,79
train,11189,train,79_0111.wav,spk_79_0069,Central,79
train,11190,train,79_0112.wav,spk_79_0069,Central,79
train,11191,train,79_0113.wav,spk_79_0069,Central,79
train,11192,train,79_0114.wav,spk_79_0070,Central,79
train,11193,train,79_0115.wav,spk_79_0071,Central,79
train,11194,train,79_0116.wav,spk_79_0072,Central,79
train,11195,train,79_0117.wav,spk_79_0073,Central,79
train,11196,train,79_0118.wav,spk_79_0074,Central,79
train,11197,train,79_0119.wav,spk_79_0074,Central,79
train,11198,train,79_0120.wav,spk_79_0075,Central,79
train,11199,train,79_0121.wav,spk_79_0076,Central,79
train,11200,train,79_0122.wav,spk_79_0076,Central,79
train,11201,train,79_0123.wav,spk_79_0077,Central,79
train,11202,train,79_0124.wav,spk_79_0078,Central,79
train,11203,train,79_0125.wav,spk_79_0078,Central,79
train,11204,train,79_0126.wav,spk_79_0079,Central,79
train,11205,train,79_0127.wav,spk_79_0079,Central,79
train,11206,train,79_0128.wav,spk_79_0080,Central,79
train,11207,train,79_0129.wav,spk_79_0080,Central,79
train,11208,train,79_0130.wav,spk_79_0081,Central,79
train,11209,train,79_0131.wav,spk_79_0081,Central,79
train,11210,train,79_0132.wav,spk_79_0082,Central,79
train,11211,train,79_0133.wav,spk_79_0082,Central,79
train,11212,train,79_0134.wav,spk_79_0083,Central,79
train,11213,train,79_0135.wav,spk_79_0084,Central,79
train,11214,train,79_0136.wav,spk_79_0085,Central,79
train,11215,train,79_0137.wav,spk_79_0086,Central,79
train,11216,train,79_0138.wav,spk_79_0087,Central,79
train,11217,train,79_0139.wav,spk_79_0087,Central,79
train,11218,train,79_0140.wav,spk_79_0088,Central,79
train,11219,train,79_0141.wav,spk_79_0088,Central,79
train,11220,train,79_0142.wav,spk_79_0089,Central,79
train,11221,train,79_0143.wav,spk_79_0089,Central,79
train,11222,train,79_0144.wav,spk_79_0090,Central,79
train,11223,train,79_0145.wav,spk_79_0091,Central,79
train,11224,train,79_0146.wav,spk_79_0092,Central,79
train,11225,train,79_0147.wav,spk_79_0092,Central,79
train,11226,train,79_0148.wav,spk_79_0093,Central,79
train,11227,train,79_0149.wav,spk_79_0093,Central,79
train,11228,train,79_0150.wav,spk_79_0094,Central,79
train,11229,train,79_0151.wav,spk_79_0094,Central,79
train,11230,train,79_0152.wav,spk_79_0095,Central,79
train,11231,train,79_0153.wav,spk_79_0096,Central,79
train,11232,train,79_0154.wav,spk_79_0096,Central,79
train,11233,train,79_0155.wav,spk_79_0097,Central,79
train,11234,train,79_0156.wav,spk_79_0097,Central,79
train,11235,train,79_0157.wav,spk_79_0098,Central,79
train,11236,train,79_0158.wav,spk_79_0098,Central,79
train,11237,train,79_0159.wav,spk_79_0098,Central,79
train,11238,train,79_0160.wav,spk_79_0099,Central,79
train,11239,train,79_0161.wav,spk_79_0100,Central,79
train,11240,train,79_0162.wav,spk_79_0100,Central,79
train,11241,train,79_0163.wav,spk_79_0101,Central,79
train,11242,train,79_0164.wav,spk_79_0102,Central,79
train,11243,train,79_0165.wav,spk_79_0103,Central,79
train,11244,train,79_0166.wav,spk_79_0104,Central,79
train,11245,train,79_0167.wav,spk_79_0105,Central,79
train,11246,train,79_0168.wav,spk_79_0106,Central,79
train,11247,train,79_0169.wav,spk_79_0107,Central,79
train,11248,train,79_0170.wav,spk_79_0107,Central,79
train,11249,train,79_0171.wav,spk_79_0108,Central,79
train,11250,train,79_0172.wav,spk_79_0109,Central,79
train,11251,train,79_0173.wav,spk_79_0110,Central,79
train,11252,train,79_0174.wav,spk_79_0111,Central,79
train,11253,train,79_0175.wav,spk_79_0112,Central,79
train,11254,train,79_0178.wav,spk_79_0114,Central,79
train,11255,train,79_0179.wav,spk_79_0115,Central,79
train,11256,train,79_0180.wav,spk_79_0115,Central,79
train,11257,train,79_0182.wav,spk_79_0117,Central,79
train,11258,train,79_0183.wav,spk_79_0117,Central,79
train,11259,train,79_0184.wav,spk_79_0118,Central,79
train,11260,train,79_0185.wav,spk_79_0118,Central,79
train,11261,train,79_0186.wav,spk_79_0119,Central,79
train,11262,train,79_0187.wav,spk_79_0120,Central,79
train,11263,train,79_0188.wav,spk_79_0120,Central,79
train,11264,train,79_0189.wav,spk_79_0121,Central,79
train,11265,train,79_0190.wav,spk_79_0122,Central,79
train,11266,train,79_0191.wav,spk_79_0122,Central,79
train,11267,train,79_0193.wav,spk_79_0124,Central,79
train,11268,train,79_0194.wav,spk_79_0125,Central,79
train,11269,train,79_0195.wav,spk_79_0126,Central,79
train,11270,train,79_0196.wav,spk_79_0127,Central,79
train,11271,train,79_0197.wav,spk_79_0128,Central,79
train,11272,train,79_0200.wav,spk_79_0131,Central,79
train,11273,train,79_0201.wav,spk_79_0131,Central,79
train,11274,train,79_0202.wav,spk_79_0132,Central,79
train,11275,train,79_0203.wav,spk_79_0132,Central,79
train,11276,train,79_0204.wav,spk_79_0133,Central,79
train,11277,train,79_0205.wav,spk_79_0133,Central,79
train,11278,train,79_0206.wav,spk_79_0134,Central,79
train,11279,train,79_0207.wav,spk_79_0134,Central,79
train,11280,train,79_0208.wav,spk_79_0135,Central,79
train,11281,train,79_0209.wav,spk_79_0135,Central,79
train,11282,train,79_0210.wav,spk_79_0136,Central,79
train,11283,train,79_0211.wav,spk_79_0136,Central,79
train,11284,train,79_0212.wav,spk_79_0137,Central,79
train,11285,train,79_0213.wav,spk_79_0137,Central,79
train,11286,train,79_0214.wav,spk_79_0138,Central,79
train,11287,train,79_0217.wav,spk_79_0140,Central,79
train,11288,train,79_0218.wav,spk_79_0140,Central,79
train,11289,train,79_0220.wav,spk_79_0142,Central,79
train,11290,train,79_0221.wav,spk_79_0142,Central,79
train,11291,train,79_0222.wav,spk_79_0143,Central,79
train,11292,train,79_0223.wav,spk_79_0144,Central,79
train,11293,train,79_0224.wav,spk_79_0144,Central,79
train,11294,train,79_0225.wav,spk_79_0145,Central,79
train,11295,train,79_0226.wav,spk_79_0145,Central,79
train,11296,train,79_0227.wav,spk_79_0146,Central,79
train,11297,train,79_0228.wav,spk_79_0146,Central,79
train,11298,train,79_0230.wav,spk_79_0148,Central,79
train,11299,train,79_0231.wav,spk_79_0148,Central,79
train,11300,train,79_0232.wav,spk_79_0149,Central,79
train,11301,train,79_0233.wav,spk_79_0149,Central,79
train,11302,train,79_0234.wav,spk_79_0150,Central,79
train,11303,train,79_0235.wav,spk_79_0151,Central,79
train,11304,train,81_0001.wav,spk_81_0001,Central,81
train,11305,train,81_0002.wav,spk_81_0002,Central,81
train,11306,train,81_0003.wav,spk_81_0003,Central,81
train,11307,train,81_0004.wav,spk_81_0004,Central,81
train,11308,train,81_0005.wav,spk_81_0005,Central,81
train,11309,train,81_0006.wav,spk_81_0006,Central,81
train,11310,train,81_0007.wav,spk_81_0007,Central,81
train,11311,train,81_0008.wav,spk_81_0008,Central,81
train,11312,train,81_0009.wav,spk_81_0008,Central,81
train,11313,train,81_0010.wav,spk_81_0009,Central,81
train,11314,train,81_0011.wav,spk_81_0010,Central,81
train,11315,train,81_0012.wav,spk_81_0011,Central,81
train,11316,train,81_0013.wav,spk_81_0012,Central,81
train,11317,train,81_0014.wav,spk_81_0013,Central,81
train,11318,train,81_0015.wav,spk_81_0013,Central,81
train,11319,train,81_0016.wav,spk_81_0014,Central,81
train,11320,train,81_0017.wav,spk_81_0015,Central,81
train,11321,train,81_0018.wav,spk_81_0016,Central,81
train,11322,train,81_0019.wav,spk_81_0017,Central,81
train,11323,train,81_0020.wav,spk_81_0018,Central,81
train,11324,train,81_0021.wav,spk_81_0019,Central,81
train,11325,train,81_0022.wav,spk_81_0019,Central,81
train,11326,train,81_0023.wav,spk_81_0020,Central,81
train,11327,train,81_0024.wav,spk_81_0021,Central,81
train,11328,train,81_0025.wav,spk_81_0021,Central,81
train,11329,train,81_0026.wav,spk_81_0022,Central,81
train,11330,train,81_0027.wav,spk_81_0023,Central,81
train,11331,train,81_0028.wav,spk_81_0024,Central,81
train,11332,train,81_0029.wav,spk_81_0025,Central,81
train,11333,train,81_0030.wav,spk_81_0026,Central,81
train,11334,train,81_0031.wav,spk_81_0027,Central,81
train,11335,train,81_0032.wav,spk_81_0028,Central,81
train,11336,train,81_0033.wav,spk_81_0029,Central,81
train,11337,train,81_0034.wav,spk_81_0030,Central,81
train,11338,train,81_0035.wav,spk_81_0031,Central,81
train,11339,train,81_0036.wav,spk_81_0032,Central,81
train,11340,train,81_0037.wav,spk_81_0033,Central,81
train,11341,train,81_0038.wav,spk_81_0034,Central,81
train,11342,train,81_0039.wav,spk_81_0035,Central,81
train,11343,train,81_0040.wav,spk_81_0036,Central,81
train,11344,train,81_0041.wav,spk_81_0037,Central,81
train,11345,train,81_0042.wav,spk_81_0038,Central,81
train,11346,train,81_0043.wav,spk_81_0039,Central,81
train,11347,train,81_0044.wav,spk_81_0039,Central,81
train,11348,train,81_0045.wav,spk_81_0040,Central,81
train,11349,train,81_0046.wav,spk_81_0041,Central,81
train,11350,train,81_0047.wav,spk_81_0041,Central,81
train,11351,train,81_0048.wav,spk_81_0042,Central,81
train,11352,train,81_0049.wav,spk_81_0043,Central,81
train,11353,train,81_0050.wav,spk_81_0044,Central,81
train,11354,train,81_0051.wav,spk_81_0045,Central,81
train,11355,train,81_0052.wav,spk_81_0046,Central,81
train,11356,train,81_0053.wav,spk_81_0047,Central,81
train,11357,train,81_0054.wav,spk_81_0048,Central,81
train,11358,train,81_0055.wav,spk_81_0048,Central,81
train,11359,train,81_0056.wav,spk_81_0049,Central,81
train,11360,train,81_0057.wav,spk_81_0050,Central,81
train,11361,train,81_0058.wav,spk_81_0050,Central,81
train,11362,train,81_0059.wav,spk_81_0051,Central,81
train,11363,train,81_0060.wav,spk_81_0052,Central,81
train,11364,train,81_0061.wav,spk_81_0053,Central,81
train,11365,train,81_0062.wav,spk_81_0054,Central,81
train,11366,train,81_0063.wav,spk_81_0055,Central,81
train,11367,train,81_0064.wav,spk_81_0056,Central,81
train,11368,train,81_0065.wav,spk_81_0057,Central,81
train,11369,train,81_0066.wav,spk_81_0058,Central,81
train,11370,train,81_0067.wav,spk_81_0059,Central,81
train,11371,train,81_0068.wav,spk_81_0060,Central,81
train,11372,train,81_0069.wav,spk_81_0061,Central,81
train,11373,train,81_0070.wav,spk_81_0062,Central,81
train,11374,train,81_0071.wav,spk_81_0063,Central,81
train,11375,train,81_0072.wav,spk_81_0063,Central,81
train,11376,train,81_0073.wav,spk_81_0064,Central,81
train,11377,train,81_0074.wav,spk_81_0064,Central,81
train,11378,train,81_0075.wav,spk_81_0065,Central,81
train,11379,train,81_0076.wav,spk_81_0066,Central,81
train,11380,train,81_0077.wav,spk_81_0067,Central,81
train,11381,train,81_0078.wav,spk_81_0068,Central,81
train,11382,train,81_0079.wav,spk_81_0069,Central,81
train,11383,train,81_0080.wav,spk_81_0070,Central,81
train,11384,train,81_0081.wav,spk_81_0071,Central,81
train,11385,train,81_0082.wav,spk_81_0071,Central,81
train,11386,train,81_0083.wav,spk_81_0072,Central,81
train,11387,train,81_0084.wav,spk_81_0072,Central,81
train,11388,train,81_0085.wav,spk_81_0073,Central,81
train,11389,train,81_0086.wav,spk_81_0074,Central,81
train,11390,train,81_0087.wav,spk_81_0075,Central,81
train,11391,train,81_0088.wav,spk_81_0076,Central,81
train,11392,train,81_0089.wav,spk_81_0076,Central,81
train,11393,train,81_0090.wav,spk_81_0077,Central,81
train,11394,train,81_0091.wav,spk_81_0078,Central,81
train,11395,train,81_0092.wav,spk_81_0079,Central,81
train,11396,train,81_0093.wav,spk_81_0080,Central,81
train,11397,train,81_0094.wav,spk_81_0081,Central,81
train,11398,train,81_0095.wav,spk_81_0081,Central,81
train,11399,train,81_0096.wav,spk_81_0082,Central,81
train,11400,train,81_0097.wav,spk_81_0083,Central,81
train,11401,train,81_0098.wav,spk_81_0084,Central,81
train,11402,train,81_0099.wav,spk_81_0085,Central,81
train,11403,train,81_0100.wav,spk_81_0085,Central,81
train,11404,train,81_0101.wav,spk_81_0086,Central,81
train,11405,train,81_0102.wav,spk_81_0087,Central,81
train,11406,train,81_0103.wav,spk_81_0087,Central,81
train,11407,train,81_0104.wav,spk_81_0088,Central,81
train,11408,train,81_0105.wav,spk_81_0089,Central,81
train,11409,train,81_0106.wav,spk_81_0090,Central,81
train,11410,train,81_0107.wav,spk_81_0091,Central,81
train,11411,train,81_0108.wav,spk_81_0092,Central,81
train,11412,train,81_0109.wav,spk_81_0093,Central,81
train,11413,train,81_0110.wav,spk_81_0094,Central,81
train,11414,train,81_0111.wav,spk_81_0095,Central,81
train,11415,train,81_0112.wav,spk_81_0096,Central,81
train,11416,train,81_0113.wav,spk_81_0097,Central,81
train,11417,train,81_0114.wav,spk_81_0098,Central,81
train,11418,train,81_0115.wav,spk_81_0099,Central,81
train,11419,train,81_0116.wav,spk_81_0100,Central,81
train,11420,train,81_0117.wav,spk_81_0101,Central,81
train,11421,train,81_0118.wav,spk_81_0101,Central,81
train,11422,train,81_0119.wav,spk_81_0102,Central,81
train,11423,train,81_0120.wav,spk_81_0103,Central,81
train,11424,train,81_0121.wav,spk_81_0104,Central,81
train,11425,train,81_0122.wav,spk_81_0105,Central,81
train,11426,train,81_0123.wav,spk_81_0106,Central,81
train,11427,train,81_0124.wav,spk_81_0106,Central,81
train,11428,train,81_0125.wav,spk_81_0107,Central,81
train,11429,train,81_0126.wav,spk_81_0108,Central,81
train,11430,train,81_0127.wav,spk_81_0109,Central,81
train,11431,train,81_0128.wav,spk_81_0110,Central,81
train,11432,train,81_0129.wav,spk_81_0110,Central,81
train,11433,train,81_0130.wav,spk_81_0111,Central,81
train,11434,train,81_0131.wav,spk_81_0111,Central,81
train,11435,train,81_0132.wav,spk_81_0111,Central,81
train,11436,train,81_0133.wav,spk_81_0112,Central,81
train,11437,train,81_0134.wav,spk_81_0113,Central,81
train,11438,train,81_0135.wav,spk_81_0114,Central,81
train,11439,train,81_0136.wav,spk_81_0115,Central,81
train,11440,train,81_0137.wav,spk_81_0116,Central,81
train,11441,train,81_0138.wav,spk_81_0117,Central,81
train,11442,train,81_0139.wav,spk_81_0117,Central,81
train,11443,train,81_0140.wav,spk_81_0118,Central,81
train,11444,train,81_0141.wav,spk_81_0119,Central,81
train,11445,train,81_0142.wav,spk_81_0120,Central,81
train,11446,train,81_0143.wav,spk_81_0121,Central,81
train,11447,train,81_0144.wav,spk_81_0122,Central,81
train,11448,train,81_0145.wav,spk_81_0123,Central,81
train,11449,train,81_0146.wav,spk_81_0124,Central,81
train,11450,train,81_0147.wav,spk_81_0125,Central,81
train,11451,train,81_0148.wav,spk_81_0126,Central,81
train,11452,train,81_0149.wav,spk_81_0126,Central,81
train,11453,train,81_0150.wav,spk_81_0127,Central,81
train,11454,train,81_0151.wav,spk_81_0128,Central,81
train,11455,train,81_0152.wav,spk_81_0128,Central,81
train,11456,train,81_0153.wav,spk_81_0129,Central,81
train,11457,train,81_0154.wav,spk_81_0130,Central,81
train,11458,train,81_0155.wav,spk_81_0131,Central,81
train,11459,train,81_0156.wav,spk_81_0131,Central,81
train,11460,train,81_0157.wav,spk_81_0132,Central,81
train,11461,train,81_0158.wav,spk_81_0133,Central,81
train,11462,train,81_0159.wav,spk_81_0134,Central,81
train,11463,train,81_0160.wav,spk_81_0135,Central,81
train,11464,train,81_0161.wav,spk_81_0136,Central,81
train,11465,train,81_0162.wav,spk_81_0137,Central,81
train,11466,train,81_0163.wav,spk_81_0138,Central,81
train,11467,train,81_0164.wav,spk_81_0139,Central,81
train,11468,train,81_0165.wav,spk_81_0140,Central,81
train,11469,train,81_0166.wav,spk_81_0141,Central,81
train,11470,train,81_0167.wav,spk_81_0142,Central,81
train,11471,train,81_0168.wav,spk_81_0143,Central,81
train,11472,train,81_0169.wav,spk_81_0144,Central,81
train,11473,train,81_0170.wav,spk_81_0145,Central,81
train,11474,train,81_0171.wav,spk_81_0146,Central,81
train,11475,train,81_0172.wav,spk_81_0146,Central,81
train,11476,train,81_0173.wav,spk_81_0147,Central,81
train,11477,train,81_0174.wav,spk_81_0147,Central,81
train,11478,train,81_0175.wav,spk_81_0148,Central,81
train,11479,train,81_0176.wav,spk_81_0149,Central,81
train,11480,train,81_0177.wav,spk_81_0150,Central,81
train,11481,train,81_0178.wav,spk_81_0151,Central,81
train,11482,train,81_0179.wav,spk_81_0152,Central,81
train,11483,train,81_0180.wav,spk_81_0152,Central,81
train,11484,train,81_0181.wav,spk_81_0153,Central,81
train,11485,train,81_0182.wav,spk_81_0154,Central,81
train,11486,train,81_0183.wav,spk_81_0155,Central,81
train,11487,train,81_0184.wav,spk_81_0156,Central,81
train,11488,train,81_0185.wav,spk_81_0157,Central,81
train,11489,train,81_0186.wav,spk_81_0158,Central,81
train,11490,train,81_0187.wav,spk_81_0158,Central,81
train,11491,train,81_0188.wav,spk_81_0159,Central,81
train,11492,train,81_0189.wav,spk_81_0160,Central,81
train,11493,train,81_0190.wav,spk_81_0161,Central,81
train,11494,train,81_0191.wav,spk_81_0162,Central,81
train,11495,train,81_0192.wav,spk_81_0163,Central,81
train,11496,train,81_0193.wav,spk_81_0164,Central,81
train,11497,train,81_0194.wav,spk_81_0165,Central,81
train,11498,train,81_0195.wav,spk_81_0166,Central,81
train,11499,train,81_0196.wav,spk_81_0167,Central,81
train,11500,train,81_0197.wav,spk_81_0168,Central,81
train,11501,train,81_0198.wav,spk_81_0169,Central,81
train,11502,train,81_0199.wav,spk_81_0170,Central,81
train,11503,train,81_0200.wav,spk_81_0171,Central,81
train,11504,train,81_0201.wav,spk_81_0172,Central,81
train,11505,train,81_0202.wav,spk_81_0173,Central,81
train,11506,train,81_0203.wav,spk_81_0174,Central,81
train,11507,train,81_0204.wav,spk_81_0174,Central,81
train,11508,train,81_0205.wav,spk_81_0175,Central,81
train,11509,train,81_0206.wav,spk_81_0176,Central,81
train,11510,train,81_0207.wav,spk_81_0177,Central,81
train,11511,train,81_0208.wav,spk_81_0178,Central,81
train,11512,train,81_0209.wav,spk_81_0179,Central,81
train,11513,train,81_0210.wav,spk_81_0180,Central,81
train,11514,train,81_0211.wav,spk_81_0180,Central,81
train,11515,train,81_0212.wav,spk_81_0181,Central,81
train,11516,train,81_0213.wav,spk_81_0182,Central,81
train,11517,train,81_0214.wav,spk_81_0183,Central,81
train,11518,train,81_0215.wav,spk_81_0183,Central,81
train,11519,train,81_0216.wav,spk_81_0184,Central,81
train,11520,train,81_0217.wav,spk_81_0185,Central,81
train,11521,train,81_0218.wav,spk_81_0186,Central,81
train,11522,train,81_0219.wav,spk_81_0186,Central,81
train,11523,train,81_0220.wav,spk_81_0187,Central,81
train,11524,train,81_0221.wav,spk_81_0188,Central,81
train,11525,train,81_0222.wav,spk_81_0189,Central,81
train,11526,train,81_0223.wav,spk_81_0189,Central,81
train,11527,train,81_0224.wav,spk_81_0190,Central,81
train,11528,train,81_0225.wav,spk_81_0191,Central,81
train,11529,train,81_0226.wav,spk_81_0192,Central,81
train,11530,train,81_0227.wav,spk_81_0193,Central,81
train,11531,train,81_0228.wav,spk_81_0194,Central,81
train,11532,train,81_0229.wav,spk_81_0195,Central,81
train,11533,train,81_0230.wav,spk_81_0196,Central,81
train,11534,train,81_0231.wav,spk_81_0196,Central,81
train,11535,train,81_0232.wav,spk_81_0196,Central,81
train,11536,train,81_0233.wav,spk_81_0197,Central,81
train,11537,train,81_0234.wav,spk_81_0198,Central,81
train,11538,train,81_0235.wav,spk_81_0199,Central,81
train,11539,train,81_0236.wav,spk_81_0200,Central,81
train,11540,train,81_0237.wav,spk_81_0200,Central,81
train,11541,train,81_0238.wav,spk_81_0201,Central,81
train,11542,train,81_0239.wav,spk_81_0202,Central,81
train,11543,train,81_0240.wav,spk_81_0202,Central,81
train,11544,train,81_0241.wav,spk_81_0203,Central,81
train,11545,train,81_0242.wav,spk_81_0203,Central,81
train,11546,train,81_0243.wav,spk_81_0203,Central,81
train,11547,train,81_0244.wav,spk_81_0204,Central,81
train,11548,train,81_0245.wav,spk_81_0205,Central,81
train,11549,train,81_0246.wav,spk_81_0206,Central,81
train,11550,train,81_0247.wav,spk_81_0207,Central,81
train,11551,train,81_0248.wav,spk_81_0208,Central,81
train,11552,train,81_0249.wav,spk_81_0209,Central,81
train,11553,train,81_0250.wav,spk_81_0210,Central,81
train,11554,train,81_0251.wav,spk_81_0211,Central,81
train,11555,train,81_0252.wav,spk_81_0212,Central,81
train,11556,train,82_0001.wav,spk_82_0001,Central,82
train,11557,train,82_0002.wav,spk_82_0002,Central,82
train,11558,train,82_0003.wav,spk_82_0003,Central,82
train,11559,train,82_0004.wav,spk_82_0003,Central,82
train,11560,train,82_0005.wav,spk_82_0003,Central,82
train,11561,train,82_0006.wav,spk_82_0003,Central,82
train,11562,train,82_0007.wav,spk_82_0004,Central,82
train,11563,train,82_0008.wav,spk_82_0004,Central,82
train,11564,train,82_0009.wav,spk_82_0005,Central,82
train,11565,train,82_0010.wav,spk_82_0005,Central,82
train,11566,train,82_0011.wav,spk_82_0006,Central,82
train,11567,train,82_0012.wav,spk_82_0007,Central,82
train,11568,train,82_0013.wav,spk_82_0008,Central,82
train,11569,train,82_0014.wav,spk_82_0008,Central,82
train,11570,train,82_0015.wav,spk_82_0009,Central,82
train,11571,train,82_0016.wav,spk_82_0010,Central,82
train,11572,train,82_0017.wav,spk_82_0011,Central,82
train,11573,train,82_0018.wav,spk_82_0011,Central,82
train,11574,train,82_0019.wav,spk_82_0011,Central,82
train,11575,train,82_0020.wav,spk_82_0012,Central,82
train,11576,train,82_0021.wav,spk_82_0012,Central,82
train,11577,train,82_0022.wav,spk_82_0012,Central,82
train,11578,train,82_0023.wav,spk_82_0012,Central,82
train,11579,train,82_0024.wav,spk_82_0012,Central,82
train,11580,train,82_0025.wav,spk_82_0012,Central,82
train,11581,train,82_0026.wav,spk_82_0013,Central,82
train,11582,train,82_0027.wav,spk_82_0013,Central,82
train,11583,train,82_0028.wav,spk_82_0014,Central,82
train,11584,train,82_0029.wav,spk_82_0015,Central,82
train,11585,train,82_0030.wav,spk_82_0015,Central,82
train,11586,train,82_0031.wav,spk_82_0016,Central,82
train,11587,train,82_0032.wav,spk_82_0017,Central,82
train,11588,train,82_0033.wav,spk_82_0018,Central,82
train,11589,train,82_0034.wav,spk_82_0019,Central,82
train,11590,train,82_0035.wav,spk_82_0020,Central,82
train,11591,train,82_0036.wav,spk_82_0021,Central,82
train,11592,train,82_0037.wav,spk_82_0022,Central,82
train,11593,train,82_0038.wav,spk_82_0022,Central,82
train,11594,train,82_0039.wav,spk_82_0023,Central,82
train,11595,train,82_0040.wav,spk_82_0024,Central,82
train,11596,train,82_0041.wav,spk_82_0025,Central,82
train,11597,train,82_0042.wav,spk_82_0026,Central,82
train,11598,train,82_0043.wav,spk_82_0027,Central,82
train,11599,train,82_0044.wav,spk_82_0028,Central,82
train,11600,train,82_0045.wav,spk_82_0028,Central,82
train,11601,train,82_0046.wav,spk_82_0029,Central,82
train,11602,train,82_0047.wav,spk_82_0030,Central,82
train,11603,train,82_0048.wav,spk_82_0030,Central,82
train,11604,train,82_0049.wav,spk_82_0030,Central,82
train,11605,train,82_0050.wav,spk_82_0030,Central,82
train,11606,train,82_0051.wav,spk_82_0031,Central,82
train,11607,train,82_0052.wav,spk_82_0032,Central,82
train,11608,train,82_0053.wav,spk_82_0032,Central,82
train,11609,train,82_0054.wav,spk_82_0033,Central,82
train,11610,train,82_0055.wav,spk_82_0034,Central,82
train,11611,train,82_0056.wav,spk_82_0035,Central,82
train,11612,train,82_0057.wav,spk_82_0036,Central,82
train,11613,train,82_0058.wav,spk_82_0037,Central,82
train,11614,train,82_0059.wav,spk_82_0038,Central,82
train,11615,train,82_0060.wav,spk_82_0039,Central,82
train,11616,train,82_0061.wav,spk_82_0039,Central,82
train,11617,train,82_0062.wav,spk_82_0040,Central,82
train,11618,train,82_0063.wav,spk_82_0041,Central,82
train,11619,train,82_0064.wav,spk_82_0041,Central,82
train,11620,train,82_0065.wav,spk_82_0041,Central,82
train,11621,train,82_0066.wav,spk_82_0041,Central,82
train,11622,train,82_0067.wav,spk_82_0042,Central,82
train,11623,train,82_0068.wav,spk_82_0042,Central,82
train,11624,train,82_0069.wav,spk_82_0043,Central,82
train,11625,train,82_0070.wav,spk_82_0044,Central,82
train,11626,train,82_0071.wav,spk_82_0044,Central,82
train,11627,train,82_0072.wav,spk_82_0045,Central,82
train,11628,train,82_0073.wav,spk_82_0046,Central,82
train,11629,train,82_0074.wav,spk_82_0047,Central,82
train,11630,train,82_0075.wav,spk_82_0047,Central,82
train,11631,train,82_0076.wav,spk_82_0048,Central,82
train,11632,train,82_0077.wav,spk_82_0049,Central,82
train,11633,train,82_0078.wav,spk_82_0050,Central,82
train,11634,train,82_0079.wav,spk_82_0051,Central,82
train,11635,train,82_0080.wav,spk_82_0051,Central,82
train,11636,train,82_0081.wav,spk_82_0052,Central,82
train,11637,train,82_0082.wav,spk_82_0052,Central,82
train,11638,train,82_0083.wav,spk_82_0053,Central,82
train,11639,train,82_0084.wav,spk_82_0054,Central,82
train,11640,train,82_0085.wav,spk_82_0055,Central,82
train,11641,train,82_0086.wav,spk_82_0056,Central,82
train,11642,train,82_0087.wav,spk_82_0057,Central,82
train,11643,train,82_0088.wav,spk_82_0057,Central,82
train,11644,train,82_0089.wav,spk_82_0058,Central,82
train,11645,train,82_0090.wav,spk_82_0058,Central,82
train,11646,train,82_0091.wav,spk_82_0058,Central,82
train,11647,train,82_0092.wav,spk_82_0058,Central,82
train,11648,train,82_0093.wav,spk_82_0058,Central,82
train,11649,train,82_0094.wav,spk_82_0059,Central,82
train,11650,train,82_0095.wav,spk_82_0060,Central,82
train,11651,train,82_0096.wav,spk_82_0061,Central,82
train,11652,train,82_0097.wav,spk_82_0062,Central,82
train,11653,train,82_0098.wav,spk_82_0062,Central,82
train,11654,train,82_0099.wav,spk_82_0062,Central,82
train,11655,train,82_0100.wav,spk_82_0062,Central,82
train,11656,train,82_0101.wav,spk_82_0063,Central,82
train,11657,train,82_0102.wav,spk_82_0064,Central,82
train,11658,train,82_0103.wav,spk_82_0065,Central,82
train,11659,train,82_0104.wav,spk_82_0066,Central,82
train,11660,train,82_0105.wav,spk_82_0066,Central,82
train,11661,train,82_0106.wav,spk_82_0067,Central,82
train,11662,train,82_0107.wav,spk_82_0067,Central,82
train,11663,train,82_0108.wav,spk_82_0067,Central,82
train,11664,train,82_0109.wav,spk_82_0068,Central,82
train,11665,train,82_0110.wav,spk_82_0068,Central,82
train,11666,train,82_0111.wav,spk_82_0069,Central,82
train,11667,train,82_0112.wav,spk_82_0069,Central,82
train,11668,train,82_0113.wav,spk_82_0070,Central,82
train,11669,train,82_0114.wav,spk_82_0071,Central,82
train,11670,train,82_0115.wav,spk_82_0071,Central,82
train,11671,train,82_0116.wav,spk_82_0072,Central,82
train,11672,train,82_0117.wav,spk_82_0073,Central,82
train,11673,train,82_0118.wav,spk_82_0073,Central,82
train,11674,train,82_0119.wav,spk_82_0073,Central,82
train,11675,train,82_0120.wav,spk_82_0073,Central,82
train,11676,train,82_0121.wav,spk_82_0073,Central,82
train,11677,train,82_0122.wav,spk_82_0073,Central,82
train,11678,train,82_0123.wav,spk_82_0073,Central,82
train,11679,train,82_0124.wav,spk_82_0073,Central,82
train,11680,train,82_0125.wav,spk_82_0073,Central,82
train,11681,train,82_0126.wav,spk_82_0074,Central,82
train,11682,train,82_0127.wav,spk_82_0075,Central,82
train,11683,train,82_0128.wav,spk_82_0075,Central,82
train,11684,train,82_0129.wav,spk_82_0076,Central,82
train,11685,train,82_0130.wav,spk_82_0077,Central,82
train,11686,train,82_0131.wav,spk_82_0078,Central,82
train,11687,train,82_0132.wav,spk_82_0079,Central,82
train,11688,train,82_0133.wav,spk_82_0080,Central,82
train,11689,train,82_0134.wav,spk_82_0080,Central,82
train,11690,train,82_0135.wav,spk_82_0080,Central,82
train,11691,train,82_0136.wav,spk_82_0081,Central,82
train,11692,train,82_0137.wav,spk_82_0082,Central,82
train,11693,train,82_0138.wav,spk_82_0082,Central,82
train,11694,train,82_0139.wav,spk_82_0083,Central,82
train,11695,train,82_0140.wav,spk_82_0084,Central,82
train,11696,train,82_0141.wav,spk_82_0084,Central,82
train,11697,train,82_0142.wav,spk_82_0085,Central,82
train,11698,train,82_0143.wav,spk_82_0086,Central,82
train,11699,train,82_0144.wav,spk_82_0087,Central,82
train,11700,train,82_0145.wav,spk_82_0087,Central,82
train,11701,train,82_0146.wav,spk_82_0088,Central,82
train,11702,train,82_0147.wav,spk_82_0089,Central,82
train,11703,train,82_0148.wav,spk_82_0089,Central,82
train,11704,train,82_0149.wav,spk_82_0090,Central,82
train,11705,train,82_0150.wav,spk_82_0091,Central,82
train,11706,train,82_0151.wav,spk_82_0092,Central,82
train,11707,train,82_0152.wav,spk_82_0092,Central,82
train,11708,train,82_0153.wav,spk_82_0092,Central,82
train,11709,train,82_0154.wav,spk_82_0093,Central,82
train,11710,train,82_0155.wav,spk_82_0093,Central,82
train,11711,train,82_0156.wav,spk_82_0093,Central,82
train,11712,train,82_0157.wav,spk_82_0094,Central,82
train,11713,train,82_0158.wav,spk_82_0094,Central,82
train,11714,train,82_0159.wav,spk_82_0094,Central,82
train,11715,train,82_0160.wav,spk_82_0095,Central,82
train,11716,train,82_0161.wav,spk_82_0096,Central,82
train,11717,train,82_0162.wav,spk_82_0097,Central,82
train,11718,train,82_0163.wav,spk_82_0098,Central,82
train,11719,train,82_0164.wav,spk_82_0099,Central,82
train,11720,train,82_0165.wav,spk_82_0100,Central,82
train,11721,train,82_0166.wav,spk_82_0100,Central,82
train,11722,train,82_0167.wav,spk_82_0100,Central,82
train,11723,train,82_0168.wav,spk_82_0101,Central,82
train,11724,train,82_0169.wav,spk_82_0102,Central,82
train,11725,train,82_0170.wav,spk_82_0102,Central,82
train,11726,train,82_0171.wav,spk_82_0103,Central,82
train,11727,train,82_0172.wav,spk_82_0104,Central,82
train,11728,train,82_0173.wav,spk_82_0104,Central,82
train,11729,train,82_0174.wav,spk_82_0105,Central,82
train,11730,train,82_0175.wav,spk_82_0105,Central,82
train,11731,train,82_0176.wav,spk_82_0106,Central,82
train,11732,train,82_0177.wav,spk_82_0106,Central,82
train,11733,train,82_0178.wav,spk_82_0107,Central,82
train,11734,train,82_0179.wav,spk_82_0108,Central,82
train,11735,train,82_0180.wav,spk_82_0109,Central,82
train,11736,train,82_0181.wav,spk_82_0109,Central,82
train,11737,train,82_0182.wav,spk_82_0110,Central,82
train,11738,train,82_0183.wav,spk_82_0111,Central,82
train,11739,train,82_0184.wav,spk_82_0112,Central,82
train,11740,train,82_0185.wav,spk_82_0112,Central,82
train,11741,train,82_0186.wav,spk_82_0113,Central,82
train,11742,train,82_0187.wav,spk_82_0114,Central,82
train,11743,train,82_0188.wav,spk_82_0115,Central,82
train,11744,train,82_0189.wav,spk_82_0115,Central,82
train,11745,train,82_0190.wav,spk_82_0115,Central,82
train,11746,train,82_0191.wav,spk_82_0116,Central,82
train,11747,train,82_0192.wav,spk_82_0116,Central,82
train,11748,train,82_0193.wav,spk_82_0117,Central,82
train,11749,train,82_0194.wav,spk_82_0118,Central,82
train,11750,train,82_0195.wav,spk_82_0119,Central,82
train,11751,train,82_0196.wav,spk_82_0119,Central,82
train,11752,train,82_0197.wav,spk_82_0120,Central,82
train,11753,train,82_0198.wav,spk_82_0120,Central,82
train,11754,train,82_0199.wav,spk_82_0120,Central,82
train,11755,train,82_0200.wav,spk_82_0120,Central,82
train,11756,train,82_0201.wav,spk_82_0121,Central,82
train,11757,train,82_0202.wav,spk_82_0122,Central,82
train,11758,train,82_0203.wav,spk_82_0122,Central,82
train,11759,train,82_0204.wav,spk_82_0123,Central,82
train,11760,train,82_0205.wav,spk_82_0124,Central,82
train,11761,train,82_0206.wav,spk_82_0125,Central,82
train,11762,train,82_0207.wav,spk_82_0125,Central,82
train,11763,train,82_0208.wav,spk_82_0125,Central,82
train,11764,train,82_0209.wav,spk_82_0125,Central,82
train,11765,train,82_0210.wav,spk_82_0126,Central,82
train,11766,train,82_0211.wav,spk_82_0126,Central,82
train,11767,train,82_0212.wav,spk_82_0127,Central,82
train,11768,train,82_0213.wav,spk_82_0128,Central,82
train,11769,train,82_0214.wav,spk_82_0128,Central,82
train,11770,train,82_0215.wav,spk_82_0129,Central,82
train,11771,train,82_0216.wav,spk_82_0130,Central,82
train,11772,train,82_0217.wav,spk_82_0131,Central,82
train,11773,train,82_0218.wav,spk_82_0132,Central,82
train,11774,train,82_0219.wav,spk_82_0133,Central,82
train,11775,train,82_0226.wav,spk_82_0138,Central,82
train,11776,train,82_0227.wav,spk_82_0139,Central,82
train,11777,train,82_0228.wav,spk_82_0140,Central,82
train,11778,train,82_0229.wav,spk_82_0140,Central,82
train,11779,train,82_0230.wav,spk_82_0141,Central,82
train,11780,train,82_0231.wav,spk_82_0142,Central,82
train,11781,train,82_0233.wav,spk_82_0144,Central,82
train,11782,train,82_0234.wav,spk_82_0144,Central,82
train,11783,train,82_0235.wav,spk_82_0144,Central,82
train,11784,train,82_0236.wav,spk_82_0145,Central,82
train,11785,train,82_0237.wav,spk_82_0146,Central,82
train,11786,train,82_0238.wav,spk_82_0147,Central,82
train,11787,train,82_0239.wav,spk_82_0147,Central,82
train,11788,train,82_0240.wav,spk_82_0147,Central,82
train,11789,train,82_0241.wav,spk_82_0148,Central,82
train,11790,train,82_0242.wav,spk_82_0149,Central,82
train,11791,train,82_0243.wav,spk_82_0150,Central,82
train,11792,train,82_0244.wav,spk_82_0151,Central,82
train,11793,train,82_0245.wav,spk_82_0152,Central,82
train,11794,train,82_0246.wav,spk_82_0153,Central,82
train,11795,train,82_0247.wav,spk_82_0153,Central,82
train,11796,train,82_0254.wav,spk_82_0158,Central,82
train,11797,train,82_0255.wav,spk_82_0158,Central,82
train,11798,train,83_0001.wav,spk_83_0001,South,83
train,11799,train,83_0002.wav,spk_83_0001,South,83
train,11800,train,83_0003.wav,spk_83_0001,South,83
train,11801,train,83_0004.wav,spk_83_0001,South,83
train,11802,train,83_0005.wav,spk_83_0002,South,83
train,11803,train,83_0006.wav,spk_83_0002,South,83
train,11804,train,83_0007.wav,spk_83_0002,South,83
train,11805,train,83_0008.wav,spk_83_0002,South,83
train,11806,train,83_0009.wav,spk_83_0003,South,83
train,11807,train,83_0010.wav,spk_83_0003,South,83
train,11808,train,83_0011.wav,spk_83_0004,South,83
train,11809,train,83_0012.wav,spk_83_0004,South,83
train,11810,train,83_0013.wav,spk_83_0004,South,83
train,11811,train,83_0014.wav,spk_83_0005,South,83
train,11812,train,83_0015.wav,spk_83_0006,South,83
train,11813,train,83_0016.wav,spk_83_0006,South,83
train,11814,train,83_0017.wav,spk_83_0007,South,83
train,11815,train,83_0018.wav,spk_83_0007,South,83
train,11816,train,83_0019.wav,spk_83_0007,South,83
train,11817,train,83_0020.wav,spk_83_0007,South,83
train,11818,train,83_0021.wav,spk_83_0007,South,83
train,11819,train,83_0022.wav,spk_83_0008,South,83
train,11820,train,83_0023.wav,spk_83_0008,South,83
train,11821,train,83_0024.wav,spk_83_0009,South,83
train,11822,train,83_0025.wav,spk_83_0009,South,83
train,11823,train,83_0026.wav,spk_83_0009,South,83
train,11824,train,83_0027.wav,spk_83_0010,South,83
train,11825,train,83_0028.wav,spk_83_0010,South,83
train,11826,train,83_0029.wav,spk_83_0010,South,83
train,11827,train,83_0030.wav,spk_83_0010,South,83
train,11828,train,83_0031.wav,spk_83_0011,South,83
train,11829,train,83_0032.wav,spk_83_0011,South,83
train,11830,train,83_0033.wav,spk_83_0011,South,83
train,11831,train,83_0034.wav,spk_83_0011,South,83
train,11832,train,83_0035.wav,spk_83_0012,South,83
train,11833,train,83_0036.wav,spk_83_0012,South,83
train,11834,train,83_0037.wav,spk_83_0013,South,83
train,11835,train,83_0038.wav,spk_83_0014,South,83
train,11836,train,83_0039.wav,spk_83_0015,South,83
train,11837,train,83_0040.wav,spk_83_0016,South,83
train,11838,train,83_0041.wav,spk_83_0017,South,83
train,11839,train,83_0042.wav,spk_83_0018,South,83
train,11840,train,83_0043.wav,spk_83_0019,South,83
train,11841,train,83_0044.wav,spk_83_0020,South,83
train,11842,train,83_0045.wav,spk_83_0021,South,83
train,11843,train,83_0046.wav,spk_83_0022,South,83
train,11844,train,83_0047.wav,spk_83_0022,South,83
train,11845,train,83_0048.wav,spk_83_0023,South,83
train,11846,train,83_0049.wav,spk_83_0023,South,83
train,11847,train,83_0050.wav,spk_83_0024,South,83
train,11848,train,83_0051.wav,spk_83_0025,South,83
train,11849,train,83_0052.wav,spk_83_0026,South,83
train,11850,train,83_0053.wav,spk_83_0027,South,83
train,11851,train,83_0054.wav,spk_83_0027,South,83
train,11852,train,83_0055.wav,spk_83_0028,South,83
train,11853,train,83_0056.wav,spk_83_0029,South,83
train,11854,train,83_0057.wav,spk_83_0030,South,83
train,11855,train,83_0058.wav,spk_83_0031,South,83
train,11856,train,83_0059.wav,spk_83_0032,South,83
train,11857,train,83_0060.wav,spk_83_0033,South,83
train,11858,train,83_0061.wav,spk_83_0034,South,83
train,11859,train,83_0062.wav,spk_83_0034,South,83
train,11860,train,83_0063.wav,spk_83_0035,South,83
train,11861,train,83_0064.wav,spk_83_0035,South,83
train,11862,train,83_0065.wav,spk_83_0036,South,83
train,11863,train,83_0066.wav,spk_83_0036,South,83
train,11864,train,83_0067.wav,spk_83_0037,South,83
train,11865,train,83_0068.wav,spk_83_0037,South,83
train,11866,train,83_0069.wav,spk_83_0038,South,83
train,11867,train,83_0070.wav,spk_83_0039,South,83
train,11868,train,83_0071.wav,spk_83_0039,South,83
train,11869,train,83_0072.wav,spk_83_0040,South,83
train,11870,train,83_0073.wav,spk_83_0040,South,83
train,11871,train,83_0074.wav,spk_83_0041,South,83
train,11872,train,83_0075.wav,spk_83_0041,South,83
train,11873,train,83_0076.wav,spk_83_0041,South,83
train,11874,train,83_0077.wav,spk_83_0041,South,83
train,11875,train,83_0078.wav,spk_83_0042,South,83
train,11876,train,83_0079.wav,spk_83_0042,South,83
train,11877,train,83_0080.wav,spk_83_0042,South,83
train,11878,train,83_0081.wav,spk_83_0043,South,83
train,11879,train,83_0082.wav,spk_83_0044,South,83
train,11880,train,83_0083.wav,spk_83_0045,South,83
train,11881,train,83_0084.wav,spk_83_0045,South,83
train,11882,train,83_0085.wav,spk_83_0046,South,83
train,11883,train,83_0086.wav,spk_83_0046,South,83
train,11884,train,83_0087.wav,spk_83_0046,South,83
train,11885,train,83_0088.wav,spk_83_0046,South,83
train,11886,train,83_0089.wav,spk_83_0046,South,83
train,11887,train,83_0090.wav,spk_83_0046,South,83
train,11888,train,83_0091.wav,spk_83_0047,South,83
train,11889,train,83_0092.wav,spk_83_0047,South,83
train,11890,train,83_0093.wav,spk_83_0047,South,83
train,11891,train,83_0094.wav,spk_83_0047,South,83
train,11892,train,83_0095.wav,spk_83_0047,South,83
train,11893,train,83_0096.wav,spk_83_0047,South,83
train,11894,train,83_0097.wav,spk_83_0047,South,83
train,11895,train,83_0098.wav,spk_83_0047,South,83
train,11896,train,83_0099.wav,spk_83_0048,South,83
train,11897,train,83_0100.wav,spk_83_0049,South,83
train,11898,train,83_0101.wav,spk_83_0049,South,83
train,11899,train,83_0102.wav,spk_83_0050,South,83
train,11900,train,83_0103.wav,spk_83_0051,South,83
train,11901,train,83_0104.wav,spk_83_0052,South,83
train,11902,train,83_0105.wav,spk_83_0053,South,83
train,11903,train,83_0106.wav,spk_83_0053,South,83
train,11904,train,83_0107.wav,spk_83_0053,South,83
train,11905,train,83_0108.wav,spk_83_0054,South,83
train,11906,train,83_0109.wav,spk_83_0054,South,83
train,11907,train,83_0110.wav,spk_83_0054,South,83
train,11908,train,83_0111.wav,spk_83_0054,South,83
train,11909,train,83_0112.wav,spk_83_0055,South,83
train,11910,train,83_0113.wav,spk_83_0056,South,83
train,11911,train,83_0114.wav,spk_83_0056,South,83
train,11912,train,83_0115.wav,spk_83_0056,South,83
train,11913,train,83_0116.wav,spk_83_0056,South,83
train,11914,train,83_0117.wav,spk_83_0056,South,83
train,11915,train,83_0118.wav,spk_83_0057,South,83
train,11916,train,83_0119.wav,spk_83_0058,South,83
train,11917,train,83_0120.wav,spk_83_0059,South,83
train,11918,train,83_0121.wav,spk_83_0060,South,83
train,11919,train,83_0122.wav,spk_83_0061,South,83
train,11920,train,83_0123.wav,spk_83_0062,South,83
train,11921,train,83_0124.wav,spk_83_0063,South,83
train,11922,train,83_0125.wav,spk_83_0064,South,83
train,11923,train,83_0126.wav,spk_83_0064,South,83
train,11924,train,83_0127.wav,spk_83_0064,South,83
train,11925,train,83_0128.wav,spk_83_0065,South,83
train,11926,train,83_0129.wav,spk_83_0066,South,83
train,11927,train,83_0130.wav,spk_83_0067,South,83
train,11928,train,83_0131.wav,spk_83_0068,South,83
train,11929,train,83_0132.wav,spk_83_0068,South,83
train,11930,train,83_0133.wav,spk_83_0068,South,83
train,11931,train,83_0134.wav,spk_83_0069,South,83
train,11932,train,83_0135.wav,spk_83_0070,South,83
train,11933,train,83_0136.wav,spk_83_0070,South,83
train,11934,train,83_0137.wav,spk_83_0071,South,83
train,11935,train,83_0138.wav,spk_83_0071,South,83
train,11936,train,83_0139.wav,spk_83_0072,South,83
train,11937,train,83_0140.wav,spk_83_0072,South,83
train,11938,train,83_0141.wav,spk_83_0073,South,83
train,11939,train,83_0142.wav,spk_83_0073,South,83
train,11940,train,83_0143.wav,spk_83_0074,South,83
train,11941,train,83_0144.wav,spk_83_0074,South,83
train,11942,train,83_0145.wav,spk_83_0075,South,83
train,11943,train,83_0146.wav,spk_83_0075,South,83
train,11944,train,83_0147.wav,spk_83_0076,South,83
train,11945,train,83_0148.wav,spk_83_0076,South,83
train,11946,train,83_0149.wav,spk_83_0077,South,83
train,11947,train,83_0150.wav,spk_83_0078,South,83
train,11948,train,83_0151.wav,spk_83_0079,South,83
train,11949,train,83_0152.wav,spk_83_0079,South,83
train,11950,train,83_0153.wav,spk_83_0080,South,83
train,11951,train,83_0154.wav,spk_83_0081,South,83
train,11952,train,83_0155.wav,spk_83_0081,South,83
train,11953,train,83_0156.wav,spk_83_0082,South,83
train,11954,train,83_0157.wav,spk_83_0082,South,83
train,11955,train,83_0158.wav,spk_83_0083,South,83
train,11956,train,83_0159.wav,spk_83_0083,South,83
train,11957,train,83_0160.wav,spk_83_0083,South,83
train,11958,train,83_0161.wav,spk_83_0083,South,83
train,11959,train,83_0162.wav,spk_83_0084,South,83
train,11960,train,83_0163.wav,spk_83_0085,South,83
train,11961,train,83_0164.wav,spk_83_0086,South,83
train,11962,train,83_0165.wav,spk_83_0086,South,83
train,11963,train,83_0166.wav,spk_83_0086,South,83
train,11964,train,83_0167.wav,spk_83_0087,South,83
train,11965,train,83_0168.wav,spk_83_0087,South,83
train,11966,train,83_0169.wav,spk_83_0088,South,83
train,11967,train,83_0170.wav,spk_83_0088,South,83
train,11968,train,83_0171.wav,spk_83_0088,South,83
train,11969,train,83_0172.wav,spk_83_0088,South,83
train,11970,train,83_0173.wav,spk_83_0089,South,83
train,11971,train,83_0174.wav,spk_83_0089,South,83
train,11972,train,83_0175.wav,spk_83_0089,South,83
train,11973,train,83_0176.wav,spk_83_0089,South,83
train,11974,train,83_0177.wav,spk_83_0089,South,83
train,11975,train,83_0178.wav,spk_83_0089,South,83
train,11976,train,83_0179.wav,spk_83_0090,South,83
train,11977,train,83_0181.wav,spk_83_0092,South,83
train,11978,train,83_0182.wav,spk_83_0092,South,83
train,11979,train,83_0183.wav,spk_83_0092,South,83
train,11980,train,83_0184.wav,spk_83_0092,South,83
train,11981,train,83_0185.wav,spk_83_0092,South,83
train,11982,train,83_0186.wav,spk_83_0093,South,83
train,11983,train,83_0187.wav,spk_83_0093,South,83
train,11984,train,83_0188.wav,spk_83_0093,South,83
train,11985,train,83_0189.wav,spk_83_0093,South,83
train,11986,train,83_0190.wav,spk_83_0094,South,83
train,11987,train,83_0191.wav,spk_83_0095,South,83
train,11988,train,83_0193.wav,spk_83_0097,South,83
train,11989,train,83_0194.wav,spk_83_0098,South,83
train,11990,train,83_0195.wav,spk_83_0099,South,83
train,11991,train,83_0196.wav,spk_83_0100,South,83
train,11992,train,83_0197.wav,spk_83_0100,South,83
train,11993,train,83_0198.wav,spk_83_0100,South,83
train,11994,train,83_0199.wav,spk_83_0100,South,83
train,11995,train,83_0200.wav,spk_83_0100,South,83
train,11996,train,83_0201.wav,spk_83_0101,South,83
train,11997,train,83_0202.wav,spk_83_0102,South,83
train,11998,train,83_0203.wav,spk_83_0103,South,83
train,11999,train,83_0206.wav,spk_83_0106,South,83
train,12000,train,83_0207.wav,spk_83_0106,South,83
train,12001,train,83_0208.wav,spk_83_0106,South,83
train,12002,train,83_0209.wav,spk_83_0106,South,83
train,12003,train,83_0210.wav,spk_83_0106,South,83
train,12004,train,83_0211.wav,spk_83_0107,South,83
train,12005,train,83_0212.wav,spk_83_0108,South,83
train,12006,train,83_0213.wav,spk_83_0108,South,83
train,12007,train,83_0214.wav,spk_83_0109,South,83
train,12008,train,83_0215.wav,spk_83_0109,South,83
train,12009,train,83_0216.wav,spk_83_0110,South,83
train,12010,train,83_0217.wav,spk_83_0111,South,83
train,12011,train,83_0218.wav,spk_83_0111,South,83
train,12012,train,83_0219.wav,spk_83_0111,South,83
train,12013,train,83_0220.wav,spk_83_0111,South,83
train,12014,train,84_0001.wav,spk_84_0001,South,84
train,12015,train,84_0002.wav,spk_84_0001,South,84
train,12016,train,84_0003.wav,spk_84_0001,South,84
train,12017,train,84_0004.wav,spk_84_0002,South,84
train,12018,train,84_0005.wav,spk_84_0003,South,84
train,12019,train,84_0006.wav,spk_84_0003,South,84
train,12020,train,84_0007.wav,spk_84_0003,South,84
train,12021,train,84_0008.wav,spk_84_0004,South,84
train,12022,train,84_0009.wav,spk_84_0004,South,84
train,12023,train,84_0010.wav,spk_84_0005,South,84
train,12024,train,84_0011.wav,spk_84_0005,South,84
train,12025,train,84_0012.wav,spk_84_0006,South,84
train,12026,train,84_0013.wav,spk_84_0007,South,84
train,12027,train,84_0014.wav,spk_84_0008,South,84
train,12028,train,84_0015.wav,spk_84_0009,South,84
train,12029,train,84_0016.wav,spk_84_0009,South,84
train,12030,train,84_0017.wav,spk_84_0010,South,84
train,12031,train,84_0018.wav,spk_84_0010,South,84
train,12032,train,84_0019.wav,spk_84_0011,South,84
train,12033,train,84_0020.wav,spk_84_0012,South,84
train,12034,train,84_0021.wav,spk_84_0012,South,84
train,12035,train,84_0022.wav,spk_84_0013,South,84
train,12036,train,84_0023.wav,spk_84_0014,South,84
train,12037,train,84_0024.wav,spk_84_0014,South,84
train,12038,train,84_0025.wav,spk_84_0015,South,84
train,12039,train,84_0026.wav,spk_84_0015,South,84
train,12040,train,84_0027.wav,spk_84_0016,South,84
train,12041,train,84_0028.wav,spk_84_0016,South,84
train,12042,train,84_0029.wav,spk_84_0017,South,84
train,12043,train,84_0030.wav,spk_84_0018,South,84
train,12044,train,84_0031.wav,spk_84_0019,South,84
train,12045,train,84_0032.wav,spk_84_0019,South,84
train,12046,train,84_0033.wav,spk_84_0020,South,84
train,12047,train,84_0034.wav,spk_84_0021,South,84
train,12048,train,84_0035.wav,spk_84_0021,South,84
train,12049,train,84_0036.wav,spk_84_0022,South,84
train,12050,train,84_0037.wav,spk_84_0022,South,84
train,12051,train,84_0038.wav,spk_84_0023,South,84
train,12052,train,84_0039.wav,spk_84_0023,South,84
train,12053,train,84_0040.wav,spk_84_0024,South,84
train,12054,train,84_0041.wav,spk_84_0025,South,84
train,12055,train,84_0042.wav,spk_84_0026,South,84
train,12056,train,84_0043.wav,spk_84_0027,South,84
train,12057,train,84_0044.wav,spk_84_0027,South,84
train,12058,train,84_0045.wav,spk_84_0028,South,84
train,12059,train,84_0046.wav,spk_84_0029,South,84
train,12060,train,84_0047.wav,spk_84_0030,South,84
train,12061,train,84_0048.wav,spk_84_0031,South,84
train,12062,train,84_0049.wav,spk_84_0032,South,84
train,12063,train,84_0050.wav,spk_84_0032,South,84
train,12064,train,84_0051.wav,spk_84_0033,South,84
train,12065,train,84_0052.wav,spk_84_0033,South,84
train,12066,train,84_0053.wav,spk_84_0033,South,84
train,12067,train,84_0054.wav,spk_84_0033,South,84
train,12068,train,84_0055.wav,spk_84_0034,South,84
train,12069,train,84_0056.wav,spk_84_0034,South,84
train,12070,train,84_0057.wav,spk_84_0035,South,84
train,12071,train,84_0058.wav,spk_84_0036,South,84
train,12072,train,84_0059.wav,spk_84_0037,South,84
train,12073,train,84_0060.wav,spk_84_0037,South,84
train,12074,train,84_0061.wav,spk_84_0038,South,84
train,12075,train,84_0062.wav,spk_84_0039,South,84
train,12076,train,84_0063.wav,spk_84_0040,South,84
train,12077,train,84_0064.wav,spk_84_0041,South,84
train,12078,train,84_0065.wav,spk_84_0041,South,84
train,12079,train,84_0066.wav,spk_84_0042,South,84
train,12080,train,84_0067.wav,spk_84_0042,South,84
train,12081,train,84_0068.wav,spk_84_0043,South,84
train,12082,train,84_0069.wav,spk_84_0044,South,84
train,12083,train,84_0070.wav,spk_84_0044,South,84
train,12084,train,84_0071.wav,spk_84_0045,South,84
train,12085,train,84_0072.wav,spk_84_0045,South,84
train,12086,train,84_0073.wav,spk_84_0046,South,84
train,12087,train,84_0074.wav,spk_84_0046,South,84
train,12088,train,84_0075.wav,spk_84_0046,South,84
train,12089,train,84_0076.wav,spk_84_0047,South,84
train,12090,train,84_0077.wav,spk_84_0047,South,84
train,12091,train,84_0078.wav,spk_84_0048,South,84
train,12092,train,84_0079.wav,spk_84_0048,South,84
train,12093,train,84_0080.wav,spk_84_0049,South,84
train,12094,train,84_0081.wav,spk_84_0050,South,84
train,12095,train,84_0082.wav,spk_84_0051,South,84
train,12096,train,84_0083.wav,spk_84_0052,South,84
train,12097,train,84_0084.wav,spk_84_0053,South,84
train,12098,train,84_0085.wav,spk_84_0054,South,84
train,12099,train,84_0086.wav,spk_84_0054,South,84
train,12100,train,84_0087.wav,spk_84_0055,South,84
train,12101,train,84_0088.wav,spk_84_0056,South,84
train,12102,train,84_0089.wav,spk_84_0057,South,84
train,12103,train,84_0090.wav,spk_84_0057,South,84
train,12104,train,84_0091.wav,spk_84_0058,South,84
train,12105,train,84_0092.wav,spk_84_0059,South,84
train,12106,train,84_0093.wav,spk_84_0059,South,84
train,12107,train,84_0094.wav,spk_84_0060,South,84
train,12108,train,84_0095.wav,spk_84_0060,South,84
train,12109,train,84_0096.wav,spk_84_0061,South,84
train,12110,train,84_0097.wav,spk_84_0062,South,84
train,12111,train,84_0098.wav,spk_84_0063,South,84
train,12112,train,84_0099.wav,spk_84_0063,South,84
train,12113,train,84_0100.wav,spk_84_0064,South,84
train,12114,train,84_0101.wav,spk_84_0065,South,84
train,12115,train,84_0102.wav,spk_84_0065,South,84
train,12116,train,84_0103.wav,spk_84_0066,South,84
train,12117,train,84_0104.wav,spk_84_0067,South,84
train,12118,train,84_0105.wav,spk_84_0068,South,84
train,12119,train,84_0106.wav,spk_84_0069,South,84
train,12120,train,84_0107.wav,spk_84_0069,South,84
train,12121,train,84_0108.wav,spk_84_0069,South,84
train,12122,train,84_0109.wav,spk_84_0070,South,84
train,12123,train,84_0110.wav,spk_84_0071,South,84
train,12124,train,84_0111.wav,spk_84_0071,South,84
train,12125,train,84_0112.wav,spk_84_0072,South,84
train,12126,train,84_0113.wav,spk_84_0073,South,84
train,12127,train,84_0114.wav,spk_84_0074,South,84
train,12128,train,84_0115.wav,spk_84_0074,South,84
train,12129,train,84_0116.wav,spk_84_0074,South,84
train,12130,train,84_0117.wav,spk_84_0074,South,84
train,12131,train,84_0118.wav,spk_84_0075,South,84
train,12132,train,84_0119.wav,spk_84_0075,South,84
train,12133,train,84_0120.wav,spk_84_0076,South,84
train,12134,train,84_0121.wav,spk_84_0076,South,84
train,12135,train,84_0122.wav,spk_84_0077,South,84
train,12136,train,84_0123.wav,spk_84_0077,South,84
train,12137,train,84_0124.wav,spk_84_0077,South,84
train,12138,train,84_0125.wav,spk_84_0078,South,84
train,12139,train,84_0126.wav,spk_84_0079,South,84
train,12140,train,84_0127.wav,spk_84_0080,South,84
train,12141,train,84_0128.wav,spk_84_0081,South,84
train,12142,train,84_0129.wav,spk_84_0081,South,84
train,12143,train,84_0130.wav,spk_84_0082,South,84
train,12144,train,84_0131.wav,spk_84_0083,South,84
train,12145,train,84_0132.wav,spk_84_0083,South,84
train,12146,train,84_0133.wav,spk_84_0084,South,84
train,12147,train,84_0134.wav,spk_84_0084,South,84
train,12148,train,84_0135.wav,spk_84_0085,South,84
train,12149,train,84_0136.wav,spk_84_0085,South,84
train,12150,train,84_0137.wav,spk_84_0086,South,84
train,12151,train,84_0138.wav,spk_84_0087,South,84
train,12152,train,84_0139.wav,spk_84_0087,South,84
train,12153,train,84_0140.wav,spk_84_0087,South,84
train,12154,train,84_0141.wav,spk_84_0088,South,84
train,12155,train,84_0142.wav,spk_84_0089,South,84
train,12156,train,84_0143.wav,spk_84_0089,South,84
train,12157,train,84_0144.wav,spk_84_0090,South,84
train,12158,train,84_0145.wav,spk_84_0090,South,84
train,12159,train,84_0146.wav,spk_84_0091,South,84
train,12160,train,84_0147.wav,spk_84_0091,South,84
train,12161,train,84_0148.wav,spk_84_0091,South,84
train,12162,train,84_0149.wav,spk_84_0091,South,84
train,12163,train,84_0150.wav,spk_84_0091,South,84
train,12164,train,84_0151.wav,spk_84_0092,South,84
train,12165,train,84_0152.wav,spk_84_0092,South,84
train,12166,train,84_0153.wav,spk_84_0092,South,84
train,12167,train,84_0154.wav,spk_84_0093,South,84
train,12168,train,84_0155.wav,spk_84_0093,South,84
train,12169,train,84_0156.wav,spk_84_0094,South,84
train,12170,train,84_0157.wav,spk_84_0094,South,84
train,12171,train,84_0158.wav,spk_84_0094,South,84
train,12172,train,84_0159.wav,spk_84_0095,South,84
train,12173,train,84_0160.wav,spk_84_0095,South,84
train,12174,train,84_0161.wav,spk_84_0095,South,84
train,12175,train,84_0162.wav,spk_84_0095,South,84
train,12176,train,84_0163.wav,spk_84_0095,South,84
train,12177,train,84_0164.wav,spk_84_0095,South,84
train,12178,train,84_0165.wav,spk_84_0095,South,84
train,12179,train,84_0166.wav,spk_84_0095,South,84
train,12180,train,84_0167.wav,spk_84_0096,South,84
train,12181,train,84_0168.wav,spk_84_0096,South,84
train,12182,train,84_0169.wav,spk_84_0096,South,84
train,12183,train,84_0170.wav,spk_84_0096,South,84
train,12184,train,84_0171.wav,spk_84_0097,South,84
train,12185,train,84_0172.wav,spk_84_0097,South,84
train,12186,train,84_0173.wav,spk_84_0097,South,84
train,12187,train,84_0174.wav,spk_84_0098,South,84
train,12188,train,84_0175.wav,spk_84_0099,South,84
train,12189,train,84_0176.wav,spk_84_0099,South,84
train,12190,train,84_0177.wav,spk_84_0099,South,84
train,12191,train,84_0178.wav,spk_84_0100,South,84
train,12192,train,84_0179.wav,spk_84_0101,South,84
train,12193,train,84_0180.wav,spk_84_0102,South,84
train,12194,train,84_0181.wav,spk_84_0102,South,84
train,12195,train,84_0182.wav,spk_84_0102,South,84
train,12196,train,84_0183.wav,spk_84_0102,South,84
train,12197,train,84_0184.wav,spk_84_0102,South,84
train,12198,train,84_0185.wav,spk_84_0102,South,84
train,12199,train,84_0186.wav,spk_84_0102,South,84
train,12200,train,84_0187.wav,spk_84_0102,South,84
train,12201,train,84_0188.wav,spk_84_0103,South,84
train,12202,train,84_0189.wav,spk_84_0103,South,84
train,12203,train,84_0190.wav,spk_84_0104,South,84
train,12204,train,84_0191.wav,spk_84_0104,South,84
train,12205,train,84_0192.wav,spk_84_0104,South,84
train,12206,train,84_0193.wav,spk_84_0104,South,84
train,12207,train,84_0194.wav,spk_84_0104,South,84
train,12208,train,84_0195.wav,spk_84_0105,South,84
train,12209,train,84_0196.wav,spk_84_0105,South,84
train,12210,train,84_0197.wav,spk_84_0105,South,84
train,12211,train,84_0198.wav,spk_84_0105,South,84
train,12212,train,84_0204.wav,spk_84_0107,South,84
train,12213,train,84_0205.wav,spk_84_0108,South,84
train,12214,train,84_0206.wav,spk_84_0108,South,84
train,12215,train,84_0207.wav,spk_84_0108,South,84
train,12216,train,84_0208.wav,spk_84_0109,South,84
train,12217,train,84_0209.wav,spk_84_0109,South,84
train,12218,train,84_0210.wav,spk_84_0109,South,84
train,12219,train,84_0211.wav,spk_84_0109,South,84
train,12220,train,84_0212.wav,spk_84_0110,South,84
train,12221,train,84_0213.wav,spk_84_0111,South,84
train,12222,train,84_0214.wav,spk_84_0111,South,84
train,12223,train,84_0215.wav,spk_84_0111,South,84
train,12224,train,84_0216.wav,spk_84_0112,South,84
train,12225,train,84_0217.wav,spk_84_0112,South,84
train,12226,train,84_0218.wav,spk_84_0112,South,84
train,12227,train,84_0219.wav,spk_84_0112,South,84
train,12228,train,84_0220.wav,spk_84_0112,South,84
train,12229,train,84_0221.wav,spk_84_0112,South,84
train,12230,train,84_0222.wav,spk_84_0112,South,84
train,12231,train,84_0229.wav,spk_84_0115,South,84
train,12232,train,84_0230.wav,spk_84_0115,South,84
train,12233,train,84_0231.wav,spk_84_0116,South,84
train,12234,train,84_0232.wav,spk_84_0116,South,84
train,12235,train,84_0233.wav,spk_84_0116,South,84
train,12236,train,84_0234.wav,spk_84_0116,South,84
train,12237,train,84_0235.wav,spk_84_0116,South,84
train,12238,train,84_0236.wav,spk_84_0116,South,84
train,12239,train,85_0001.wav,spk_85_0001,Central,85
train,12240,train,85_0002.wav,spk_85_0002,Central,85
train,12241,train,85_0003.wav,spk_85_0003,Central,85
train,12242,train,85_0004.wav,spk_85_0004,Central,85
train,12243,train,85_0005.wav,spk_85_0005,Central,85
train,12244,train,85_0006.wav,spk_85_0005,Central,85
train,12245,train,85_0007.wav,spk_85_0006,Central,85
train,12246,train,85_0008.wav,spk_85_0007,Central,85
train,12247,train,85_0009.wav,spk_85_0008,Central,85
train,12248,train,85_0010.wav,spk_85_0009,Central,85
train,12249,train,85_0011.wav,spk_85_0010,Central,85
train,12250,train,85_0012.wav,spk_85_0010,Central,85
train,12251,train,85_0013.wav,spk_85_0011,Central,85
train,12252,train,85_0014.wav,spk_85_0012,Central,85
train,12253,train,85_0015.wav,spk_85_0013,Central,85
train,12254,train,85_0016.wav,spk_85_0013,Central,85
train,12255,train,85_0017.wav,spk_85_0013,Central,85
train,12256,train,85_0018.wav,spk_85_0014,Central,85
train,12257,train,85_0019.wav,spk_85_0014,Central,85
train,12258,train,85_0020.wav,spk_85_0014,Central,85
train,12259,train,85_0021.wav,spk_85_0015,Central,85
train,12260,train,85_0022.wav,spk_85_0016,Central,85
train,12261,train,85_0023.wav,spk_85_0017,Central,85
train,12262,train,85_0024.wav,spk_85_0017,Central,85
train,12263,train,85_0025.wav,spk_85_0018,Central,85
train,12264,train,85_0026.wav,spk_85_0019,Central,85
train,12265,train,85_0027.wav,spk_85_0020,Central,85
train,12266,train,85_0028.wav,spk_85_0021,Central,85
train,12267,train,85_0029.wav,spk_85_0022,Central,85
train,12268,train,85_0030.wav,spk_85_0023,Central,85
train,12269,train,85_0031.wav,spk_85_0023,Central,85
train,12270,train,85_0032.wav,spk_85_0024,Central,85
train,12271,train,85_0033.wav,spk_85_0024,Central,85
train,12272,train,85_0034.wav,spk_85_0025,Central,85
train,12273,train,85_0035.wav,spk_85_0025,Central,85
train,12274,train,85_0036.wav,spk_85_0025,Central,85
train,12275,train,85_0037.wav,spk_85_0026,Central,85
train,12276,train,85_0038.wav,spk_85_0027,Central,85
train,12277,train,85_0039.wav,spk_85_0027,Central,85
train,12278,train,85_0040.wav,spk_85_0027,Central,85
train,12279,train,85_0041.wav,spk_85_0028,Central,85
train,12280,train,85_0042.wav,spk_85_0029,Central,85
train,12281,train,85_0043.wav,spk_85_0029,Central,85
train,12282,train,85_0044.wav,spk_85_0030,Central,85
train,12283,train,85_0045.wav,spk_85_0031,Central,85
train,12284,train,85_0046.wav,spk_85_0032,Central,85
train,12285,train,85_0047.wav,spk_85_0033,Central,85
train,12286,train,85_0048.wav,spk_85_0033,Central,85
train,12287,train,85_0049.wav,spk_85_0034,Central,85
train,12288,train,85_0050.wav,spk_85_0034,Central,85
train,12289,train,85_0051.wav,spk_85_0035,Central,85
train,12290,train,85_0052.wav,spk_85_0036,Central,85
train,12291,train,85_0053.wav,spk_85_0037,Central,85
train,12292,train,85_0054.wav,spk_85_0038,Central,85
train,12293,train,85_0055.wav,spk_85_0038,Central,85
train,12294,train,85_0056.wav,spk_85_0038,Central,85
train,12295,train,85_0057.wav,spk_85_0039,Central,85
train,12296,train,85_0058.wav,spk_85_0040,Central,85
train,12297,train,85_0059.wav,spk_85_0040,Central,85
train,12298,train,85_0060.wav,spk_85_0041,Central,85
train,12299,train,85_0061.wav,spk_85_0042,Central,85
train,12300,train,85_0062.wav,spk_85_0043,Central,85
train,12301,train,85_0063.wav,spk_85_0043,Central,85
train,12302,train,85_0064.wav,spk_85_0043,Central,85
train,12303,train,85_0065.wav,spk_85_0043,Central,85
train,12304,train,85_0066.wav,spk_85_0044,Central,85
train,12305,train,85_0067.wav,spk_85_0045,Central,85
train,12306,train,85_0068.wav,spk_85_0046,Central,85
train,12307,train,85_0069.wav,spk_85_0047,Central,85
train,12308,train,85_0070.wav,spk_85_0048,Central,85
train,12309,train,85_0071.wav,spk_85_0048,Central,85
train,12310,train,85_0072.wav,spk_85_0048,Central,85
train,12311,train,85_0073.wav,spk_85_0049,Central,85
train,12312,train,85_0074.wav,spk_85_0050,Central,85
train,12313,train,85_0075.wav,spk_85_0051,Central,85
train,12314,train,85_0076.wav,spk_85_0052,Central,85
train,12315,train,85_0077.wav,spk_85_0052,Central,85
train,12316,train,85_0078.wav,spk_85_0052,Central,85
train,12317,train,85_0079.wav,spk_85_0053,Central,85
train,12318,train,85_0080.wav,spk_85_0054,Central,85
train,12319,train,85_0081.wav,spk_85_0055,Central,85
train,12320,train,85_0082.wav,spk_85_0056,Central,85
train,12321,train,85_0083.wav,spk_85_0056,Central,85
train,12322,train,85_0084.wav,spk_85_0057,Central,85
train,12323,train,85_0085.wav,spk_85_0058,Central,85
train,12324,train,85_0086.wav,spk_85_0058,Central,85
train,12325,train,85_0087.wav,spk_85_0058,Central,85
train,12326,train,85_0088.wav,spk_85_0059,Central,85
train,12327,train,85_0089.wav,spk_85_0059,Central,85
train,12328,train,85_0090.wav,spk_85_0059,Central,85
train,12329,train,85_0091.wav,spk_85_0059,Central,85
train,12330,train,85_0092.wav,spk_85_0060,Central,85
train,12331,train,85_0093.wav,spk_85_0061,Central,85
train,12332,train,85_0094.wav,spk_85_0062,Central,85
train,12333,train,85_0095.wav,spk_85_0063,Central,85
train,12334,train,85_0096.wav,spk_85_0064,Central,85
train,12335,train,85_0097.wav,spk_85_0065,Central,85
train,12336,train,85_0098.wav,spk_85_0066,Central,85
train,12337,train,85_0099.wav,spk_85_0067,Central,85
train,12338,train,85_0100.wav,spk_85_0068,Central,85
train,12339,train,85_0101.wav,spk_85_0068,Central,85
train,12340,train,85_0102.wav,spk_85_0068,Central,85
train,12341,train,85_0103.wav,spk_85_0069,Central,85
train,12342,train,85_0104.wav,spk_85_0070,Central,85
train,12343,train,85_0105.wav,spk_85_0071,Central,85
train,12344,train,85_0106.wav,spk_85_0072,Central,85
train,12345,train,85_0107.wav,spk_85_0073,Central,85
train,12346,train,85_0108.wav,spk_85_0074,Central,85
train,12347,train,85_0109.wav,spk_85_0075,Central,85
train,12348,train,85_0110.wav,spk_85_0076,Central,85
train,12349,train,85_0111.wav,spk_85_0076,Central,85
train,12350,train,85_0112.wav,spk_85_0076,Central,85
train,12351,train,85_0113.wav,spk_85_0077,Central,85
train,12352,train,85_0114.wav,spk_85_0078,Central,85
train,12353,train,85_0115.wav,spk_85_0078,Central,85
train,12354,train,85_0116.wav,spk_85_0078,Central,85
train,12355,train,85_0117.wav,spk_85_0079,Central,85
train,12356,train,85_0118.wav,spk_85_0079,Central,85
train,12357,train,85_0119.wav,spk_85_0079,Central,85
train,12358,train,85_0120.wav,spk_85_0080,Central,85
train,12359,train,85_0121.wav,spk_85_0080,Central,85
train,12360,train,85_0122.wav,spk_85_0080,Central,85
train,12361,train,85_0123.wav,spk_85_0080,Central,85
train,12362,train,85_0124.wav,spk_85_0080,Central,85
train,12363,train,85_0125.wav,spk_85_0081,Central,85
train,12364,train,85_0126.wav,spk_85_0082,Central,85
train,12365,train,85_0127.wav,spk_85_0083,Central,85
train,12366,train,85_0128.wav,spk_85_0084,Central,85
train,12367,train,85_0129.wav,spk_85_0085,Central,85
train,12368,train,85_0130.wav,spk_85_0086,Central,85
train,12369,train,85_0131.wav,spk_85_0087,Central,85
train,12370,train,85_0132.wav,spk_85_0088,Central,85
train,12371,train,85_0133.wav,spk_85_0089,Central,85
train,12372,train,85_0134.wav,spk_85_0089,Central,85
train,12373,train,85_0135.wav,spk_85_0090,Central,85
train,12374,train,85_0136.wav,spk_85_0090,Central,85
train,12375,train,85_0137.wav,spk_85_0091,Central,85
train,12376,train,85_0138.wav,spk_85_0092,Central,85
train,12377,train,85_0139.wav,spk_85_0092,Central,85
train,12378,train,85_0140.wav,spk_85_0093,Central,85
train,12379,train,85_0141.wav,spk_85_0094,Central,85
train,12380,train,85_0142.wav,spk_85_0095,Central,85
train,12381,train,85_0143.wav,spk_85_0096,Central,85
train,12382,train,85_0144.wav,spk_85_0097,Central,85
train,12383,train,85_0145.wav,spk_85_0097,Central,85
train,12384,train,85_0146.wav,spk_85_0098,Central,85
train,12385,train,85_0147.wav,spk_85_0099,Central,85
train,12386,train,85_0148.wav,spk_85_0100,Central,85
train,12387,train,85_0149.wav,spk_85_0101,Central,85
train,12388,train,85_0150.wav,spk_85_0101,Central,85
train,12389,train,85_0151.wav,spk_85_0102,Central,85
train,12390,train,85_0152.wav,spk_85_0103,Central,85
train,12391,train,85_0153.wav,spk_85_0104,Central,85
train,12392,train,85_0154.wav,spk_85_0105,Central,85
train,12393,train,85_0155.wav,spk_85_0106,Central,85
train,12394,train,85_0156.wav,spk_85_0107,Central,85
train,12395,train,85_0157.wav,spk_85_0108,Central,85
train,12396,train,85_0158.wav,spk_85_0108,Central,85
train,12397,train,85_0159.wav,spk_85_0109,Central,85
train,12398,train,85_0160.wav,spk_85_0110,Central,85
train,12399,train,85_0161.wav,spk_85_0110,Central,85
train,12400,train,85_0162.wav,spk_85_0111,Central,85
train,12401,train,85_0163.wav,spk_85_0112,Central,85
train,12402,train,85_0164.wav,spk_85_0113,Central,85
train,12403,train,85_0165.wav,spk_85_0114,Central,85
train,12404,train,85_0166.wav,spk_85_0115,Central,85
train,12405,train,85_0167.wav,spk_85_0116,Central,85
train,12406,train,85_0168.wav,spk_85_0117,Central,85
train,12407,train,85_0169.wav,spk_85_0117,Central,85
train,12408,train,85_0170.wav,spk_85_0118,Central,85
train,12409,train,85_0171.wav,spk_85_0119,Central,85
train,12410,train,85_0172.wav,spk_85_0120,Central,85
train,12411,train,85_0173.wav,spk_85_0120,Central,85
train,12412,train,85_0174.wav,spk_85_0121,Central,85
train,12413,train,85_0175.wav,spk_85_0122,Central,85
train,12414,train,85_0176.wav,spk_85_0123,Central,85
train,12415,train,85_0177.wav,spk_85_0124,Central,85
train,12416,train,85_0178.wav,spk_85_0125,Central,85
train,12417,train,85_0179.wav,spk_85_0125,Central,85
train,12418,train,85_0180.wav,spk_85_0126,Central,85
train,12419,train,85_0181.wav,spk_85_0126,Central,85
train,12420,train,85_0182.wav,spk_85_0127,Central,85
train,12421,train,85_0183.wav,spk_85_0127,Central,85
train,12422,train,85_0184.wav,spk_85_0127,Central,85
train,12423,train,85_0185.wav,spk_85_0127,Central,85
train,12424,train,85_0186.wav,spk_85_0128,Central,85
train,12425,train,85_0187.wav,spk_85_0128,Central,85
train,12426,train,85_0188.wav,spk_85_0128,Central,85
train,12427,train,85_0189.wav,spk_85_0129,Central,85
train,12428,train,85_0190.wav,spk_85_0130,Central,85
train,12429,train,85_0191.wav,spk_85_0131,Central,85
train,12430,train,85_0192.wav,spk_85_0132,Central,85
train,12431,train,85_0193.wav,spk_85_0133,Central,85
train,12432,train,85_0194.wav,spk_85_0134,Central,85
train,12433,train,85_0195.wav,spk_85_0135,Central,85
train,12434,train,85_0196.wav,spk_85_0135,Central,85
train,12435,train,85_0197.wav,spk_85_0136,Central,85
train,12436,train,85_0198.wav,spk_85_0137,Central,85
train,12437,train,85_0199.wav,spk_85_0138,Central,85
train,12438,train,85_0200.wav,spk_85_0138,Central,85
train,12439,train,85_0201.wav,spk_85_0139,Central,85
train,12440,train,85_0202.wav,spk_85_0140,Central,85
train,12441,train,85_0203.wav,spk_85_0141,Central,85
train,12442,train,85_0204.wav,spk_85_0142,Central,85
train,12443,train,85_0205.wav,spk_85_0143,Central,85
train,12444,train,85_0206.wav,spk_85_0144,Central,85
train,12445,train,85_0207.wav,spk_85_0145,Central,85
train,12446,train,85_0208.wav,spk_85_0146,Central,85
train,12447,train,85_0209.wav,spk_85_0147,Central,85
train,12448,train,85_0210.wav,spk_85_0148,Central,85
train,12449,train,85_0214.wav,spk_85_0151,Central,85
train,12450,train,85_0215.wav,spk_85_0152,Central,85
train,12451,train,85_0216.wav,spk_85_0153,Central,85
train,12452,train,85_0217.wav,spk_85_0154,Central,85
train,12453,train,85_0218.wav,spk_85_0155,Central,85
train,12454,train,85_0219.wav,spk_85_0156,Central,85
train,12455,train,85_0220.wav,spk_85_0157,Central,85
train,12456,train,85_0221.wav,spk_85_0158,Central,85
train,12457,train,85_0222.wav,spk_85_0159,Central,85
train,12458,train,85_0223.wav,spk_85_0160,Central,85
train,12459,train,85_0224.wav,spk_85_0161,Central,85
train,12460,train,85_0225.wav,spk_85_0162,Central,85
train,12461,train,85_0226.wav,spk_85_0163,Central,85
train,12462,train,85_0227.wav,spk_85_0164,Central,85
train,12463,train,85_0228.wav,spk_85_0165,Central,85
train,12464,train,85_0229.wav,spk_85_0166,Central,85
train,12465,train,85_0230.wav,spk_85_0166,Central,85
train,12466,train,85_0231.wav,spk_85_0167,Central,85
train,12467,train,85_0232.wav,spk_85_0168,Central,85
train,12468,train,85_0233.wav,spk_85_0168,Central,85
train,12469,train,85_0234.wav,spk_85_0168,Central,85
train,12470,train,85_0235.wav,spk_85_0168,Central,85
train,12471,train,85_0236.wav,spk_85_0169,Central,85
train,12472,train,85_0237.wav,spk_85_0170,Central,85
train,12473,train,85_0238.wav,spk_85_0170,Central,85
train,12474,train,85_0239.wav,spk_85_0171,Central,85
train,12475,train,85_0240.wav,spk_85_0172,Central,85
train,12476,train,85_0242.wav,spk_85_0174,Central,85
train,12477,train,85_0243.wav,spk_85_0175,Central,85
train,12478,train,85_0244.wav,spk_85_0175,Central,85
train,12479,train,85_0246.wav,spk_85_0177,Central,85
train,12480,train,85_0247.wav,spk_85_0178,Central,85
train,12481,train,85_0248.wav,spk_85_0179,Central,85
train,12482,train,85_0249.wav,spk_85_0179,Central,85
train,12483,train,85_0250.wav,spk_85_0180,Central,85
train,12484,train,85_0251.wav,spk_85_0181,Central,85
train,12485,train,86_0001.wav,spk_86_0001,Central,86
train,12486,train,86_0002.wav,spk_86_0002,Central,86
train,12487,train,86_0003.wav,spk_86_0002,Central,86
train,12488,train,86_0004.wav,spk_86_0003,Central,86
train,12489,train,86_0005.wav,spk_86_0004,Central,86
train,12490,train,86_0006.wav,spk_86_0004,Central,86
train,12491,train,86_0007.wav,spk_86_0005,Central,86
train,12492,train,86_0008.wav,spk_86_0005,Central,86
train,12493,train,86_0009.wav,spk_86_0005,Central,86
train,12494,train,86_0010.wav,spk_86_0006,Central,86
train,12495,train,86_0011.wav,spk_86_0007,Central,86
train,12496,train,86_0012.wav,spk_86_0008,Central,86
train,12497,train,86_0013.wav,spk_86_0009,Central,86
train,12498,train,86_0014.wav,spk_86_0009,Central,86
train,12499,train,86_0015.wav,spk_86_0010,Central,86
train,12500,train,86_0016.wav,spk_86_0011,Central,86
train,12501,train,86_0017.wav,spk_86_0011,Central,86
train,12502,train,86_0018.wav,spk_86_0012,Central,86
train,12503,train,86_0019.wav,spk_86_0013,Central,86
train,12504,train,86_0020.wav,spk_86_0014,Central,86
train,12505,train,86_0021.wav,spk_86_0015,Central,86
train,12506,train,86_0022.wav,spk_86_0015,Central,86
train,12507,train,86_0023.wav,spk_86_0016,Central,86
train,12508,train,86_0024.wav,spk_86_0016,Central,86
train,12509,train,86_0025.wav,spk_86_0017,Central,86
train,12510,train,86_0026.wav,spk_86_0017,Central,86
train,12511,train,86_0027.wav,spk_86_0018,Central,86
train,12512,train,86_0028.wav,spk_86_0018,Central,86
train,12513,train,86_0029.wav,spk_86_0019,Central,86
train,12514,train,86_0030.wav,spk_86_0020,Central,86
train,12515,train,86_0031.wav,spk_86_0021,Central,86
train,12516,train,86_0032.wav,spk_86_0022,Central,86
train,12517,train,86_0033.wav,spk_86_0023,Central,86
train,12518,train,86_0034.wav,spk_86_0024,Central,86
train,12519,train,86_0035.wav,spk_86_0025,Central,86
train,12520,train,86_0036.wav,spk_86_0026,Central,86
train,12521,train,86_0037.wav,spk_86_0027,Central,86
train,12522,train,86_0038.wav,spk_86_0027,Central,86
train,12523,train,86_0039.wav,spk_86_0028,Central,86
train,12524,train,86_0040.wav,spk_86_0029,Central,86
train,12525,train,86_0041.wav,spk_86_0030,Central,86
train,12526,train,86_0042.wav,spk_86_0031,Central,86
train,12527,train,86_0043.wav,spk_86_0032,Central,86
train,12528,train,86_0044.wav,spk_86_0033,Central,86
train,12529,train,86_0045.wav,spk_86_0034,Central,86
train,12530,train,86_0046.wav,spk_86_0035,Central,86
train,12531,train,86_0047.wav,spk_86_0036,Central,86
train,12532,train,86_0048.wav,spk_86_0036,Central,86
train,12533,train,86_0049.wav,spk_86_0037,Central,86
train,12534,train,86_0050.wav,spk_86_0037,Central,86
train,12535,train,86_0051.wav,spk_86_0037,Central,86
train,12536,train,86_0052.wav,spk_86_0038,Central,86
train,12537,train,86_0053.wav,spk_86_0038,Central,86
train,12538,train,86_0054.wav,spk_86_0039,Central,86
train,12539,train,86_0055.wav,spk_86_0040,Central,86
train,12540,train,86_0056.wav,spk_86_0041,Central,86
train,12541,train,86_0057.wav,spk_86_0042,Central,86
train,12542,train,86_0058.wav,spk_86_0043,Central,86
train,12543,train,86_0059.wav,spk_86_0044,Central,86
train,12544,train,86_0060.wav,spk_86_0045,Central,86
train,12545,train,86_0061.wav,spk_86_0046,Central,86
train,12546,train,86_0062.wav,spk_86_0046,Central,86
train,12547,train,86_0063.wav,spk_86_0047,Central,86
train,12548,train,86_0064.wav,spk_86_0048,Central,86
train,12549,train,86_0065.wav,spk_86_0048,Central,86
train,12550,train,86_0066.wav,spk_86_0049,Central,86
train,12551,train,86_0067.wav,spk_86_0049,Central,86
train,12552,train,86_0068.wav,spk_86_0050,Central,86
train,12553,train,86_0069.wav,spk_86_0051,Central,86
train,12554,train,86_0070.wav,spk_86_0052,Central,86
train,12555,train,86_0071.wav,spk_86_0053,Central,86
train,12556,train,86_0072.wav,spk_86_0054,Central,86
train,12557,train,86_0073.wav,spk_86_0054,Central,86
train,12558,train,86_0074.wav,spk_86_0055,Central,86
train,12559,train,86_0075.wav,spk_86_0056,Central,86
train,12560,train,86_0076.wav,spk_86_0057,Central,86
train,12561,train,86_0077.wav,spk_86_0058,Central,86
train,12562,train,86_0078.wav,spk_86_0059,Central,86
train,12563,train,86_0079.wav,spk_86_0060,Central,86
train,12564,train,86_0080.wav,spk_86_0060,Central,86
train,12565,train,86_0081.wav,spk_86_0061,Central,86
train,12566,train,86_0082.wav,spk_86_0062,Central,86
train,12567,train,86_0083.wav,spk_86_0063,Central,86
train,12568,train,86_0084.wav,spk_86_0064,Central,86
train,12569,train,86_0085.wav,spk_86_0065,Central,86
train,12570,train,86_0086.wav,spk_86_0066,Central,86
train,12571,train,86_0087.wav,spk_86_0067,Central,86
train,12572,train,86_0088.wav,spk_86_0068,Central,86
train,12573,train,86_0089.wav,spk_86_0069,Central,86
train,12574,train,86_0090.wav,spk_86_0070,Central,86
train,12575,train,86_0091.wav,spk_86_0071,Central,86
train,12576,train,86_0092.wav,spk_86_0072,Central,86
train,12577,train,86_0093.wav,spk_86_0072,Central,86
train,12578,train,86_0094.wav,spk_86_0073,Central,86
train,12579,train,86_0095.wav,spk_86_0073,Central,86
train,12580,train,86_0096.wav,spk_86_0074,Central,86
train,12581,train,86_0097.wav,spk_86_0074,Central,86
train,12582,train,86_0098.wav,spk_86_0075,Central,86
train,12583,train,86_0099.wav,spk_86_0075,Central,86
train,12584,train,86_0100.wav,spk_86_0076,Central,86
train,12585,train,86_0101.wav,spk_86_0076,Central,86
train,12586,train,86_0102.wav,spk_86_0077,Central,86
train,12587,train,86_0103.wav,spk_86_0077,Central,86
train,12588,train,86_0104.wav,spk_86_0077,Central,86
train,12589,train,86_0105.wav,spk_86_0077,Central,86
train,12590,train,86_0106.wav,spk_86_0078,Central,86
train,12591,train,86_0107.wav,spk_86_0079,Central,86
train,12592,train,86_0108.wav,spk_86_0080,Central,86
train,12593,train,86_0109.wav,spk_86_0081,Central,86
train,12594,train,86_0110.wav,spk_86_0082,Central,86
train,12595,train,86_0111.wav,spk_86_0083,Central,86
train,12596,train,86_0112.wav,spk_86_0084,Central,86
train,12597,train,86_0113.wav,spk_86_0085,Central,86
train,12598,train,86_0114.wav,spk_86_0085,Central,86
train,12599,train,86_0115.wav,spk_86_0086,Central,86
train,12600,train,86_0116.wav,spk_86_0086,Central,86
train,12601,train,86_0117.wav,spk_86_0087,Central,86
train,12602,train,86_0118.wav,spk_86_0088,Central,86
train,12603,train,86_0119.wav,spk_86_0089,Central,86
train,12604,train,86_0120.wav,spk_86_0089,Central,86
train,12605,train,86_0121.wav,spk_86_0090,Central,86
train,12606,train,86_0122.wav,spk_86_0090,Central,86
train,12607,train,86_0123.wav,spk_86_0091,Central,86
train,12608,train,86_0124.wav,spk_86_0092,Central,86
train,12609,train,86_0125.wav,spk_86_0093,Central,86
train,12610,train,86_0126.wav,spk_86_0094,Central,86
train,12611,train,86_0127.wav,spk_86_0094,Central,86
train,12612,train,86_0128.wav,spk_86_0094,Central,86
train,12613,train,86_0129.wav,spk_86_0094,Central,86
train,12614,train,86_0130.wav,spk_86_0094,Central,86
train,12615,train,86_0131.wav,spk_86_0095,Central,86
train,12616,train,86_0132.wav,spk_86_0095,Central,86
train,12617,train,86_0133.wav,spk_86_0096,Central,86
train,12618,train,86_0134.wav,spk_86_0097,Central,86
train,12619,train,86_0135.wav,spk_86_0098,Central,86
train,12620,train,86_0136.wav,spk_86_0099,Central,86
train,12621,train,86_0137.wav,spk_86_0100,Central,86
train,12622,train,86_0138.wav,spk_86_0101,Central,86
train,12623,train,86_0139.wav,spk_86_0102,Central,86
train,12624,train,86_0140.wav,spk_86_0102,Central,86
train,12625,train,86_0141.wav,spk_86_0103,Central,86
train,12626,train,86_0142.wav,spk_86_0104,Central,86
train,12627,train,86_0143.wav,spk_86_0105,Central,86
train,12628,train,86_0144.wav,spk_86_0105,Central,86
train,12629,train,86_0145.wav,spk_86_0106,Central,86
train,12630,train,86_0146.wav,spk_86_0106,Central,86
train,12631,train,86_0147.wav,spk_86_0107,Central,86
train,12632,train,86_0148.wav,spk_86_0107,Central,86
train,12633,train,86_0149.wav,spk_86_0107,Central,86
train,12634,train,86_0150.wav,spk_86_0108,Central,86
train,12635,train,86_0151.wav,spk_86_0108,Central,86
train,12636,train,86_0152.wav,spk_86_0109,Central,86
train,12637,train,86_0153.wav,spk_86_0109,Central,86
train,12638,train,86_0154.wav,spk_86_0110,Central,86
train,12639,train,86_0155.wav,spk_86_0110,Central,86
train,12640,train,86_0156.wav,spk_86_0111,Central,86
train,12641,train,86_0157.wav,spk_86_0111,Central,86
train,12642,train,86_0158.wav,spk_86_0112,Central,86
train,12643,train,86_0159.wav,spk_86_0113,Central,86
train,12644,train,86_0160.wav,spk_86_0114,Central,86
train,12645,train,86_0161.wav,spk_86_0114,Central,86
train,12646,train,86_0162.wav,spk_86_0115,Central,86
train,12647,train,86_0163.wav,spk_86_0115,Central,86
train,12648,train,86_0164.wav,spk_86_0116,Central,86
train,12649,train,86_0165.wav,spk_86_0117,Central,86
train,12650,train,86_0166.wav,spk_86_0117,Central,86
train,12651,train,86_0167.wav,spk_86_0117,Central,86
train,12652,train,86_0168.wav,spk_86_0118,Central,86
train,12653,train,86_0169.wav,spk_86_0118,Central,86
train,12654,train,86_0170.wav,spk_86_0119,Central,86
train,12655,train,86_0171.wav,spk_86_0120,Central,86
train,12656,train,86_0172.wav,spk_86_0121,Central,86
train,12657,train,86_0173.wav,spk_86_0122,Central,86
train,12658,train,86_0174.wav,spk_86_0123,Central,86
train,12659,train,86_0175.wav,spk_86_0123,Central,86
train,12660,train,86_0176.wav,spk_86_0123,Central,86
train,12661,train,86_0177.wav,spk_86_0123,Central,86
train,12662,train,86_0178.wav,spk_86_0123,Central,86
train,12663,train,86_0179.wav,spk_86_0123,Central,86
train,12664,train,86_0180.wav,spk_86_0124,Central,86
train,12665,train,86_0181.wav,spk_86_0124,Central,86
train,12666,train,86_0182.wav,spk_86_0124,Central,86
train,12667,train,86_0183.wav,spk_86_0125,Central,86
train,12668,train,86_0184.wav,spk_86_0125,Central,86
train,12669,train,86_0185.wav,spk_86_0126,Central,86
train,12670,train,86_0186.wav,spk_86_0126,Central,86
train,12671,train,86_0187.wav,spk_86_0127,Central,86
train,12672,train,86_0188.wav,spk_86_0128,Central,86
train,12673,train,86_0189.wav,spk_86_0128,Central,86
train,12674,train,86_0190.wav,spk_86_0129,Central,86
train,12675,train,86_0191.wav,spk_86_0130,Central,86
train,12676,train,86_0192.wav,spk_86_0131,Central,86
train,12677,train,86_0193.wav,spk_86_0132,Central,86
train,12678,train,86_0194.wav,spk_86_0133,Central,86
train,12679,train,86_0195.wav,spk_86_0134,Central,86
train,12680,train,86_0196.wav,spk_86_0135,Central,86
train,12681,train,86_0197.wav,spk_86_0136,Central,86
train,12682,train,86_0198.wav,spk_86_0137,Central,86
train,12683,train,86_0199.wav,spk_86_0138,Central,86
train,12684,train,86_0200.wav,spk_86_0139,Central,86
train,12685,train,86_0201.wav,spk_86_0140,Central,86
train,12686,train,86_0202.wav,spk_86_0141,Central,86
train,12687,train,86_0203.wav,spk_86_0142,Central,86
train,12688,train,86_0204.wav,spk_86_0142,Central,86
train,12689,train,86_0205.wav,spk_86_0143,Central,86
train,12690,train,86_0206.wav,spk_86_0144,Central,86
train,12691,train,86_0207.wav,spk_86_0144,Central,86
train,12692,train,86_0208.wav,spk_86_0145,Central,86
train,12693,train,86_0209.wav,spk_86_0145,Central,86
train,12694,train,86_0210.wav,spk_86_0146,Central,86
train,12695,train,86_0211.wav,spk_86_0147,Central,86
train,12696,train,86_0212.wav,spk_86_0147,Central,86
train,12697,train,86_0213.wav,spk_86_0147,Central,86
train,12698,train,86_0214.wav,spk_86_0147,Central,86
train,12699,train,86_0215.wav,spk_86_0147,Central,86
train,12700,train,86_0216.wav,spk_86_0147,Central,86
train,12701,train,86_0217.wav,spk_86_0147,Central,86
train,12702,train,86_0218.wav,spk_86_0147,Central,86
train,12703,train,86_0219.wav,spk_86_0147,Central,86
train,12704,train,86_0220.wav,spk_86_0148,Central,86
train,12705,train,86_0221.wav,spk_86_0149,Central,86
train,12706,train,86_0222.wav,spk_86_0150,Central,86
train,12707,train,86_0223.wav,spk_86_0151,Central,86
train,12708,train,86_0224.wav,spk_86_0152,Central,86
train,12709,train,86_0225.wav,spk_86_0153,Central,86
train,12710,train,86_0226.wav,spk_86_0154,Central,86
train,12711,train,86_0227.wav,spk_86_0155,Central,86
train,12712,train,86_0228.wav,spk_86_0156,Central,86
train,12713,train,86_0229.wav,spk_86_0156,Central,86
train,12714,train,86_0230.wav,spk_86_0156,Central,86
train,12715,train,86_0231.wav,spk_86_0156,Central,86
train,12716,train,86_0232.wav,spk_86_0157,Central,86
train,12717,train,86_0233.wav,spk_86_0158,Central,86
train,12718,train,86_0234.wav,spk_86_0159,Central,86
train,12719,train,86_0235.wav,spk_86_0160,Central,86
train,12720,train,86_0236.wav,spk_86_0160,Central,86
train,12721,train,86_0237.wav,spk_86_0161,Central,86
train,12722,train,86_0238.wav,spk_86_0161,Central,86
train,12723,train,86_0239.wav,spk_86_0162,Central,86
train,12724,train,86_0240.wav,spk_86_0162,Central,86
train,12725,train,86_0241.wav,spk_86_0162,Central,86
train,12726,train,86_0242.wav,spk_86_0162,Central,86
train,12727,train,86_0243.wav,spk_86_0163,Central,86
train,12728,train,86_0244.wav,spk_86_0163,Central,86
train,12729,train,86_0245.wav,spk_86_0163,Central,86
train,12730,train,86_0246.wav,spk_86_0164,Central,86
train,12731,train,86_0247.wav,spk_86_0165,Central,86
train,12732,train,86_0248.wav,spk_86_0165,Central,86
train,12733,train,86_0249.wav,spk_86_0166,Central,86
train,12734,train,86_0250.wav,spk_86_0166,Central,86
train,12735,train,86_0251.wav,spk_86_0167,Central,86
train,12736,train,86_0252.wav,spk_86_0167,Central,86
train,12737,train,86_0253.wav,spk_86_0168,Central,86
train,12738,train,86_0254.wav,spk_86_0168,Central,86
train,12739,train,86_0255.wav,spk_86_0169,Central,86
train,12740,train,86_0258.wav,spk_86_0171,Central,86
train,12741,train,86_0259.wav,spk_86_0171,Central,86
train,12742,train,86_0260.wav,spk_86_0171,Central,86
train,12743,train,86_0261.wav,spk_86_0171,Central,86
train,12744,train,86_0270.wav,spk_86_0177,Central,86
train,12745,train,86_0271.wav,spk_86_0178,Central,86
train,12746,train,86_0272.wav,spk_86_0178,Central,86
train,12747,train,88_0001.wav,spk_88_0001,North,88
train,12748,train,88_0002.wav,spk_88_0002,North,88
train,12749,train,88_0003.wav,spk_88_0003,North,88
train,12750,train,88_0004.wav,spk_88_0003,North,88
train,12751,train,88_0005.wav,spk_88_0004,North,88
train,12752,train,88_0006.wav,spk_88_0004,North,88
train,12753,train,88_0007.wav,spk_88_0005,North,88
train,12754,train,88_0008.wav,spk_88_0006,North,88
train,12755,train,88_0009.wav,spk_88_0007,North,88
train,12756,train,88_0010.wav,spk_88_0008,North,88
train,12757,train,88_0011.wav,spk_88_0009,North,88
train,12758,train,88_0012.wav,spk_88_0010,North,88
train,12759,train,88_0013.wav,spk_88_0011,North,88
train,12760,train,88_0014.wav,spk_88_0012,North,88
train,12761,train,88_0015.wav,spk_88_0013,North,88
train,12762,train,88_0016.wav,spk_88_0014,North,88
train,12763,train,88_0017.wav,spk_88_0015,North,88
train,12764,train,88_0018.wav,spk_88_0016,North,88
train,12765,train,88_0019.wav,spk_88_0017,North,88
train,12766,train,88_0020.wav,spk_88_0018,North,88
train,12767,train,88_0021.wav,spk_88_0019,North,88
train,12768,train,88_0022.wav,spk_88_0020,North,88
train,12769,train,88_0023.wav,spk_88_0021,North,88
train,12770,train,88_0024.wav,spk_88_0022,North,88
train,12771,train,88_0025.wav,spk_88_0023,North,88
train,12772,train,88_0026.wav,spk_88_0024,North,88
train,12773,train,88_0027.wav,spk_88_0024,North,88
train,12774,train,88_0028.wav,spk_88_0025,North,88
train,12775,train,88_0029.wav,spk_88_0026,North,88
train,12776,train,88_0030.wav,spk_88_0027,North,88
train,12777,train,88_0031.wav,spk_88_0028,North,88
train,12778,train,88_0032.wav,spk_88_0029,North,88
train,12779,train,88_0033.wav,spk_88_0030,North,88
train,12780,train,88_0034.wav,spk_88_0030,North,88
train,12781,train,88_0035.wav,spk_88_0031,North,88
train,12782,train,88_0036.wav,spk_88_0032,North,88
train,12783,train,88_0037.wav,spk_88_0033,North,88
train,12784,train,88_0038.wav,spk_88_0034,North,88
train,12785,train,88_0039.wav,spk_88_0035,North,88
train,12786,train,88_0040.wav,spk_88_0036,North,88
train,12787,train,88_0041.wav,spk_88_0037,North,88
train,12788,train,88_0042.wav,spk_88_0037,North,88
train,12789,train,88_0043.wav,spk_88_0038,North,88
train,12790,train,88_0044.wav,spk_88_0039,North,88
train,12791,train,88_0045.wav,spk_88_0040,North,88
train,12792,train,88_0046.wav,spk_88_0041,North,88
train,12793,train,88_0047.wav,spk_88_0042,North,88
train,12794,train,88_0048.wav,spk_88_0043,North,88
train,12795,train,88_0049.wav,spk_88_0044,North,88
train,12796,train,88_0050.wav,spk_88_0045,North,88
train,12797,train,88_0051.wav,spk_88_0046,North,88
train,12798,train,88_0052.wav,spk_88_0047,North,88
train,12799,train,88_0053.wav,spk_88_0048,North,88
train,12800,train,88_0054.wav,spk_88_0049,North,88
train,12801,train,88_0055.wav,spk_88_0050,North,88
train,12802,train,88_0056.wav,spk_88_0051,North,88
train,12803,train,88_0057.wav,spk_88_0052,North,88
train,12804,train,88_0058.wav,spk_88_0053,North,88
train,12805,train,88_0059.wav,spk_88_0054,North,88
train,12806,train,88_0060.wav,spk_88_0055,North,88
train,12807,train,88_0061.wav,spk_88_0056,North,88
train,12808,train,88_0062.wav,spk_88_0057,North,88
train,12809,train,88_0063.wav,spk_88_0058,North,88
train,12810,train,88_0064.wav,spk_88_0059,North,88
train,12811,train,88_0065.wav,spk_88_0060,North,88
train,12812,train,88_0066.wav,spk_88_0061,North,88
train,12813,train,88_0067.wav,spk_88_0061,North,88
train,12814,train,88_0068.wav,spk_88_0062,North,88
train,12815,train,88_0069.wav,spk_88_0063,North,88
train,12816,train,88_0070.wav,spk_88_0064,North,88
train,12817,train,88_0071.wav,spk_88_0065,North,88
train,12818,train,88_0072.wav,spk_88_0066,North,88
train,12819,train,88_0073.wav,spk_88_0067,North,88
train,12820,train,88_0074.wav,spk_88_0067,North,88
train,12821,train,88_0075.wav,spk_88_0068,North,88
train,12822,train,88_0076.wav,spk_88_0068,North,88
train,12823,train,88_0077.wav,spk_88_0069,North,88
train,12824,train,88_0078.wav,spk_88_0070,North,88
train,12825,train,88_0079.wav,spk_88_0070,North,88
train,12826,train,88_0080.wav,spk_88_0071,North,88
train,12827,train,88_0081.wav,spk_88_0072,North,88
train,12828,train,88_0082.wav,spk_88_0073,North,88
train,12829,train,88_0083.wav,spk_88_0074,North,88
train,12830,train,88_0084.wav,spk_88_0074,North,88
train,12831,train,88_0085.wav,spk_88_0075,North,88
train,12832,train,88_0086.wav,spk_88_0076,North,88
train,12833,train,88_0087.wav,spk_88_0076,North,88
train,12834,train,88_0088.wav,spk_88_0077,North,88
train,12835,train,88_0089.wav,spk_88_0078,North,88
train,12836,train,88_0090.wav,spk_88_0079,North,88
train,12837,train,88_0091.wav,spk_88_0080,North,88
train,12838,train,88_0092.wav,spk_88_0081,North,88
train,12839,train,88_0093.wav,spk_88_0081,North,88
train,12840,train,88_0094.wav,spk_88_0082,North,88
train,12841,train,88_0095.wav,spk_88_0083,North,88
train,12842,train,88_0096.wav,spk_88_0083,North,88
train,12843,train,88_0097.wav,spk_88_0084,North,88
train,12844,train,88_0098.wav,spk_88_0085,North,88
train,12845,train,88_0099.wav,spk_88_0086,North,88
train,12846,train,88_0100.wav,spk_88_0087,North,88
train,12847,train,88_0101.wav,spk_88_0088,North,88
train,12848,train,88_0102.wav,spk_88_0088,North,88
train,12849,train,88_0103.wav,spk_88_0089,North,88
train,12850,train,88_0104.wav,spk_88_0089,North,88
train,12851,train,88_0105.wav,spk_88_0090,North,88
train,12852,train,88_0106.wav,spk_88_0091,North,88
train,12853,train,88_0107.wav,spk_88_0092,North,88
train,12854,train,88_0108.wav,spk_88_0093,North,88
train,12855,train,88_0109.wav,spk_88_0094,North,88
train,12856,train,88_0110.wav,spk_88_0095,North,88
train,12857,train,88_0111.wav,spk_88_0096,North,88
train,12858,train,88_0112.wav,spk_88_0097,North,88
train,12859,train,88_0113.wav,spk_88_0098,North,88
train,12860,train,88_0114.wav,spk_88_0098,North,88
train,12861,train,88_0115.wav,spk_88_0099,North,88
train,12862,train,88_0116.wav,spk_88_0100,North,88
train,12863,train,88_0117.wav,spk_88_0101,North,88
train,12864,train,88_0118.wav,spk_88_0102,North,88
train,12865,train,88_0119.wav,spk_88_0103,North,88
train,12866,train,88_0120.wav,spk_88_0103,North,88
train,12867,train,88_0121.wav,spk_88_0104,North,88
train,12868,train,88_0122.wav,spk_88_0105,North,88
train,12869,train,88_0123.wav,spk_88_0106,North,88
train,12870,train,88_0124.wav,spk_88_0107,North,88
train,12871,train,88_0125.wav,spk_88_0108,North,88
train,12872,train,88_0126.wav,spk_88_0109,North,88
train,12873,train,88_0127.wav,spk_88_0110,North,88
train,12874,train,88_0128.wav,spk_88_0111,North,88
train,12875,train,88_0129.wav,spk_88_0112,North,88
train,12876,train,88_0130.wav,spk_88_0112,North,88
train,12877,train,88_0131.wav,spk_88_0112,North,88
train,12878,train,88_0132.wav,spk_88_0112,North,88
train,12879,train,88_0133.wav,spk_88_0113,North,88
train,12880,train,88_0134.wav,spk_88_0114,North,88
train,12881,train,88_0135.wav,spk_88_0115,North,88
train,12882,train,88_0136.wav,spk_88_0116,North,88
train,12883,train,88_0137.wav,spk_88_0116,North,88
train,12884,train,88_0138.wav,spk_88_0117,North,88
train,12885,train,88_0139.wav,spk_88_0117,North,88
train,12886,train,88_0140.wav,spk_88_0118,North,88
train,12887,train,88_0141.wav,spk_88_0119,North,88
train,12888,train,88_0142.wav,spk_88_0120,North,88
train,12889,train,88_0143.wav,spk_88_0120,North,88
train,12890,train,88_0144.wav,spk_88_0121,North,88
train,12891,train,88_0145.wav,spk_88_0122,North,88
train,12892,train,88_0146.wav,spk_88_0122,North,88
train,12893,train,88_0147.wav,spk_88_0123,North,88
train,12894,train,88_0148.wav,spk_88_0123,North,88
train,12895,train,88_0149.wav,spk_88_0124,North,88
train,12896,train,88_0150.wav,spk_88_0125,North,88
train,12897,train,88_0151.wav,spk_88_0126,North,88
train,12898,train,88_0152.wav,spk_88_0127,North,88
train,12899,train,88_0153.wav,spk_88_0127,North,88
train,12900,train,88_0154.wav,spk_88_0128,North,88
train,12901,train,88_0155.wav,spk_88_0128,North,88
train,12902,train,88_0156.wav,spk_88_0129,North,88
train,12903,train,88_0157.wav,spk_88_0129,North,88
train,12904,train,88_0158.wav,spk_88_0130,North,88
train,12905,train,88_0159.wav,spk_88_0131,North,88
train,12906,train,88_0160.wav,spk_88_0132,North,88
train,12907,train,88_0161.wav,spk_88_0133,North,88
train,12908,train,88_0162.wav,spk_88_0134,North,88
train,12909,train,88_0163.wav,spk_88_0135,North,88
train,12910,train,88_0164.wav,spk_88_0136,North,88
train,12911,train,88_0165.wav,spk_88_0137,North,88
train,12912,train,88_0166.wav,spk_88_0138,North,88
train,12913,train,88_0167.wav,spk_88_0138,North,88
train,12914,train,88_0168.wav,spk_88_0139,North,88
train,12915,train,88_0169.wav,spk_88_0140,North,88
train,12916,train,88_0170.wav,spk_88_0141,North,88
train,12917,train,88_0171.wav,spk_88_0142,North,88
train,12918,train,88_0172.wav,spk_88_0143,North,88
train,12919,train,88_0173.wav,spk_88_0144,North,88
train,12920,train,88_0174.wav,spk_88_0144,North,88
train,12921,train,88_0175.wav,spk_88_0145,North,88
train,12922,train,88_0176.wav,spk_88_0145,North,88
train,12923,train,88_0177.wav,spk_88_0145,North,88
train,12924,train,88_0178.wav,spk_88_0145,North,88
train,12925,train,88_0179.wav,spk_88_0145,North,88
train,12926,train,88_0180.wav,spk_88_0145,North,88
train,12927,train,88_0181.wav,spk_88_0146,North,88
train,12928,train,88_0182.wav,spk_88_0147,North,88
train,12929,train,88_0183.wav,spk_88_0148,North,88
train,12930,train,88_0184.wav,spk_88_0148,North,88
train,12931,train,88_0185.wav,spk_88_0149,North,88
train,12932,train,88_0186.wav,spk_88_0149,North,88
train,12933,train,88_0187.wav,spk_88_0150,North,88
train,12934,train,88_0188.wav,spk_88_0151,North,88
train,12935,train,88_0189.wav,spk_88_0152,North,88
train,12936,train,88_0190.wav,spk_88_0153,North,88
train,12937,train,88_0191.wav,spk_88_0154,North,88
train,12938,train,88_0192.wav,spk_88_0155,North,88
train,12939,train,88_0193.wav,spk_88_0155,North,88
train,12940,train,88_0194.wav,spk_88_0156,North,88
train,12941,train,88_0195.wav,spk_88_0157,North,88
train,12942,train,88_0196.wav,spk_88_0157,North,88
train,12943,train,88_0197.wav,spk_88_0157,North,88
train,12944,train,88_0198.wav,spk_88_0157,North,88
train,12945,train,88_0200.wav,spk_88_0159,North,88
train,12946,train,88_0201.wav,spk_88_0160,North,88
train,12947,train,88_0202.wav,spk_88_0160,North,88
train,12948,train,88_0203.wav,spk_88_0161,North,88
train,12949,train,88_0205.wav,spk_88_0163,North,88
train,12950,train,88_0209.wav,spk_88_0166,North,88
train,12951,train,88_0210.wav,spk_88_0166,North,88
train,12952,train,88_0212.wav,spk_88_0168,North,88
train,12953,train,88_0213.wav,spk_88_0169,North,88
train,12954,train,88_0214.wav,spk_88_0170,North,88
train,12955,train,88_0217.wav,spk_88_0173,North,88
train,12956,train,88_0218.wav,spk_88_0174,North,88
train,12957,train,88_0219.wav,spk_88_0174,North,88
train,12958,train,88_0220.wav,spk_88_0175,North,88
train,12959,train,88_0221.wav,spk_88_0176,North,88
train,12960,train,88_0222.wav,spk_88_0177,North,88
train,12961,train,88_0223.wav,spk_88_0177,North,88
train,12962,train,89_0001.wav,spk_89_0001,North,89
train,12963,train,89_0002.wav,spk_89_0002,North,89
train,12964,train,89_0003.wav,spk_89_0003,North,89
train,12965,train,89_0004.wav,spk_89_0004,North,89
train,12966,train,89_0005.wav,spk_89_0005,North,89
train,12967,train,89_0006.wav,spk_89_0006,North,89
train,12968,train,89_0007.wav,spk_89_0007,North,89
train,12969,train,89_0008.wav,spk_89_0007,North,89
train,12970,train,89_0009.wav,spk_89_0008,North,89
train,12971,train,89_0010.wav,spk_89_0008,North,89
train,12972,train,89_0011.wav,spk_89_0009,North,89
train,12973,train,89_0012.wav,spk_89_0010,North,89
train,12974,train,89_0013.wav,spk_89_0011,North,89
train,12975,train,89_0014.wav,spk_89_0012,North,89
train,12976,train,89_0015.wav,spk_89_0012,North,89
train,12977,train,89_0016.wav,spk_89_0013,North,89
train,12978,train,89_0017.wav,spk_89_0013,North,89
train,12979,train,89_0018.wav,spk_89_0014,North,89
train,12980,train,89_0019.wav,spk_89_0015,North,89
train,12981,train,89_0020.wav,spk_89_0016,North,89
train,12982,train,89_0021.wav,spk_89_0017,North,89
train,12983,train,89_0022.wav,spk_89_0017,North,89
train,12984,train,89_0023.wav,spk_89_0018,North,89
train,12985,train,89_0024.wav,spk_89_0019,North,89
train,12986,train,89_0025.wav,spk_89_0020,North,89
train,12987,train,89_0026.wav,spk_89_0021,North,89
train,12988,train,89_0027.wav,spk_89_0021,North,89
train,12989,train,89_0028.wav,spk_89_0022,North,89
train,12990,train,89_0029.wav,spk_89_0023,North,89
train,12991,train,89_0030.wav,spk_89_0024,North,89
train,12992,train,89_0031.wav,spk_89_0024,North,89
train,12993,train,89_0032.wav,spk_89_0025,North,89
train,12994,train,89_0033.wav,spk_89_0026,North,89
train,12995,train,89_0034.wav,spk_89_0027,North,89
train,12996,train,89_0035.wav,spk_89_0028,North,89
train,12997,train,89_0036.wav,spk_89_0028,North,89
train,12998,train,89_0037.wav,spk_89_0028,North,89
train,12999,train,89_0038.wav,spk_89_0029,North,89
train,13000,train,89_0039.wav,spk_89_0030,North,89
train,13001,train,89_0040.wav,spk_89_0031,North,89
train,13002,train,89_0041.wav,spk_89_0031,North,89
train,13003,train,89_0042.wav,spk_89_0031,North,89
train,13004,train,89_0043.wav,spk_89_0032,North,89
train,13005,train,89_0044.wav,spk_89_0033,North,89
train,13006,train,89_0045.wav,spk_89_0034,North,89
train,13007,train,89_0046.wav,spk_89_0035,North,89
train,13008,train,89_0047.wav,spk_89_0036,North,89
train,13009,train,89_0048.wav,spk_89_0037,North,89
train,13010,train,89_0049.wav,spk_89_0038,North,89
train,13011,train,89_0050.wav,spk_89_0039,North,89
train,13012,train,89_0051.wav,spk_89_0040,North,89
train,13013,train,89_0052.wav,spk_89_0041,North,89
train,13014,train,89_0053.wav,spk_89_0042,North,89
train,13015,train,89_0054.wav,spk_89_0042,North,89
train,13016,train,89_0055.wav,spk_89_0043,North,89
train,13017,train,89_0056.wav,spk_89_0044,North,89
train,13018,train,89_0057.wav,spk_89_0045,North,89
train,13019,train,89_0058.wav,spk_89_0046,North,89
train,13020,train,89_0059.wav,spk_89_0047,North,89
train,13021,train,89_0060.wav,spk_89_0048,North,89
train,13022,train,89_0061.wav,spk_89_0049,North,89
train,13023,train,89_0062.wav,spk_89_0050,North,89
train,13024,train,89_0063.wav,spk_89_0051,North,89
train,13025,train,89_0064.wav,spk_89_0051,North,89
train,13026,train,89_0065.wav,spk_89_0052,North,89
train,13027,train,89_0066.wav,spk_89_0052,North,89
train,13028,train,89_0067.wav,spk_89_0052,North,89
train,13029,train,89_0068.wav,spk_89_0052,North,89
train,13030,train,89_0069.wav,spk_89_0052,North,89
train,13031,train,89_0070.wav,spk_89_0052,North,89
train,13032,train,89_0071.wav,spk_89_0052,North,89
train,13033,train,89_0072.wav,spk_89_0053,North,89
train,13034,train,89_0073.wav,spk_89_0054,North,89
train,13035,train,89_0074.wav,spk_89_0055,North,89
train,13036,train,89_0075.wav,spk_89_0056,North,89
train,13037,train,89_0076.wav,spk_89_0056,North,89
train,13038,train,89_0077.wav,spk_89_0057,North,89
train,13039,train,89_0078.wav,spk_89_0057,North,89
train,13040,train,89_0079.wav,spk_89_0058,North,89
train,13041,train,89_0080.wav,spk_89_0059,North,89
train,13042,train,89_0081.wav,spk_89_0060,North,89
train,13043,train,89_0082.wav,spk_89_0060,North,89
train,13044,train,89_0083.wav,spk_89_0061,North,89
train,13045,train,89_0084.wav,spk_89_0062,North,89
train,13046,train,89_0085.wav,spk_89_0063,North,89
train,13047,train,89_0086.wav,spk_89_0064,North,89
train,13048,train,89_0087.wav,spk_89_0065,North,89
train,13049,train,89_0088.wav,spk_89_0066,North,89
train,13050,train,89_0089.wav,spk_89_0067,North,89
train,13051,train,89_0090.wav,spk_89_0068,North,89
train,13052,train,89_0091.wav,spk_89_0069,North,89
train,13053,train,89_0092.wav,spk_89_0069,North,89
train,13054,train,89_0093.wav,spk_89_0070,North,89
train,13055,train,89_0094.wav,spk_89_0070,North,89
train,13056,train,89_0095.wav,spk_89_0071,North,89
train,13057,train,89_0096.wav,spk_89_0071,North,89
train,13058,train,89_0097.wav,spk_89_0071,North,89
train,13059,train,89_0098.wav,spk_89_0071,North,89
train,13060,train,89_0099.wav,spk_89_0072,North,89
train,13061,train,89_0100.wav,spk_89_0072,North,89
train,13062,train,89_0101.wav,spk_89_0073,North,89
train,13063,train,89_0102.wav,spk_89_0074,North,89
train,13064,train,89_0103.wav,spk_89_0074,North,89
train,13065,train,89_0104.wav,spk_89_0075,North,89
train,13066,train,89_0105.wav,spk_89_0076,North,89
train,13067,train,89_0106.wav,spk_89_0077,North,89
train,13068,train,89_0107.wav,spk_89_0078,North,89
train,13069,train,89_0108.wav,spk_89_0079,North,89
train,13070,train,89_0109.wav,spk_89_0080,North,89
train,13071,train,89_0110.wav,spk_89_0080,North,89
train,13072,train,89_0111.wav,spk_89_0080,North,89
train,13073,train,89_0112.wav,spk_89_0080,North,89
train,13074,train,89_0113.wav,spk_89_0081,North,89
train,13075,train,89_0114.wav,spk_89_0082,North,89
train,13076,train,89_0115.wav,spk_89_0083,North,89
train,13077,train,89_0116.wav,spk_89_0084,North,89
train,13078,train,89_0117.wav,spk_89_0085,North,89
train,13079,train,89_0118.wav,spk_89_0086,North,89
train,13080,train,89_0119.wav,spk_89_0087,North,89
train,13081,train,89_0120.wav,spk_89_0088,North,89
train,13082,train,89_0121.wav,spk_89_0089,North,89
train,13083,train,89_0122.wav,spk_89_0090,North,89
train,13084,train,89_0123.wav,spk_89_0091,North,89
train,13085,train,89_0124.wav,spk_89_0092,North,89
train,13086,train,89_0125.wav,spk_89_0093,North,89
train,13087,train,89_0126.wav,spk_89_0094,North,89
train,13088,train,89_0127.wav,spk_89_0095,North,89
train,13089,train,89_0128.wav,spk_89_0096,North,89
train,13090,train,89_0129.wav,spk_89_0097,North,89
train,13091,train,89_0130.wav,spk_89_0098,North,89
train,13092,train,89_0131.wav,spk_89_0099,North,89
train,13093,train,89_0132.wav,spk_89_0100,North,89
train,13094,train,89_0133.wav,spk_89_0101,North,89
train,13095,train,89_0134.wav,spk_89_0102,North,89
train,13096,train,89_0135.wav,spk_89_0103,North,89
train,13097,train,89_0136.wav,spk_89_0104,North,89
train,13098,train,89_0137.wav,spk_89_0105,North,89
train,13099,train,89_0138.wav,spk_89_0105,North,89
train,13100,train,89_0139.wav,spk_89_0106,North,89
train,13101,train,89_0140.wav,spk_89_0107,North,89
train,13102,train,89_0141.wav,spk_89_0108,North,89
train,13103,train,89_0142.wav,spk_89_0109,North,89
train,13104,train,89_0143.wav,spk_89_0109,North,89
train,13105,train,89_0144.wav,spk_89_0110,North,89
train,13106,train,89_0145.wav,spk_89_0111,North,89
train,13107,train,89_0146.wav,spk_89_0112,North,89
train,13108,train,89_0147.wav,spk_89_0112,North,89
train,13109,train,89_0148.wav,spk_89_0113,North,89
train,13110,train,89_0149.wav,spk_89_0114,North,89
train,13111,train,89_0150.wav,spk_89_0115,North,89
train,13112,train,89_0151.wav,spk_89_0116,North,89
train,13113,train,89_0152.wav,spk_89_0117,North,89
train,13114,train,89_0153.wav,spk_89_0117,North,89
train,13115,train,89_0154.wav,spk_89_0117,North,89
train,13116,train,89_0155.wav,spk_89_0118,North,89
train,13117,train,89_0156.wav,spk_89_0119,North,89
train,13118,train,89_0157.wav,spk_89_0119,North,89
train,13119,train,89_0158.wav,spk_89_0120,North,89
train,13120,train,89_0159.wav,spk_89_0121,North,89
train,13121,train,89_0160.wav,spk_89_0122,North,89
train,13122,train,89_0161.wav,spk_89_0123,North,89
train,13123,train,89_0162.wav,spk_89_0124,North,89
train,13124,train,89_0163.wav,spk_89_0125,North,89
train,13125,train,89_0164.wav,spk_89_0126,North,89
train,13126,train,89_0165.wav,spk_89_0127,North,89
train,13127,train,89_0166.wav,spk_89_0127,North,89
train,13128,train,89_0167.wav,spk_89_0128,North,89
train,13129,train,89_0168.wav,spk_89_0128,North,89
train,13130,train,89_0169.wav,spk_89_0129,North,89
train,13131,train,89_0170.wav,spk_89_0130,North,89
train,13132,train,89_0171.wav,spk_89_0131,North,89
train,13133,train,89_0172.wav,spk_89_0132,North,89
train,13134,train,89_0173.wav,spk_89_0133,North,89
train,13135,train,89_0174.wav,spk_89_0133,North,89
train,13136,train,89_0175.wav,spk_89_0133,North,89
train,13137,train,89_0176.wav,spk_89_0134,North,89
train,13138,train,89_0177.wav,spk_89_0135,North,89
train,13139,train,89_0178.wav,spk_89_0136,North,89
train,13140,train,89_0179.wav,spk_89_0136,North,89
train,13141,train,89_0180.wav,spk_89_0137,North,89
train,13142,train,89_0181.wav,spk_89_0138,North,89
train,13143,train,89_0182.wav,spk_89_0138,North,89
train,13144,train,89_0183.wav,spk_89_0139,North,89
train,13145,train,89_0184.wav,spk_89_0140,North,89
train,13146,train,89_0185.wav,spk_89_0141,North,89
train,13147,train,89_0186.wav,spk_89_0141,North,89
train,13148,train,89_0187.wav,spk_89_0142,North,89
train,13149,train,89_0188.wav,spk_89_0143,North,89
train,13150,train,89_0189.wav,spk_89_0144,North,89
train,13151,train,89_0190.wav,spk_89_0145,North,89
train,13152,train,89_0191.wav,spk_89_0146,North,89
train,13153,train,89_0192.wav,spk_89_0146,North,89
train,13154,train,89_0193.wav,spk_89_0147,North,89
train,13155,train,89_0194.wav,spk_89_0148,North,89
train,13156,train,89_0195.wav,spk_89_0149,North,89
train,13157,train,89_0196.wav,spk_89_0149,North,89
train,13158,train,89_0197.wav,spk_89_0150,North,89
train,13159,train,89_0198.wav,spk_89_0150,North,89
train,13160,train,89_0199.wav,spk_89_0151,North,89
train,13161,train,89_0200.wav,spk_89_0152,North,89
train,13162,train,89_0201.wav,spk_89_0152,North,89
train,13163,train,89_0204.wav,spk_89_0155,North,89
train,13164,train,89_0205.wav,spk_89_0155,North,89
train,13165,train,89_0206.wav,spk_89_0156,North,89
train,13166,train,89_0212.wav,spk_89_0161,North,89
train,13167,train,89_0213.wav,spk_89_0162,North,89
train,13168,train,89_0214.wav,spk_89_0163,North,89
train,13169,train,89_0215.wav,spk_89_0164,North,89
train,13170,train,89_0216.wav,spk_89_0165,North,89
train,13171,train,89_0217.wav,spk_89_0166,North,89
train,13172,train,89_0218.wav,spk_89_0167,North,89
train,13173,train,89_0219.wav,spk_89_0167,North,89
train,13174,train,89_0222.wav,spk_89_0170,North,89
train,13175,train,89_0223.wav,spk_89_0171,North,89
train,13176,train,89_0224.wav,spk_89_0172,North,89
train,13177,train,89_0225.wav,spk_89_0173,North,89
train,13178,train,89_0226.wav,spk_89_0174,North,89
train,13179,train,89_0227.wav,spk_89_0175,North,89
train,13180,train,89_0228.wav,spk_89_0175,North,89
train,13181,train,89_0229.wav,spk_89_0176,North,89
train,13182,train,89_0230.wav,spk_89_0176,North,89
train,13183,train,90_0001.wav,spk_90_0001,North,90
train,13184,train,90_0002.wav,spk_90_0002,North,90
train,13185,train,90_0003.wav,spk_90_0002,North,90
train,13186,train,90_0004.wav,spk_90_0003,North,90
train,13187,train,90_0005.wav,spk_90_0004,North,90
train,13188,train,90_0006.wav,spk_90_0005,North,90
train,13189,train,90_0007.wav,spk_90_0006,North,90
train,13190,train,90_0008.wav,spk_90_0007,North,90
train,13191,train,90_0009.wav,spk_90_0008,North,90
train,13192,train,90_0010.wav,spk_90_0008,North,90
train,13193,train,90_0011.wav,spk_90_0009,North,90
train,13194,train,90_0012.wav,spk_90_0010,North,90
train,13195,train,90_0013.wav,spk_90_0010,North,90
train,13196,train,90_0014.wav,spk_90_0010,North,90
train,13197,train,90_0015.wav,spk_90_0011,North,90
train,13198,train,90_0016.wav,spk_90_0012,North,90
train,13199,train,90_0017.wav,spk_90_0012,North,90
train,13200,train,90_0018.wav,spk_90_0013,North,90
train,13201,train,90_0019.wav,spk_90_0013,North,90
train,13202,train,90_0020.wav,spk_90_0014,North,90
train,13203,train,90_0021.wav,spk_90_0015,North,90
train,13204,train,90_0022.wav,spk_90_0016,North,90
train,13205,train,90_0023.wav,spk_90_0017,North,90
train,13206,train,90_0024.wav,spk_90_0018,North,90
train,13207,train,90_0025.wav,spk_90_0019,North,90
train,13208,train,90_0026.wav,spk_90_0020,North,90
train,13209,train,90_0027.wav,spk_90_0021,North,90
train,13210,train,90_0028.wav,spk_90_0022,North,90
train,13211,train,90_0029.wav,spk_90_0023,North,90
train,13212,train,90_0030.wav,spk_90_0024,North,90
train,13213,train,90_0031.wav,spk_90_0025,North,90
train,13214,train,90_0032.wav,spk_90_0026,North,90
train,13215,train,90_0033.wav,spk_90_0026,North,90
train,13216,train,90_0034.wav,spk_90_0027,North,90
train,13217,train,90_0035.wav,spk_90_0028,North,90
train,13218,train,90_0036.wav,spk_90_0029,North,90
train,13219,train,90_0037.wav,spk_90_0030,North,90
train,13220,train,90_0038.wav,spk_90_0031,North,90
train,13221,train,90_0039.wav,spk_90_0032,North,90
train,13222,train,90_0040.wav,spk_90_0033,North,90
train,13223,train,90_0041.wav,spk_90_0034,North,90
train,13224,train,90_0042.wav,spk_90_0035,North,90
train,13225,train,90_0043.wav,spk_90_0036,North,90
train,13226,train,90_0044.wav,spk_90_0037,North,90
train,13227,train,90_0045.wav,spk_90_0038,North,90
train,13228,train,90_0046.wav,spk_90_0038,North,90
train,13229,train,90_0047.wav,spk_90_0038,North,90
train,13230,train,90_0048.wav,spk_90_0039,North,90
train,13231,train,90_0049.wav,spk_90_0040,North,90
train,13232,train,90_0050.wav,spk_90_0041,North,90
train,13233,train,90_0051.wav,spk_90_0042,North,90
train,13234,train,90_0052.wav,spk_90_0043,North,90
train,13235,train,90_0053.wav,spk_90_0044,North,90
train,13236,train,90_0054.wav,spk_90_0044,North,90
train,13237,train,90_0055.wav,spk_90_0045,North,90
train,13238,train,90_0056.wav,spk_90_0046,North,90
train,13239,train,90_0057.wav,spk_90_0047,North,90
train,13240,train,90_0058.wav,spk_90_0048,North,90
train,13241,train,90_0059.wav,spk_90_0049,North,90
train,13242,train,90_0060.wav,spk_90_0049,North,90
train,13243,train,90_0061.wav,spk_90_0050,North,90
train,13244,train,90_0062.wav,spk_90_0051,North,90
train,13245,train,90_0063.wav,spk_90_0052,North,90
train,13246,train,90_0064.wav,spk_90_0053,North,90
train,13247,train,90_0065.wav,spk_90_0054,North,90
train,13248,train,90_0066.wav,spk_90_0055,North,90
train,13249,train,90_0067.wav,spk_90_0056,North,90
train,13250,train,90_0068.wav,spk_90_0057,North,90
train,13251,train,90_0069.wav,spk_90_0058,North,90
train,13252,train,90_0070.wav,spk_90_0059,North,90
train,13253,train,90_0071.wav,spk_90_0059,North,90
train,13254,train,90_0072.wav,spk_90_0060,North,90
train,13255,train,90_0073.wav,spk_90_0061,North,90
train,13256,train,90_0074.wav,spk_90_0062,North,90
train,13257,train,90_0075.wav,spk_90_0063,North,90
train,13258,train,90_0076.wav,spk_90_0063,North,90
train,13259,train,90_0077.wav,spk_90_0064,North,90
train,13260,train,90_0078.wav,spk_90_0065,North,90
train,13261,train,90_0079.wav,spk_90_0066,North,90
train,13262,train,90_0080.wav,spk_90_0067,North,90
train,13263,train,90_0081.wav,spk_90_0068,North,90
train,13264,train,90_0082.wav,spk_90_0069,North,90
train,13265,train,90_0083.wav,spk_90_0070,North,90
train,13266,train,90_0084.wav,spk_90_0070,North,90
train,13267,train,90_0085.wav,spk_90_0071,North,90
train,13268,train,90_0086.wav,spk_90_0072,North,90
train,13269,train,90_0087.wav,spk_90_0073,North,90
train,13270,train,90_0088.wav,spk_90_0074,North,90
train,13271,train,90_0089.wav,spk_90_0075,North,90
train,13272,train,90_0090.wav,spk_90_0075,North,90
train,13273,train,90_0091.wav,spk_90_0076,North,90
train,13274,train,90_0092.wav,spk_90_0077,North,90
train,13275,train,90_0093.wav,spk_90_0078,North,90
train,13276,train,90_0094.wav,spk_90_0079,North,90
train,13277,train,90_0095.wav,spk_90_0080,North,90
train,13278,train,90_0096.wav,spk_90_0080,North,90
train,13279,train,90_0097.wav,spk_90_0081,North,90
train,13280,train,90_0098.wav,spk_90_0082,North,90
train,13281,train,90_0099.wav,spk_90_0083,North,90
train,13282,train,90_0100.wav,spk_90_0084,North,90
train,13283,train,90_0101.wav,spk_90_0085,North,90
train,13284,train,90_0102.wav,spk_90_0086,North,90
train,13285,train,90_0103.wav,spk_90_0087,North,90
train,13286,train,90_0104.wav,spk_90_0088,North,90
train,13287,train,90_0105.wav,spk_90_0089,North,90
train,13288,train,90_0106.wav,spk_90_0089,North,90
train,13289,train,90_0107.wav,spk_90_0090,North,90
train,13290,train,90_0108.wav,spk_90_0091,North,90
train,13291,train,90_0109.wav,spk_90_0092,North,90
train,13292,train,90_0110.wav,spk_90_0093,North,90
train,13293,train,90_0111.wav,spk_90_0093,North,90
train,13294,train,90_0112.wav,spk_90_0094,North,90
train,13295,train,90_0113.wav,spk_90_0095,North,90
train,13296,train,90_0114.wav,spk_90_0095,North,90
train,13297,train,90_0115.wav,spk_90_0096,North,90
train,13298,train,90_0116.wav,spk_90_0097,North,90
train,13299,train,90_0117.wav,spk_90_0098,North,90
train,13300,train,90_0118.wav,spk_90_0099,North,90
train,13301,train,90_0119.wav,spk_90_0100,North,90
train,13302,train,90_0120.wav,spk_90_0101,North,90
train,13303,train,90_0121.wav,spk_90_0102,North,90
train,13304,train,90_0122.wav,spk_90_0103,North,90
train,13305,train,90_0123.wav,spk_90_0104,North,90
train,13306,train,90_0124.wav,spk_90_0105,North,90
train,13307,train,90_0125.wav,spk_90_0106,North,90
train,13308,train,90_0126.wav,spk_90_0107,North,90
train,13309,train,90_0127.wav,spk_90_0108,North,90
train,13310,train,90_0128.wav,spk_90_0109,North,90
train,13311,train,90_0129.wav,spk_90_0109,North,90
train,13312,train,90_0130.wav,spk_90_0110,North,90
train,13313,train,90_0131.wav,spk_90_0111,North,90
train,13314,train,90_0132.wav,spk_90_0112,North,90
train,13315,train,90_0133.wav,spk_90_0113,North,90
train,13316,train,90_0134.wav,spk_90_0114,North,90
train,13317,train,90_0135.wav,spk_90_0114,North,90
train,13318,train,90_0136.wav,spk_90_0115,North,90
train,13319,train,90_0137.wav,spk_90_0116,North,90
train,13320,train,90_0138.wav,spk_90_0117,North,90
train,13321,train,90_0139.wav,spk_90_0118,North,90
train,13322,train,90_0140.wav,spk_90_0119,North,90
train,13323,train,90_0141.wav,spk_90_0120,North,90
train,13324,train,90_0142.wav,spk_90_0121,North,90
train,13325,train,90_0143.wav,spk_90_0121,North,90
train,13326,train,90_0144.wav,spk_90_0122,North,90
train,13327,train,90_0145.wav,spk_90_0123,North,90
train,13328,train,90_0146.wav,spk_90_0123,North,90
train,13329,train,90_0147.wav,spk_90_0124,North,90
train,13330,train,90_0148.wav,spk_90_0124,North,90
train,13331,train,90_0149.wav,spk_90_0125,North,90
train,13332,train,90_0150.wav,spk_90_0126,North,90
train,13333,train,90_0151.wav,spk_90_0127,North,90
train,13334,train,90_0152.wav,spk_90_0128,North,90
train,13335,train,90_0153.wav,spk_90_0129,North,90
train,13336,train,90_0154.wav,spk_90_0130,North,90
train,13337,train,90_0155.wav,spk_90_0131,North,90
train,13338,train,90_0156.wav,spk_90_0132,North,90
train,13339,train,90_0157.wav,spk_90_0132,North,90
train,13340,train,90_0158.wav,spk_90_0133,North,90
train,13341,train,90_0159.wav,spk_90_0133,North,90
train,13342,train,90_0160.wav,spk_90_0133,North,90
train,13343,train,90_0161.wav,spk_90_0133,North,90
train,13344,train,90_0162.wav,spk_90_0134,North,90
train,13345,train,90_0163.wav,spk_90_0135,North,90
train,13346,train,90_0164.wav,spk_90_0136,North,90
train,13347,train,90_0165.wav,spk_90_0137,North,90
train,13348,train,90_0166.wav,spk_90_0138,North,90
train,13349,train,90_0167.wav,spk_90_0138,North,90
train,13350,train,90_0168.wav,spk_90_0139,North,90
train,13351,train,90_0169.wav,spk_90_0140,North,90
train,13352,train,90_0170.wav,spk_90_0140,North,90
train,13353,train,90_0171.wav,spk_90_0141,North,90
train,13354,train,90_0172.wav,spk_90_0142,North,90
train,13355,train,90_0173.wav,spk_90_0143,North,90
train,13356,train,90_0174.wav,spk_90_0143,North,90
train,13357,train,90_0175.wav,spk_90_0144,North,90
train,13358,train,90_0176.wav,spk_90_0145,North,90
train,13359,train,90_0177.wav,spk_90_0145,North,90
train,13360,train,90_0178.wav,spk_90_0146,North,90
train,13361,train,90_0179.wav,spk_90_0146,North,90
train,13362,train,90_0180.wav,spk_90_0147,North,90
train,13363,train,90_0181.wav,spk_90_0148,North,90
train,13364,train,90_0182.wav,spk_90_0148,North,90
train,13365,train,90_0183.wav,spk_90_0149,North,90
train,13366,train,90_0184.wav,spk_90_0149,North,90
train,13367,train,90_0185.wav,spk_90_0150,North,90
train,13368,train,90_0186.wav,spk_90_0151,North,90
train,13369,train,90_0187.wav,spk_90_0152,North,90
train,13370,train,90_0188.wav,spk_90_0153,North,90
train,13371,train,90_0189.wav,spk_90_0153,North,90
train,13372,train,90_0190.wav,spk_90_0154,North,90
train,13373,train,90_0191.wav,spk_90_0154,North,90
train,13374,train,90_0192.wav,spk_90_0155,North,90
train,13375,train,90_0193.wav,spk_90_0156,North,90
train,13376,train,90_0194.wav,spk_90_0156,North,90
train,13377,train,90_0195.wav,spk_90_0157,North,90
train,13378,train,90_0196.wav,spk_90_0157,North,90
train,13379,train,90_0197.wav,spk_90_0158,North,90
train,13380,train,90_0198.wav,spk_90_0159,North,90
train,13381,train,90_0199.wav,spk_90_0159,North,90
train,13382,train,90_0200.wav,spk_90_0160,North,90
train,13383,train,90_0201.wav,spk_90_0161,North,90
train,13384,train,90_0202.wav,spk_90_0161,North,90
train,13385,train,90_0203.wav,spk_90_0162,North,90
train,13386,train,90_0204.wav,spk_90_0163,North,90
train,13387,train,90_0205.wav,spk_90_0164,North,90
train,13388,train,90_0206.wav,spk_90_0165,North,90
train,13389,train,90_0207.wav,spk_90_0165,North,90
train,13390,train,90_0208.wav,spk_90_0166,North,90
train,13391,train,90_0209.wav,spk_90_0167,North,90
train,13392,train,90_0210.wav,spk_90_0168,North,90
train,13393,train,90_0211.wav,spk_90_0169,North,90
train,13394,train,90_0214.wav,spk_90_0172,North,90
train,13395,train,90_0216.wav,spk_90_0174,North,90
train,13396,train,90_0220.wav,spk_90_0178,North,90
train,13397,train,92_0001.wav,spk_92_0001,Central,92
train,13398,train,92_0002.wav,spk_92_0001,Central,92
train,13399,train,92_0003.wav,spk_92_0001,Central,92
train,13400,train,92_0004.wav,spk_92_0002,Central,92
train,13401,train,92_0005.wav,spk_92_0003,Central,92
train,13402,train,92_0006.wav,spk_92_0004,Central,92
train,13403,train,92_0007.wav,spk_92_0004,Central,92
train,13404,train,92_0008.wav,spk_92_0005,Central,92
train,13405,train,92_0009.wav,spk_92_0006,Central,92
train,13406,train,92_0010.wav,spk_92_0006,Central,92
train,13407,train,92_0011.wav,spk_92_0006,Central,92
train,13408,train,92_0012.wav,spk_92_0006,Central,92
train,13409,train,92_0013.wav,spk_92_0006,Central,92
train,13410,train,92_0014.wav,spk_92_0006,Central,92
train,13411,train,92_0015.wav,spk_92_0007,Central,92
train,13412,train,92_0016.wav,spk_92_0008,Central,92
train,13413,train,92_0017.wav,spk_92_0009,Central,92
train,13414,train,92_0018.wav,spk_92_0010,Central,92
train,13415,train,92_0019.wav,spk_92_0011,Central,92
train,13416,train,92_0020.wav,spk_92_0011,Central,92
train,13417,train,92_0021.wav,spk_92_0011,Central,92
train,13418,train,92_0022.wav,spk_92_0011,Central,92
train,13419,train,92_0023.wav,spk_92_0011,Central,92
train,13420,train,92_0024.wav,spk_92_0011,Central,92
train,13421,train,92_0025.wav,spk_92_0012,Central,92
train,13422,train,92_0026.wav,spk_92_0012,Central,92
train,13423,train,92_0027.wav,spk_92_0013,Central,92
train,13424,train,92_0028.wav,spk_92_0014,Central,92
train,13425,train,92_0029.wav,spk_92_0014,Central,92
train,13426,train,92_0030.wav,spk_92_0014,Central,92
train,13427,train,92_0031.wav,spk_92_0015,Central,92
train,13428,train,92_0032.wav,spk_92_0016,Central,92
train,13429,train,92_0033.wav,spk_92_0017,Central,92
train,13430,train,92_0034.wav,spk_92_0018,Central,92
train,13431,train,92_0035.wav,spk_92_0018,Central,92
train,13432,train,92_0036.wav,spk_92_0018,Central,92
train,13433,train,92_0037.wav,spk_92_0018,Central,92
train,13434,train,92_0038.wav,spk_92_0019,Central,92
train,13435,train,92_0039.wav,spk_92_0019,Central,92
train,13436,train,92_0040.wav,spk_92_0020,Central,92
train,13437,train,92_0041.wav,spk_92_0020,Central,92
train,13438,train,92_0042.wav,spk_92_0021,Central,92
train,13439,train,92_0043.wav,spk_92_0022,Central,92
train,13440,train,92_0044.wav,spk_92_0023,Central,92
train,13441,train,92_0045.wav,spk_92_0023,Central,92
train,13442,train,92_0046.wav,spk_92_0024,Central,92
train,13443,train,92_0047.wav,spk_92_0025,Central,92
train,13444,train,92_0048.wav,spk_92_0026,Central,92
train,13445,train,92_0049.wav,spk_92_0026,Central,92
train,13446,train,92_0050.wav,spk_92_0026,Central,92
train,13447,train,92_0051.wav,spk_92_0027,Central,92
train,13448,train,92_0052.wav,spk_92_0027,Central,92
train,13449,train,92_0053.wav,spk_92_0027,Central,92
train,13450,train,92_0054.wav,spk_92_0028,Central,92
train,13451,train,92_0055.wav,spk_92_0029,Central,92
train,13452,train,92_0056.wav,spk_92_0030,Central,92
train,13453,train,92_0057.wav,spk_92_0031,Central,92
train,13454,train,92_0058.wav,spk_92_0031,Central,92
train,13455,train,92_0059.wav,spk_92_0032,Central,92
train,13456,train,92_0060.wav,spk_92_0033,Central,92
train,13457,train,92_0061.wav,spk_92_0034,Central,92
train,13458,train,92_0062.wav,spk_92_0034,Central,92
train,13459,train,92_0063.wav,spk_92_0035,Central,92
train,13460,train,92_0064.wav,spk_92_0036,Central,92
train,13461,train,92_0065.wav,spk_92_0037,Central,92
train,13462,train,92_0066.wav,spk_92_0038,Central,92
train,13463,train,92_0067.wav,spk_92_0038,Central,92
train,13464,train,92_0068.wav,spk_92_0039,Central,92
train,13465,train,92_0069.wav,spk_92_0040,Central,92
train,13466,train,92_0070.wav,spk_92_0041,Central,92
train,13467,train,92_0071.wav,spk_92_0041,Central,92
train,13468,train,92_0072.wav,spk_92_0042,Central,92
train,13469,train,92_0073.wav,spk_92_0043,Central,92
train,13470,train,92_0074.wav,spk_92_0043,Central,92
train,13471,train,92_0075.wav,spk_92_0044,Central,92
train,13472,train,92_0076.wav,spk_92_0045,Central,92
train,13473,train,92_0077.wav,spk_92_0046,Central,92
train,13474,train,92_0078.wav,spk_92_0047,Central,92
train,13475,train,92_0079.wav,spk_92_0048,Central,92
train,13476,train,92_0080.wav,spk_92_0049,Central,92
train,13477,train,92_0081.wav,spk_92_0050,Central,92
train,13478,train,92_0082.wav,spk_92_0050,Central,92
train,13479,train,92_0083.wav,spk_92_0051,Central,92
train,13480,train,92_0084.wav,spk_92_0051,Central,92
train,13481,train,92_0085.wav,spk_92_0052,Central,92
train,13482,train,92_0086.wav,spk_92_0053,Central,92
train,13483,train,92_0087.wav,spk_92_0054,Central,92
train,13484,train,92_0088.wav,spk_92_0055,Central,92
train,13485,train,92_0089.wav,spk_92_0056,Central,92
train,13486,train,92_0090.wav,spk_92_0056,Central,92
train,13487,train,92_0091.wav,spk_92_0057,Central,92
train,13488,train,92_0092.wav,spk_92_0058,Central,92
train,13489,train,92_0093.wav,spk_92_0059,Central,92
train,13490,train,92_0094.wav,spk_92_0060,Central,92
train,13491,train,92_0095.wav,spk_92_0061,Central,92
train,13492,train,92_0096.wav,spk_92_0062,Central,92
train,13493,train,92_0097.wav,spk_92_0063,Central,92
train,13494,train,92_0098.wav,spk_92_0063,Central,92
train,13495,train,92_0099.wav,spk_92_0064,Central,92
train,13496,train,92_0100.wav,spk_92_0065,Central,92
train,13497,train,92_0101.wav,spk_92_0066,Central,92
train,13498,train,92_0102.wav,spk_92_0067,Central,92
train,13499,train,92_0103.wav,spk_92_0067,Central,92
train,13500,train,92_0104.wav,spk_92_0068,Central,92
train,13501,train,92_0105.wav,spk_92_0069,Central,92
train,13502,train,92_0106.wav,spk_92_0069,Central,92
train,13503,train,92_0107.wav,spk_92_0070,Central,92
train,13504,train,92_0108.wav,spk_92_0071,Central,92
train,13505,train,92_0109.wav,spk_92_0072,Central,92
train,13506,train,92_0110.wav,spk_92_0073,Central,92
train,13507,train,92_0111.wav,spk_92_0074,Central,92
train,13508,train,92_0112.wav,spk_92_0075,Central,92
train,13509,train,92_0113.wav,spk_92_0076,Central,92
train,13510,train,92_0114.wav,spk_92_0077,Central,92
train,13511,train,92_0115.wav,spk_92_0078,Central,92
train,13512,train,92_0116.wav,spk_92_0078,Central,92
train,13513,train,92_0117.wav,spk_92_0079,Central,92
train,13514,train,92_0118.wav,spk_92_0079,Central,92
train,13515,train,92_0119.wav,spk_92_0080,Central,92
train,13516,train,92_0120.wav,spk_92_0081,Central,92
train,13517,train,92_0121.wav,spk_92_0081,Central,92
train,13518,train,92_0122.wav,spk_92_0082,Central,92
train,13519,train,92_0123.wav,spk_92_0083,Central,92
train,13520,train,92_0124.wav,spk_92_0084,Central,92
train,13521,train,92_0125.wav,spk_92_0085,Central,92
train,13522,train,92_0126.wav,spk_92_0086,Central,92
train,13523,train,92_0127.wav,spk_92_0086,Central,92
train,13524,train,92_0128.wav,spk_92_0087,Central,92
train,13525,train,92_0129.wav,spk_92_0088,Central,92
train,13526,train,92_0130.wav,spk_92_0088,Central,92
train,13527,train,92_0131.wav,spk_92_0089,Central,92
train,13528,train,92_0132.wav,spk_92_0090,Central,92
train,13529,train,92_0133.wav,spk_92_0090,Central,92
train,13530,train,92_0134.wav,spk_92_0091,Central,92
train,13531,train,92_0135.wav,spk_92_0092,Central,92
train,13532,train,92_0136.wav,spk_92_0093,Central,92
train,13533,train,92_0137.wav,spk_92_0094,Central,92
train,13534,train,92_0138.wav,spk_92_0095,Central,92
train,13535,train,92_0139.wav,spk_92_0096,Central,92
train,13536,train,92_0140.wav,spk_92_0097,Central,92
train,13537,train,92_0141.wav,spk_92_0098,Central,92
train,13538,train,92_0142.wav,spk_92_0099,Central,92
train,13539,train,92_0143.wav,spk_92_0100,Central,92
train,13540,train,92_0144.wav,spk_92_0101,Central,92
train,13541,train,92_0145.wav,spk_92_0102,Central,92
train,13542,train,92_0146.wav,spk_92_0102,Central,92
train,13543,train,92_0147.wav,spk_92_0103,Central,92
train,13544,train,92_0148.wav,spk_92_0104,Central,92
train,13545,train,92_0149.wav,spk_92_0104,Central,92
train,13546,train,92_0150.wav,spk_92_0105,Central,92
train,13547,train,92_0151.wav,spk_92_0105,Central,92
train,13548,train,92_0152.wav,spk_92_0106,Central,92
train,13549,train,92_0153.wav,spk_92_0106,Central,92
train,13550,train,92_0154.wav,spk_92_0106,Central,92
train,13551,train,92_0155.wav,spk_92_0106,Central,92
train,13552,train,92_0156.wav,spk_92_0107,Central,92
train,13553,train,92_0157.wav,spk_92_0107,Central,92
train,13554,train,92_0158.wav,spk_92_0108,Central,92
train,13555,train,92_0159.wav,spk_92_0108,Central,92
train,13556,train,92_0160.wav,spk_92_0109,Central,92
train,13557,train,92_0161.wav,spk_92_0110,Central,92
train,13558,train,92_0162.wav,spk_92_0110,Central,92
train,13559,train,92_0163.wav,spk_92_0111,Central,92
train,13560,train,92_0164.wav,spk_92_0112,Central,92
train,13561,train,92_0165.wav,spk_92_0112,Central,92
train,13562,train,92_0166.wav,spk_92_0113,Central,92
train,13563,train,92_0167.wav,spk_92_0114,Central,92
train,13564,train,92_0168.wav,spk_92_0114,Central,92
train,13565,train,92_0169.wav,spk_92_0114,Central,92
train,13566,train,92_0170.wav,spk_92_0115,Central,92
train,13567,train,92_0171.wav,spk_92_0116,Central,92
train,13568,train,92_0172.wav,spk_92_0117,Central,92
train,13569,train,92_0173.wav,spk_92_0117,Central,92
train,13570,train,92_0174.wav,spk_92_0118,Central,92
train,13571,train,92_0175.wav,spk_92_0118,Central,92
train,13572,train,92_0176.wav,spk_92_0119,Central,92
train,13573,train,92_0177.wav,spk_92_0120,Central,92
train,13574,train,92_0178.wav,spk_92_0121,Central,92
train,13575,train,92_0179.wav,spk_92_0122,Central,92
train,13576,train,92_0180.wav,spk_92_0123,Central,92
train,13577,train,92_0181.wav,spk_92_0123,Central,92
train,13578,train,92_0182.wav,spk_92_0124,Central,92
train,13579,train,92_0183.wav,spk_92_0124,Central,92
train,13580,train,92_0184.wav,spk_92_0125,Central,92
train,13581,train,92_0185.wav,spk_92_0125,Central,92
train,13582,train,92_0186.wav,spk_92_0126,Central,92
train,13583,train,92_0187.wav,spk_92_0126,Central,92
train,13584,train,92_0193.wav,spk_92_0129,Central,92
train,13585,train,92_0194.wav,spk_92_0130,Central,92
train,13586,train,92_0195.wav,spk_92_0131,Central,92
train,13587,train,92_0198.wav,spk_92_0133,Central,92
train,13588,train,92_0199.wav,spk_92_0134,Central,92
train,13589,train,92_0200.wav,spk_92_0134,Central,92
train,13590,train,92_0201.wav,spk_92_0135,Central,92
train,13591,train,92_0202.wav,spk_92_0136,Central,92
train,13592,train,92_0203.wav,spk_92_0136,Central,92
train,13593,train,92_0204.wav,spk_92_0137,Central,92
train,13594,train,92_0205.wav,spk_92_0137,Central,92
train,13595,train,92_0206.wav,spk_92_0138,Central,92
train,13596,train,92_0207.wav,spk_92_0138,Central,92
train,13597,train,92_0209.wav,spk_92_0140,Central,92
train,13598,train,92_0210.wav,spk_92_0140,Central,92
train,13599,train,92_0211.wav,spk_92_0141,Central,92
train,13600,train,92_0212.wav,spk_92_0142,Central,92
train,13601,train,92_0213.wav,spk_92_0142,Central,92
train,13602,train,92_0214.wav,spk_92_0143,Central,92
train,13603,train,92_0215.wav,spk_92_0143,Central,92
train,13604,train,92_0216.wav,spk_92_0143,Central,92
train,13605,train,92_0217.wav,spk_92_0144,Central,92
train,13606,train,92_0221.wav,spk_92_0147,Central,92
train,13607,train,92_0222.wav,spk_92_0147,Central,92
train,13608,train,92_0223.wav,spk_92_0148,Central,92
train,13609,train,92_0224.wav,spk_92_0148,Central,92
train,13610,train,92_0225.wav,spk_92_0148,Central,92
train,13611,train,92_0226.wav,spk_92_0148,Central,92
train,13612,train,92_0227.wav,spk_92_0149,Central,92
train,13613,train,92_0228.wav,spk_92_0149,Central,92
train,13614,train,92_0229.wav,spk_92_0149,Central,92
train,13615,train,92_0230.wav,spk_92_0150,Central,92
train,13616,train,92_0234.wav,spk_92_0153,Central,92
train,13617,train,92_0235.wav,spk_92_0154,Central,92
train,13618,train,92_0236.wav,spk_92_0155,Central,92
train,13619,train,92_0237.wav,spk_92_0156,Central,92
train,13620,train,92_0238.wav,spk_92_0156,Central,92
train,13621,train,92_0242.wav,spk_92_0159,Central,92
train,13622,train,92_0243.wav,spk_92_0159,Central,92
train,13623,train,92_0244.wav,spk_92_0160,Central,92
train,13624,train,92_0245.wav,spk_92_0160,Central,92
train,13625,train,92_0246.wav,spk_92_0161,Central,92
train,13626,train,92_0247.wav,spk_92_0161,Central,92
train,13627,train,93_0001.wav,spk_93_0001,South,93
train,13628,train,93_0002.wav,spk_93_0001,South,93
train,13629,train,93_0003.wav,spk_93_0002,South,93
train,13630,train,93_0004.wav,spk_93_0002,South,93
train,13631,train,93_0005.wav,spk_93_0003,South,93
train,13632,train,93_0006.wav,spk_93_0004,South,93
train,13633,train,93_0007.wav,spk_93_0004,South,93
train,13634,train,93_0008.wav,spk_93_0005,South,93
train,13635,train,93_0009.wav,spk_93_0006,South,93
train,13636,train,93_0010.wav,spk_93_0006,South,93
train,13637,train,93_0011.wav,spk_93_0006,South,93
train,13638,train,93_0012.wav,spk_93_0007,South,93
train,13639,train,93_0013.wav,spk_93_0007,South,93
train,13640,train,93_0014.wav,spk_93_0008,South,93
train,13641,train,93_0015.wav,spk_93_0009,South,93
train,13642,train,93_0016.wav,spk_93_0010,South,93
train,13643,train,93_0017.wav,spk_93_0010,South,93
train,13644,train,93_0018.wav,spk_93_0011,South,93
train,13645,train,93_0019.wav,spk_93_0011,South,93
train,13646,train,93_0020.wav,spk_93_0012,South,93
train,13647,train,93_0021.wav,spk_93_0013,South,93
train,13648,train,93_0022.wav,spk_93_0013,South,93
train,13649,train,93_0023.wav,spk_93_0014,South,93
train,13650,train,93_0024.wav,spk_93_0015,South,93
train,13651,train,93_0025.wav,spk_93_0016,South,93
train,13652,train,93_0026.wav,spk_93_0017,South,93
train,13653,train,93_0027.wav,spk_93_0017,South,93
train,13654,train,93_0028.wav,spk_93_0018,South,93
train,13655,train,93_0029.wav,spk_93_0018,South,93
train,13656,train,93_0030.wav,spk_93_0019,South,93
train,13657,train,93_0031.wav,spk_93_0020,South,93
train,13658,train,93_0032.wav,spk_93_0021,South,93
train,13659,train,93_0033.wav,spk_93_0021,South,93
train,13660,train,93_0034.wav,spk_93_0022,South,93
train,13661,train,93_0035.wav,spk_93_0023,South,93
train,13662,train,93_0036.wav,spk_93_0024,South,93
train,13663,train,93_0037.wav,spk_93_0024,South,93
train,13664,train,93_0038.wav,spk_93_0024,South,93
train,13665,train,93_0039.wav,spk_93_0024,South,93
train,13666,train,93_0040.wav,spk_93_0024,South,93
train,13667,train,93_0041.wav,spk_93_0024,South,93
train,13668,train,93_0042.wav,spk_93_0025,South,93
train,13669,train,93_0043.wav,spk_93_0025,South,93
train,13670,train,93_0044.wav,spk_93_0026,South,93
train,13671,train,93_0045.wav,spk_93_0026,South,93
train,13672,train,93_0046.wav,spk_93_0027,South,93
train,13673,train,93_0047.wav,spk_93_0027,South,93
train,13674,train,93_0048.wav,spk_93_0028,South,93
train,13675,train,93_0049.wav,spk_93_0028,South,93
train,13676,train,93_0050.wav,spk_93_0029,South,93
train,13677,train,93_0051.wav,spk_93_0030,South,93
train,13678,train,93_0052.wav,spk_93_0030,South,93
train,13679,train,93_0053.wav,spk_93_0030,South,93
train,13680,train,93_0054.wav,spk_93_0030,South,93
train,13681,train,93_0055.wav,spk_93_0030,South,93
train,13682,train,93_0056.wav,spk_93_0030,South,93
train,13683,train,93_0057.wav,spk_93_0031,South,93
train,13684,train,93_0058.wav,spk_93_0032,South,93
train,13685,train,93_0059.wav,spk_93_0032,South,93
train,13686,train,93_0060.wav,spk_93_0033,South,93
train,13687,train,93_0061.wav,spk_93_0033,South,93
train,13688,train,93_0062.wav,spk_93_0033,South,93
train,13689,train,93_0063.wav,spk_93_0034,South,93
train,13690,train,93_0064.wav,spk_93_0035,South,93
train,13691,train,93_0065.wav,spk_93_0035,South,93
train,13692,train,93_0066.wav,spk_93_0036,South,93
train,13693,train,93_0067.wav,spk_93_0036,South,93
train,13694,train,93_0068.wav,spk_93_0037,South,93
train,13695,train,93_0069.wav,spk_93_0038,South,93
train,13696,train,93_0070.wav,spk_93_0039,South,93
train,13697,train,93_0071.wav,spk_93_0040,South,93
train,13698,train,93_0072.wav,spk_93_0040,South,93
train,13699,train,93_0073.wav,spk_93_0041,South,93
train,13700,train,93_0074.wav,spk_93_0041,South,93
train,13701,train,93_0075.wav,spk_93_0042,South,93
train,13702,train,93_0076.wav,spk_93_0042,South,93
train,13703,train,93_0077.wav,spk_93_0042,South,93
train,13704,train,93_0078.wav,spk_93_0043,South,93
train,13705,train,93_0079.wav,spk_93_0043,South,93
train,13706,train,93_0080.wav,spk_93_0043,South,93
train,13707,train,93_0081.wav,spk_93_0043,South,93
train,13708,train,93_0082.wav,spk_93_0044,South,93
train,13709,train,93_0083.wav,spk_93_0044,South,93
train,13710,train,93_0084.wav,spk_93_0045,South,93
train,13711,train,93_0085.wav,spk_93_0045,South,93
train,13712,train,93_0086.wav,spk_93_0046,South,93
train,13713,train,93_0087.wav,spk_93_0046,South,93
train,13714,train,93_0088.wav,spk_93_0047,South,93
train,13715,train,93_0089.wav,spk_93_0048,South,93
train,13716,train,93_0090.wav,spk_93_0048,South,93
train,13717,train,93_0091.wav,spk_93_0049,South,93
train,13718,train,93_0092.wav,spk_93_0049,South,93
train,13719,train,93_0093.wav,spk_93_0050,South,93
train,13720,train,93_0094.wav,spk_93_0051,South,93
train,13721,train,93_0095.wav,spk_93_0051,South,93
train,13722,train,93_0096.wav,spk_93_0052,South,93
train,13723,train,93_0097.wav,spk_93_0053,South,93
train,13724,train,93_0098.wav,spk_93_0054,South,93
train,13725,train,93_0099.wav,spk_93_0055,South,93
train,13726,train,93_0100.wav,spk_93_0056,South,93
train,13727,train,93_0101.wav,spk_93_0057,South,93
train,13728,train,93_0102.wav,spk_93_0058,South,93
train,13729,train,93_0103.wav,spk_93_0058,South,93
train,13730,train,93_0104.wav,spk_93_0059,South,93
train,13731,train,93_0105.wav,spk_93_0060,South,93
train,13732,train,93_0106.wav,spk_93_0061,South,93
train,13733,train,93_0107.wav,spk_93_0061,South,93
train,13734,train,93_0108.wav,spk_93_0061,South,93
train,13735,train,93_0109.wav,spk_93_0062,South,93
train,13736,train,93_0110.wav,spk_93_0063,South,93
train,13737,train,93_0111.wav,spk_93_0064,South,93
train,13738,train,93_0112.wav,spk_93_0065,South,93
train,13739,train,93_0113.wav,spk_93_0066,South,93
train,13740,train,93_0114.wav,spk_93_0066,South,93
train,13741,train,93_0115.wav,spk_93_0067,South,93
train,13742,train,93_0116.wav,spk_93_0067,South,93
train,13743,train,93_0117.wav,spk_93_0068,South,93
train,13744,train,93_0118.wav,spk_93_0068,South,93
train,13745,train,93_0119.wav,spk_93_0069,South,93
train,13746,train,93_0120.wav,spk_93_0070,South,93
train,13747,train,93_0121.wav,spk_93_0071,South,93
train,13748,train,93_0122.wav,spk_93_0071,South,93
train,13749,train,93_0123.wav,spk_93_0072,South,93
train,13750,train,93_0124.wav,spk_93_0072,South,93
train,13751,train,93_0125.wav,spk_93_0073,South,93
train,13752,train,93_0126.wav,spk_93_0073,South,93
train,13753,train,93_0127.wav,spk_93_0074,South,93
train,13754,train,93_0128.wav,spk_93_0075,South,93
train,13755,train,93_0129.wav,spk_93_0076,South,93
train,13756,train,93_0130.wav,spk_93_0076,South,93
train,13757,train,93_0131.wav,spk_93_0076,South,93
train,13758,train,93_0132.wav,spk_93_0077,South,93
train,13759,train,93_0133.wav,spk_93_0077,South,93
train,13760,train,93_0134.wav,spk_93_0077,South,93
train,13761,train,93_0135.wav,spk_93_0078,South,93
train,13762,train,93_0136.wav,spk_93_0078,South,93
train,13763,train,93_0137.wav,spk_93_0079,South,93
train,13764,train,93_0138.wav,spk_93_0080,South,93
train,13765,train,93_0139.wav,spk_93_0081,South,93
train,13766,train,93_0140.wav,spk_93_0082,South,93
train,13767,train,93_0141.wav,spk_93_0083,South,93
train,13768,train,93_0142.wav,spk_93_0084,South,93
train,13769,train,93_0143.wav,spk_93_0085,South,93
train,13770,train,93_0144.wav,spk_93_0086,South,93
train,13771,train,93_0145.wav,spk_93_0087,South,93
train,13772,train,93_0146.wav,spk_93_0087,South,93
train,13773,train,93_0147.wav,spk_93_0088,South,93
train,13774,train,93_0148.wav,spk_93_0089,South,93
train,13775,train,93_0149.wav,spk_93_0090,South,93
train,13776,train,93_0150.wav,spk_93_0091,South,93
train,13777,train,93_0151.wav,spk_93_0092,South,93
train,13778,train,93_0152.wav,spk_93_0093,South,93
train,13779,train,93_0153.wav,spk_93_0094,South,93
train,13780,train,93_0154.wav,spk_93_0095,South,93
train,13781,train,93_0155.wav,spk_93_0095,South,93
train,13782,train,93_0156.wav,spk_93_0096,South,93
train,13783,train,93_0157.wav,spk_93_0096,South,93
train,13784,train,93_0158.wav,spk_93_0097,South,93
train,13785,train,93_0159.wav,spk_93_0097,South,93
train,13786,train,93_0160.wav,spk_93_0098,South,93
train,13787,train,93_0161.wav,spk_93_0099,South,93
train,13788,train,93_0162.wav,spk_93_0100,South,93
train,13789,train,93_0163.wav,spk_93_0101,South,93
train,13790,train,93_0164.wav,spk_93_0102,South,93
train,13791,train,93_0165.wav,spk_93_0103,South,93
train,13792,train,93_0166.wav,spk_93_0103,South,93
train,13793,train,93_0167.wav,spk_93_0104,South,93
train,13794,train,93_0168.wav,spk_93_0105,South,93
train,13795,train,93_0169.wav,spk_93_0106,South,93
train,13796,train,93_0170.wav,spk_93_0106,South,93
train,13797,train,93_0171.wav,spk_93_0107,South,93
train,13798,train,93_0172.wav,spk_93_0108,South,93
train,13799,train,93_0173.wav,spk_93_0109,South,93
train,13800,train,93_0174.wav,spk_93_0109,South,93
train,13801,train,93_0175.wav,spk_93_0110,South,93
train,13802,train,93_0176.wav,spk_93_0110,South,93
train,13803,train,93_0177.wav,spk_93_0110,South,93
train,13804,train,93_0178.wav,spk_93_0111,South,93
train,13805,train,93_0179.wav,spk_93_0111,South,93
train,13806,train,93_0180.wav,spk_93_0112,South,93
train,13807,train,93_0181.wav,spk_93_0113,South,93
train,13808,train,93_0182.wav,spk_93_0113,South,93
train,13809,train,93_0183.wav,spk_93_0114,South,93
train,13810,train,93_0184.wav,spk_93_0114,South,93
train,13811,train,93_0185.wav,spk_93_0115,South,93
train,13812,train,93_0186.wav,spk_93_0115,South,93
train,13813,train,93_0187.wav,spk_93_0115,South,93
train,13814,train,93_0188.wav,spk_93_0116,South,93
train,13815,train,93_0189.wav,spk_93_0117,South,93
train,13816,train,93_0190.wav,spk_93_0118,South,93
train,13817,train,93_0191.wav,spk_93_0119,South,93
train,13818,train,93_0192.wav,spk_93_0120,South,93
train,13819,train,93_0193.wav,spk_93_0121,South,93
train,13820,train,93_0194.wav,spk_93_0121,South,93
train,13821,train,93_0195.wav,spk_93_0122,South,93
train,13822,train,93_0196.wav,spk_93_0122,South,93
train,13823,train,93_0197.wav,spk_93_0123,South,93
train,13824,train,93_0198.wav,spk_93_0124,South,93
train,13825,train,93_0199.wav,spk_93_0124,South,93
train,13826,train,93_0200.wav,spk_93_0125,South,93
train,13827,train,93_0201.wav,spk_93_0125,South,93
train,13828,train,93_0202.wav,spk_93_0126,South,93
train,13829,train,93_0203.wav,spk_93_0127,South,93
train,13830,train,93_0204.wav,spk_93_0127,South,93
train,13831,train,93_0205.wav,spk_93_0128,South,93
train,13832,train,93_0206.wav,spk_93_0129,South,93
train,13833,train,93_0207.wav,spk_93_0130,South,93
train,13834,train,93_0208.wav,spk_93_0131,South,93
train,13835,train,93_0209.wav,spk_93_0132,South,93
train,13836,train,93_0210.wav,spk_93_0133,South,93
train,13837,train,93_0211.wav,spk_93_0134,South,93
train,13838,train,93_0212.wav,spk_93_0135,South,93
train,13839,train,93_0213.wav,spk_93_0136,South,93
train,13840,train,93_0214.wav,spk_93_0137,South,93
train,13841,train,93_0215.wav,spk_93_0138,South,93
train,13842,train,93_0216.wav,spk_93_0139,South,93
train,13843,train,93_0217.wav,spk_93_0139,South,93
train,13844,train,93_0218.wav,spk_93_0139,South,93
train,13845,train,93_0219.wav,spk_93_0140,South,93
train,13846,train,93_0220.wav,spk_93_0140,South,93
train,13847,train,93_0221.wav,spk_93_0141,South,93
train,13848,train,93_0222.wav,spk_93_0141,South,93
train,13849,train,93_0223.wav,spk_93_0142,South,93
train,13850,train,93_0224.wav,spk_93_0143,South,93
train,13851,train,93_0225.wav,spk_93_0144,South,93
train,13852,train,93_0226.wav,spk_93_0145,South,93
train,13853,train,93_0227.wav,spk_93_0146,South,93
train,13854,train,93_0228.wav,spk_93_0147,South,93
train,13855,train,93_0229.wav,spk_93_0147,South,93
train,13856,train,93_0230.wav,spk_93_0148,South,93
train,13857,train,93_0231.wav,spk_93_0149,South,93
train,13858,train,93_0232.wav,spk_93_0149,South,93
train,13859,train,93_0233.wav,spk_93_0150,South,93
train,13860,train,93_0234.wav,spk_93_0151,South,93
train,13861,train,93_0235.wav,spk_93_0152,South,93
train,13862,train,93_0236.wav,spk_93_0152,South,93
train,13863,train,93_0237.wav,spk_93_0153,South,93
train,13864,train,93_0238.wav,spk_93_0153,South,93
train,13865,train,93_0239.wav,spk_93_0153,South,93
train,13866,train,93_0240.wav,spk_93_0153,South,93
train,13867,train,93_0241.wav,spk_93_0154,South,93
train,13868,train,93_0242.wav,spk_93_0154,South,93
train,13869,train,93_0243.wav,spk_93_0155,South,93
train,13870,train,93_0244.wav,spk_93_0155,South,93
train,13871,train,93_0245.wav,spk_93_0156,South,93
train,13872,train,93_0246.wav,spk_93_0157,South,93
train,13873,train,93_0247.wav,spk_93_0158,South,93
train,13874,train,93_0248.wav,spk_93_0158,South,93
train,13875,train,93_0249.wav,spk_93_0158,South,93
train,13876,train,93_0250.wav,spk_93_0158,South,93
train,13877,train,93_0251.wav,spk_93_0159,South,93
train,13878,train,93_0252.wav,spk_93_0159,South,93
train,13879,train,93_0253.wav,spk_93_0160,South,93
train,13880,train,93_0254.wav,spk_93_0161,South,93
train,13881,train,93_0255.wav,spk_93_0162,South,93
train,13882,train,93_0257.wav,spk_93_0164,South,93
train,13883,train,93_0258.wav,spk_93_0165,South,93
train,13884,train,93_0259.wav,spk_93_0166,South,93
train,13885,train,93_0262.wav,spk_93_0168,South,93
train,13886,train,93_0263.wav,spk_93_0169,South,93
train,13887,train,94_0001.wav,spk_94_0001,South,94
train,13888,train,94_0002.wav,spk_94_0001,South,94
train,13889,train,94_0003.wav,spk_94_0001,South,94
train,13890,train,94_0004.wav,spk_94_0001,South,94
train,13891,train,94_0005.wav,spk_94_0002,South,94
train,13892,train,94_0006.wav,spk_94_0003,South,94
train,13893,train,94_0007.wav,spk_94_0003,South,94
train,13894,train,94_0008.wav,spk_94_0003,South,94
train,13895,train,94_0009.wav,spk_94_0003,South,94
train,13896,train,94_0010.wav,spk_94_0003,South,94
train,13897,train,94_0011.wav,spk_94_0004,South,94
train,13898,train,94_0012.wav,spk_94_0005,South,94
train,13899,train,94_0013.wav,spk_94_0005,South,94
train,13900,train,94_0014.wav,spk_94_0005,South,94
train,13901,train,94_0015.wav,spk_94_0005,South,94
train,13902,train,94_0016.wav,spk_94_0005,South,94
train,13903,train,94_0017.wav,spk_94_0006,South,94
train,13904,train,94_0018.wav,spk_94_0007,South,94
train,13905,train,94_0019.wav,spk_94_0007,South,94
train,13906,train,94_0020.wav,spk_94_0008,South,94
train,13907,train,94_0021.wav,spk_94_0008,South,94
train,13908,train,94_0022.wav,spk_94_0009,South,94
train,13909,train,94_0023.wav,spk_94_0010,South,94
train,13910,train,94_0024.wav,spk_94_0010,South,94
train,13911,train,94_0025.wav,spk_94_0010,South,94
train,13912,train,94_0026.wav,spk_94_0010,South,94
train,13913,train,94_0027.wav,spk_94_0010,South,94
train,13914,train,94_0028.wav,spk_94_0011,South,94
train,13915,train,94_0029.wav,spk_94_0011,South,94
train,13916,train,94_0030.wav,spk_94_0012,South,94
train,13917,train,94_0031.wav,spk_94_0012,South,94
train,13918,train,94_0032.wav,spk_94_0012,South,94
train,13919,train,94_0033.wav,spk_94_0013,South,94
train,13920,train,94_0034.wav,spk_94_0013,South,94
train,13921,train,94_0035.wav,spk_94_0013,South,94
train,13922,train,94_0036.wav,spk_94_0014,South,94
train,13923,train,94_0037.wav,spk_94_0014,South,94
train,13924,train,94_0038.wav,spk_94_0014,South,94
train,13925,train,94_0039.wav,spk_94_0015,South,94
train,13926,train,94_0040.wav,spk_94_0015,South,94
train,13927,train,94_0041.wav,spk_94_0015,South,94
train,13928,train,94_0042.wav,spk_94_0016,South,94
train,13929,train,94_0043.wav,spk_94_0016,South,94
train,13930,train,94_0044.wav,spk_94_0016,South,94
train,13931,train,94_0045.wav,spk_94_0017,South,94
train,13932,train,94_0046.wav,spk_94_0017,South,94
train,13933,train,94_0047.wav,spk_94_0017,South,94
train,13934,train,94_0048.wav,spk_94_0018,South,94
train,13935,train,94_0049.wav,spk_94_0018,South,94
train,13936,train,94_0050.wav,spk_94_0019,South,94
train,13937,train,94_0051.wav,spk_94_0019,South,94
train,13938,train,94_0052.wav,spk_94_0019,South,94
train,13939,train,94_0053.wav,spk_94_0019,South,94
train,13940,train,94_0054.wav,spk_94_0020,South,94
train,13941,train,94_0055.wav,spk_94_0020,South,94
train,13942,train,94_0056.wav,spk_94_0021,South,94
train,13943,train,94_0057.wav,spk_94_0021,South,94
train,13944,train,94_0058.wav,spk_94_0021,South,94
train,13945,train,94_0059.wav,spk_94_0022,South,94
train,13946,train,94_0060.wav,spk_94_0022,South,94
train,13947,train,94_0061.wav,spk_94_0022,South,94
train,13948,train,94_0062.wav,spk_94_0022,South,94
train,13949,train,94_0063.wav,spk_94_0023,South,94
train,13950,train,94_0064.wav,spk_94_0023,South,94
train,13951,train,94_0065.wav,spk_94_0023,South,94
train,13952,train,94_0066.wav,spk_94_0024,South,94
train,13953,train,94_0067.wav,spk_94_0024,South,94
train,13954,train,94_0068.wav,spk_94_0024,South,94
train,13955,train,94_0069.wav,spk_94_0025,South,94
train,13956,train,94_0070.wav,spk_94_0025,South,94
train,13957,train,94_0071.wav,spk_94_0026,South,94
train,13958,train,94_0072.wav,spk_94_0026,South,94
train,13959,train,94_0073.wav,spk_94_0026,South,94
train,13960,train,94_0074.wav,spk_94_0026,South,94
train,13961,train,94_0075.wav,spk_94_0027,South,94
train,13962,train,94_0076.wav,spk_94_0027,South,94
train,13963,train,94_0077.wav,spk_94_0027,South,94
train,13964,train,94_0078.wav,spk_94_0027,South,94
train,13965,train,94_0079.wav,spk_94_0028,South,94
train,13966,train,94_0080.wav,spk_94_0028,South,94
train,13967,train,94_0081.wav,spk_94_0029,South,94
train,13968,train,94_0082.wav,spk_94_0029,South,94
train,13969,train,94_0083.wav,spk_94_0030,South,94
train,13970,train,94_0084.wav,spk_94_0030,South,94
train,13971,train,94_0085.wav,spk_94_0030,South,94
train,13972,train,94_0086.wav,spk_94_0031,South,94
train,13973,train,94_0087.wav,spk_94_0031,South,94
train,13974,train,94_0088.wav,spk_94_0031,South,94
train,13975,train,94_0089.wav,spk_94_0031,South,94
train,13976,train,94_0090.wav,spk_94_0031,South,94
train,13977,train,94_0091.wav,spk_94_0031,South,94
train,13978,train,94_0092.wav,spk_94_0032,South,94
train,13979,train,94_0093.wav,spk_94_0032,South,94
train,13980,train,94_0094.wav,spk_94_0032,South,94
train,13981,train,94_0095.wav,spk_94_0033,South,94
train,13982,train,94_0096.wav,spk_94_0033,South,94
train,13983,train,94_0097.wav,spk_94_0033,South,94
train,13984,train,94_0098.wav,spk_94_0034,South,94
train,13985,train,94_0099.wav,spk_94_0034,South,94
train,13986,train,94_0100.wav,spk_94_0034,South,94
train,13987,train,94_0101.wav,spk_94_0034,South,94
train,13988,train,94_0102.wav,spk_94_0035,South,94
train,13989,train,94_0103.wav,spk_94_0035,South,94
train,13990,train,94_0104.wav,spk_94_0035,South,94
train,13991,train,94_0105.wav,spk_94_0036,South,94
train,13992,train,94_0106.wav,spk_94_0036,South,94
train,13993,train,94_0107.wav,spk_94_0036,South,94
train,13994,train,94_0108.wav,spk_94_0036,South,94
train,13995,train,94_0109.wav,spk_94_0036,South,94
train,13996,train,94_0110.wav,spk_94_0037,South,94
train,13997,train,94_0111.wav,spk_94_0037,South,94
train,13998,train,94_0112.wav,spk_94_0038,South,94
train,13999,train,94_0113.wav,spk_94_0038,South,94
train,14000,train,94_0114.wav,spk_94_0038,South,94
train,14001,train,94_0115.wav,spk_94_0038,South,94
train,14002,train,94_0116.wav,spk_94_0038,South,94
train,14003,train,94_0117.wav,spk_94_0039,South,94
train,14004,train,94_0118.wav,spk_94_0039,South,94
train,14005,train,94_0119.wav,spk_94_0039,South,94
train,14006,train,94_0120.wav,spk_94_0040,South,94
train,14007,train,94_0121.wav,spk_94_0040,South,94
train,14008,train,94_0122.wav,spk_94_0041,South,94
train,14009,train,94_0123.wav,spk_94_0041,South,94
train,14010,train,94_0124.wav,spk_94_0041,South,94
train,14011,train,94_0125.wav,spk_94_0041,South,94
train,14012,train,94_0126.wav,spk_94_0042,South,94
train,14013,train,94_0127.wav,spk_94_0042,South,94
train,14014,train,94_0128.wav,spk_94_0042,South,94
train,14015,train,94_0129.wav,spk_94_0042,South,94
train,14016,train,94_0130.wav,spk_94_0043,South,94
train,14017,train,94_0131.wav,spk_94_0043,South,94
train,14018,train,94_0132.wav,spk_94_0044,South,94
train,14019,train,94_0133.wav,spk_94_0045,South,94
train,14020,train,94_0134.wav,spk_94_0046,South,94
train,14021,train,94_0135.wav,spk_94_0046,South,94
train,14022,train,94_0136.wav,spk_94_0046,South,94
train,14023,train,94_0137.wav,spk_94_0047,South,94
train,14024,train,94_0138.wav,spk_94_0047,South,94
train,14025,train,94_0139.wav,spk_94_0048,South,94
train,14026,train,94_0140.wav,spk_94_0048,South,94
train,14027,train,94_0141.wav,spk_94_0048,South,94
train,14028,train,94_0142.wav,spk_94_0048,South,94
train,14029,train,94_0143.wav,spk_94_0048,South,94
train,14030,train,94_0144.wav,spk_94_0048,South,94
train,14031,train,94_0145.wav,spk_94_0049,South,94
train,14032,train,94_0146.wav,spk_94_0049,South,94
train,14033,train,94_0147.wav,spk_94_0049,South,94
train,14034,train,94_0148.wav,spk_94_0050,South,94
train,14035,train,94_0149.wav,spk_94_0050,South,94
train,14036,train,94_0150.wav,spk_94_0051,South,94
train,14037,train,94_0151.wav,spk_94_0051,South,94
train,14038,train,94_0152.wav,spk_94_0051,South,94
train,14039,train,94_0153.wav,spk_94_0052,South,94
train,14040,train,94_0154.wav,spk_94_0053,South,94
train,14041,train,94_0155.wav,spk_94_0053,South,94
train,14042,train,94_0156.wav,spk_94_0054,South,94
train,14043,train,94_0157.wav,spk_94_0054,South,94
train,14044,train,94_0158.wav,spk_94_0055,South,94
train,14045,train,94_0159.wav,spk_94_0055,South,94
train,14046,train,94_0160.wav,spk_94_0055,South,94
train,14047,train,94_0161.wav,spk_94_0055,South,94
train,14048,train,94_0162.wav,spk_94_0056,South,94
train,14049,train,94_0163.wav,spk_94_0056,South,94
train,14050,train,94_0164.wav,spk_94_0056,South,94
train,14051,train,94_0165.wav,spk_94_0056,South,94
train,14052,train,94_0166.wav,spk_94_0056,South,94
train,14053,train,94_0167.wav,spk_94_0056,South,94
train,14054,train,94_0168.wav,spk_94_0057,South,94
train,14055,train,94_0169.wav,spk_94_0057,South,94
train,14056,train,94_0170.wav,spk_94_0057,South,94
train,14057,train,94_0171.wav,spk_94_0057,South,94
train,14058,train,94_0172.wav,spk_94_0058,South,94
train,14059,train,94_0173.wav,spk_94_0058,South,94
train,14060,train,94_0174.wav,spk_94_0058,South,94
train,14061,train,94_0175.wav,spk_94_0058,South,94
train,14062,train,94_0176.wav,spk_94_0058,South,94
train,14063,train,94_0177.wav,spk_94_0059,South,94
train,14064,train,94_0178.wav,spk_94_0059,South,94
train,14065,train,94_0179.wav,spk_94_0060,South,94
train,14066,train,94_0180.wav,spk_94_0060,South,94
train,14067,train,94_0181.wav,spk_94_0060,South,94
train,14068,train,94_0182.wav,spk_94_0060,South,94
train,14069,train,94_0183.wav,spk_94_0060,South,94
train,14070,train,94_0184.wav,spk_94_0061,South,94
train,14071,train,94_0185.wav,spk_94_0062,South,94
train,14072,train,94_0186.wav,spk_94_0062,South,94
train,14073,train,94_0187.wav,spk_94_0063,South,94
train,14074,train,94_0188.wav,spk_94_0063,South,94
train,14075,train,94_0189.wav,spk_94_0064,South,94
train,14076,train,94_0190.wav,spk_94_0064,South,94
train,14077,train,94_0191.wav,spk_94_0064,South,94
train,14078,train,94_0192.wav,spk_94_0064,South,94
train,14079,train,94_0193.wav,spk_94_0065,South,94
train,14080,train,94_0194.wav,spk_94_0065,South,94
train,14081,train,94_0195.wav,spk_94_0065,South,94
train,14082,train,94_0196.wav,spk_94_0065,South,94
train,14083,train,94_0197.wav,spk_94_0065,South,94
train,14084,train,94_0198.wav,spk_94_0065,South,94
train,14085,train,94_0199.wav,spk_94_0066,South,94
train,14086,train,94_0200.wav,spk_94_0066,South,94
train,14087,train,94_0201.wav,spk_94_0066,South,94
train,14088,train,94_0202.wav,spk_94_0066,South,94
train,14089,train,94_0203.wav,spk_94_0066,South,94
train,14090,train,94_0204.wav,spk_94_0066,South,94
train,14091,train,94_0205.wav,spk_94_0067,South,94
train,14092,train,94_0206.wav,spk_94_0067,South,94
train,14093,train,94_0207.wav,spk_94_0067,South,94
train,14094,train,94_0208.wav,spk_94_0067,South,94
train,14095,train,94_0209.wav,spk_94_0068,South,94
train,14096,train,94_0210.wav,spk_94_0068,South,94
train,14097,train,94_0211.wav,spk_94_0068,South,94
train,14098,train,94_0212.wav,spk_94_0068,South,94
train,14099,train,94_0213.wav,spk_94_0069,South,94
train,14100,train,94_0214.wav,spk_94_0069,South,94
train,14101,train,94_0215.wav,spk_94_0069,South,94
train,14102,train,94_0216.wav,spk_94_0069,South,94
train,14103,train,94_0217.wav,spk_94_0069,South,94
train,14104,train,94_0218.wav,spk_94_0070,South,94
train,14105,train,94_0219.wav,spk_94_0070,South,94
train,14106,train,94_0220.wav,spk_94_0071,South,94
train,14107,train,94_0221.wav,spk_94_0071,South,94
train,14108,train,94_0222.wav,spk_94_0071,South,94
train,14109,train,94_0256.wav,spk_94_0082,South,94
train,14110,train,94_0257.wav,spk_94_0082,South,94
train,14111,train,95_0001.wav,spk_95_0001,South,95
train,14112,train,95_0002.wav,spk_95_0002,South,95
train,14113,train,95_0003.wav,spk_95_0003,South,95
train,14114,train,95_0004.wav,spk_95_0003,South,95
train,14115,train,95_0005.wav,spk_95_0004,South,95
train,14116,train,95_0006.wav,spk_95_0005,South,95
train,14117,train,95_0007.wav,spk_95_0006,South,95
train,14118,train,95_0008.wav,spk_95_0007,South,95
train,14119,train,95_0009.wav,spk_95_0008,South,95
train,14120,train,95_0010.wav,spk_95_0008,South,95
train,14121,train,95_0011.wav,spk_95_0009,South,95
train,14122,train,95_0012.wav,spk_95_0010,South,95
train,14123,train,95_0013.wav,spk_95_0011,South,95
train,14124,train,95_0014.wav,spk_95_0012,South,95
train,14125,train,95_0015.wav,spk_95_0012,South,95
train,14126,train,95_0016.wav,spk_95_0012,South,95
train,14127,train,95_0017.wav,spk_95_0012,South,95
train,14128,train,95_0018.wav,spk_95_0013,South,95
train,14129,train,95_0019.wav,spk_95_0014,South,95
train,14130,train,95_0020.wav,spk_95_0014,South,95
train,14131,train,95_0021.wav,spk_95_0015,South,95
train,14132,train,95_0022.wav,spk_95_0016,South,95
train,14133,train,95_0023.wav,spk_95_0016,South,95
train,14134,train,95_0024.wav,spk_95_0017,South,95
train,14135,train,95_0025.wav,spk_95_0018,South,95
train,14136,train,95_0026.wav,spk_95_0019,South,95
train,14137,train,95_0027.wav,spk_95_0020,South,95
train,14138,train,95_0028.wav,spk_95_0021,South,95
train,14139,train,95_0029.wav,spk_95_0022,South,95
train,14140,train,95_0030.wav,spk_95_0023,South,95
train,14141,train,95_0031.wav,spk_95_0023,South,95
train,14142,train,95_0032.wav,spk_95_0024,South,95
train,14143,train,95_0033.wav,spk_95_0025,South,95
train,14144,train,95_0034.wav,spk_95_0026,South,95
train,14145,train,95_0035.wav,spk_95_0027,South,95
train,14146,train,95_0036.wav,spk_95_0028,South,95
train,14147,train,95_0037.wav,spk_95_0029,South,95
train,14148,train,95_0038.wav,spk_95_0029,South,95
train,14149,train,95_0039.wav,spk_95_0030,South,95
train,14150,train,95_0040.wav,spk_95_0031,South,95
train,14151,train,95_0041.wav,spk_95_0031,South,95
train,14152,train,95_0042.wav,spk_95_0032,South,95
train,14153,train,95_0043.wav,spk_95_0033,South,95
train,14154,train,95_0044.wav,spk_95_0033,South,95
train,14155,train,95_0045.wav,spk_95_0033,South,95
train,14156,train,95_0046.wav,spk_95_0034,South,95
train,14157,train,95_0047.wav,spk_95_0035,South,95
train,14158,train,95_0048.wav,spk_95_0036,South,95
train,14159,train,95_0049.wav,spk_95_0037,South,95
train,14160,train,95_0050.wav,spk_95_0038,South,95
train,14161,train,95_0051.wav,spk_95_0039,South,95
train,14162,train,95_0052.wav,spk_95_0039,South,95
train,14163,train,95_0053.wav,spk_95_0040,South,95
train,14164,train,95_0054.wav,spk_95_0041,South,95
train,14165,train,95_0055.wav,spk_95_0042,South,95
train,14166,train,95_0056.wav,spk_95_0043,South,95
train,14167,train,95_0057.wav,spk_95_0044,South,95
train,14168,train,95_0058.wav,spk_95_0044,South,95
train,14169,train,95_0059.wav,spk_95_0044,South,95
train,14170,train,95_0060.wav,spk_95_0044,South,95
train,14171,train,95_0061.wav,spk_95_0044,South,95
train,14172,train,95_0062.wav,spk_95_0045,South,95
train,14173,train,95_0063.wav,spk_95_0046,South,95
train,14174,train,95_0064.wav,spk_95_0047,South,95
train,14175,train,95_0065.wav,spk_95_0047,South,95
train,14176,train,95_0066.wav,spk_95_0048,South,95
train,14177,train,95_0067.wav,spk_95_0049,South,95
train,14178,train,95_0068.wav,spk_95_0050,South,95
train,14179,train,95_0069.wav,spk_95_0051,South,95
train,14180,train,95_0070.wav,spk_95_0052,South,95
train,14181,train,95_0071.wav,spk_95_0053,South,95
train,14182,train,95_0072.wav,spk_95_0054,South,95
train,14183,train,95_0073.wav,spk_95_0055,South,95
train,14184,train,95_0074.wav,spk_95_0056,South,95
train,14185,train,95_0075.wav,spk_95_0056,South,95
train,14186,train,95_0076.wav,spk_95_0056,South,95
train,14187,train,95_0077.wav,spk_95_0057,South,95
train,14188,train,95_0078.wav,spk_95_0058,South,95
train,14189,train,95_0079.wav,spk_95_0059,South,95
train,14190,train,95_0080.wav,spk_95_0060,South,95
train,14191,train,95_0081.wav,spk_95_0061,South,95
train,14192,train,95_0082.wav,spk_95_0062,South,95
train,14193,train,95_0083.wav,spk_95_0063,South,95
train,14194,train,95_0084.wav,spk_95_0064,South,95
train,14195,train,95_0085.wav,spk_95_0065,South,95
train,14196,train,95_0086.wav,spk_95_0066,South,95
train,14197,train,95_0087.wav,spk_95_0067,South,95
train,14198,train,95_0088.wav,spk_95_0068,South,95
train,14199,train,95_0089.wav,spk_95_0069,South,95
train,14200,train,95_0090.wav,spk_95_0070,South,95
train,14201,train,95_0091.wav,spk_95_0071,South,95
train,14202,train,95_0092.wav,spk_95_0072,South,95
train,14203,train,95_0093.wav,spk_95_0073,South,95
train,14204,train,95_0094.wav,spk_95_0074,South,95
train,14205,train,95_0095.wav,spk_95_0075,South,95
train,14206,train,95_0096.wav,spk_95_0076,South,95
train,14207,train,95_0097.wav,spk_95_0077,South,95
train,14208,train,95_0098.wav,spk_95_0078,South,95
train,14209,train,95_0099.wav,spk_95_0079,South,95
train,14210,train,95_0100.wav,spk_95_0079,South,95
train,14211,train,95_0101.wav,spk_95_0080,South,95
train,14212,train,95_0102.wav,spk_95_0081,South,95
train,14213,train,95_0103.wav,spk_95_0082,South,95
train,14214,train,95_0104.wav,spk_95_0083,South,95
train,14215,train,95_0105.wav,spk_95_0084,South,95
train,14216,train,95_0106.wav,spk_95_0085,South,95
train,14217,train,95_0107.wav,spk_95_0086,South,95
train,14218,train,95_0108.wav,spk_95_0087,South,95
train,14219,train,95_0109.wav,spk_95_0088,South,95
train,14220,train,95_0110.wav,spk_95_0088,South,95
train,14221,train,95_0111.wav,spk_95_0089,South,95
train,14222,train,95_0112.wav,spk_95_0089,South,95
train,14223,train,95_0113.wav,spk_95_0090,South,95
train,14224,train,95_0114.wav,spk_95_0091,South,95
train,14225,train,95_0115.wav,spk_95_0092,South,95
train,14226,train,95_0116.wav,spk_95_0093,South,95
train,14227,train,95_0117.wav,spk_95_0094,South,95
train,14228,train,95_0118.wav,spk_95_0095,South,95
train,14229,train,95_0119.wav,spk_95_0095,South,95
train,14230,train,95_0120.wav,spk_95_0095,South,95
train,14231,train,95_0121.wav,spk_95_0095,South,95
train,14232,train,95_0122.wav,spk_95_0096,South,95
train,14233,train,95_0123.wav,spk_95_0097,South,95
train,14234,train,95_0124.wav,spk_95_0097,South,95
train,14235,train,95_0125.wav,spk_95_0098,South,95
train,14236,train,95_0126.wav,spk_95_0099,South,95
train,14237,train,95_0127.wav,spk_95_0100,South,95
train,14238,train,95_0128.wav,spk_95_0101,South,95
train,14239,train,95_0129.wav,spk_95_0102,South,95
train,14240,train,95_0130.wav,spk_95_0103,South,95
train,14241,train,95_0131.wav,spk_95_0104,South,95
train,14242,train,95_0132.wav,spk_95_0105,South,95
train,14243,train,95_0133.wav,spk_95_0106,South,95
train,14244,train,95_0134.wav,spk_95_0107,South,95
train,14245,train,95_0135.wav,spk_95_0108,South,95
train,14246,train,95_0136.wav,spk_95_0109,South,95
train,14247,train,95_0137.wav,spk_95_0110,South,95
train,14248,train,95_0138.wav,spk_95_0111,South,95
train,14249,train,95_0139.wav,spk_95_0112,South,95
train,14250,train,95_0140.wav,spk_95_0113,South,95
train,14251,train,95_0141.wav,spk_95_0114,South,95
train,14252,train,95_0142.wav,spk_95_0115,South,95
train,14253,train,95_0143.wav,spk_95_0116,South,95
train,14254,train,95_0144.wav,spk_95_0117,South,95
train,14255,train,95_0145.wav,spk_95_0118,South,95
train,14256,train,95_0146.wav,spk_95_0118,South,95
train,14257,train,95_0147.wav,spk_95_0119,South,95
train,14258,train,95_0148.wav,spk_95_0120,South,95
train,14259,train,95_0149.wav,spk_95_0121,South,95
train,14260,train,95_0150.wav,spk_95_0122,South,95
train,14261,train,95_0151.wav,spk_95_0123,South,95
train,14262,train,95_0152.wav,spk_95_0124,South,95
train,14263,train,95_0153.wav,spk_95_0124,South,95
train,14264,train,95_0154.wav,spk_95_0125,South,95
train,14265,train,95_0155.wav,spk_95_0125,South,95
train,14266,train,95_0156.wav,spk_95_0126,South,95
train,14267,train,95_0157.wav,spk_95_0127,South,95
train,14268,train,95_0158.wav,spk_95_0128,South,95
train,14269,train,95_0159.wav,spk_95_0129,South,95
train,14270,train,95_0160.wav,spk_95_0130,South,95
train,14271,train,95_0161.wav,spk_95_0131,South,95
train,14272,train,95_0162.wav,spk_95_0132,South,95
train,14273,train,95_0163.wav,spk_95_0133,South,95
train,14274,train,95_0164.wav,spk_95_0134,South,95
train,14275,train,95_0165.wav,spk_95_0134,South,95
train,14276,train,95_0166.wav,spk_95_0134,South,95
train,14277,train,95_0167.wav,spk_95_0134,South,95
train,14278,train,95_0168.wav,spk_95_0134,South,95
train,14279,train,95_0169.wav,spk_95_0134,South,95
train,14280,train,95_0170.wav,spk_95_0134,South,95
train,14281,train,95_0171.wav,spk_95_0134,South,95
train,14282,train,95_0172.wav,spk_95_0135,South,95
train,14283,train,95_0173.wav,spk_95_0136,South,95
train,14284,train,95_0174.wav,spk_95_0136,South,95
train,14285,train,95_0175.wav,spk_95_0136,South,95
train,14286,train,95_0176.wav,spk_95_0137,South,95
train,14287,train,95_0177.wav,spk_95_0138,South,95
train,14288,train,95_0178.wav,spk_95_0139,South,95
train,14289,train,95_0179.wav,spk_95_0140,South,95
train,14290,train,95_0180.wav,spk_95_0141,South,95
train,14291,train,95_0181.wav,spk_95_0142,South,95
train,14292,train,95_0182.wav,spk_95_0143,South,95
train,14293,train,95_0183.wav,spk_95_0144,South,95
train,14294,train,95_0184.wav,spk_95_0145,South,95
train,14295,train,95_0185.wav,spk_95_0145,South,95
train,14296,train,95_0186.wav,spk_95_0146,South,95
train,14297,train,95_0187.wav,spk_95_0147,South,95
train,14298,train,95_0188.wav,spk_95_0148,South,95
train,14299,train,95_0189.wav,spk_95_0149,South,95
train,14300,train,95_0190.wav,spk_95_0150,South,95
train,14301,train,95_0191.wav,spk_95_0151,South,95
train,14302,train,95_0192.wav,spk_95_0152,South,95
train,14303,train,95_0193.wav,spk_95_0153,South,95
train,14304,train,95_0194.wav,spk_95_0154,South,95
train,14305,train,95_0195.wav,spk_95_0155,South,95
train,14306,train,95_0196.wav,spk_95_0156,South,95
train,14307,train,95_0197.wav,spk_95_0156,South,95
train,14308,train,95_0198.wav,spk_95_0156,South,95
train,14309,train,95_0199.wav,spk_95_0156,South,95
train,14310,train,95_0200.wav,spk_95_0157,South,95
train,14311,train,95_0201.wav,spk_95_0157,South,95
train,14312,train,95_0202.wav,spk_95_0158,South,95
train,14313,train,95_0203.wav,spk_95_0159,South,95
train,14314,train,95_0204.wav,spk_95_0160,South,95
train,14315,train,95_0205.wav,spk_95_0161,South,95
train,14316,train,95_0206.wav,spk_95_0162,South,95
train,14317,train,95_0207.wav,spk_95_0162,South,95
train,14318,train,95_0208.wav,spk_95_0162,South,95
train,14319,train,95_0209.wav,spk_95_0162,South,95
train,14320,train,95_0210.wav,spk_95_0163,South,95
train,14321,train,95_0211.wav,spk_95_0164,South,95
train,14322,train,95_0212.wav,spk_95_0164,South,95
train,14323,train,95_0213.wav,spk_95_0165,South,95
train,14324,train,95_0214.wav,spk_95_0166,South,95
train,14325,train,95_0215.wav,spk_95_0166,South,95
train,14326,train,95_0216.wav,spk_95_0167,South,95
train,14327,train,95_0217.wav,spk_95_0168,South,95
train,14328,train,95_0218.wav,spk_95_0169,South,95
train,14329,train,95_0219.wav,spk_95_0170,South,95
train,14330,train,95_0220.wav,spk_95_0171,South,95
train,14331,train,95_0221.wav,spk_95_0171,South,95
train,14332,train,95_0222.wav,spk_95_0172,South,95
train,14333,train,95_0223.wav,spk_95_0173,South,95
train,14334,train,95_0224.wav,spk_95_0174,South,95
train,14335,train,95_0225.wav,spk_95_0174,South,95
train,14336,train,95_0226.wav,spk_95_0175,South,95
train,14337,train,95_0227.wav,spk_95_0176,South,95
train,14338,train,95_0228.wav,spk_95_0177,South,95
train,14339,train,95_0229.wav,spk_95_0178,South,95
train,14340,train,95_0230.wav,spk_95_0179,South,95
train,14341,train,95_0231.wav,spk_95_0180,South,95
train,14342,train,95_0232.wav,spk_95_0181,South,95
train,14343,train,95_0233.wav,spk_95_0182,South,95
train,14344,train,95_0234.wav,spk_95_0183,South,95
train,14345,train,95_0235.wav,spk_95_0184,South,95
train,14346,train,95_0236.wav,spk_95_0185,South,95
train,14347,train,95_0237.wav,spk_95_0186,South,95
train,14348,train,95_0238.wav,spk_95_0187,South,95
train,14349,train,95_0239.wav,spk_95_0188,South,95
train,14350,train,95_0240.wav,spk_95_0189,South,95
train,14351,train,95_0243.wav,spk_95_0192,South,95
train,14352,train,95_0251.wav,spk_95_0198,South,95
train,14353,train,95_0252.wav,spk_95_0199,South,95
train,14354,train,95_0253.wav,spk_95_0199,South,95
train,14355,train,95_0254.wav,spk_95_0200,South,95
train,14356,train,97_0001.wav,spk_97_0001,North,97
train,14357,train,97_0002.wav,spk_97_0002,North,97
train,14358,train,97_0003.wav,spk_97_0003,North,97
train,14359,train,97_0004.wav,spk_97_0004,North,97
train,14360,train,97_0005.wav,spk_97_0005,North,97
train,14361,train,97_0006.wav,spk_97_0006,North,97
train,14362,train,97_0007.wav,spk_97_0007,North,97
train,14363,train,97_0008.wav,spk_97_0008,North,97
train,14364,train,97_0009.wav,spk_97_0008,North,97
train,14365,train,97_0010.wav,spk_97_0009,North,97
train,14366,train,97_0011.wav,spk_97_0009,North,97
train,14367,train,97_0012.wav,spk_97_0010,North,97
train,14368,train,97_0013.wav,spk_97_0011,North,97
train,14369,train,97_0014.wav,spk_97_0012,North,97
train,14370,train,97_0015.wav,spk_97_0013,North,97
train,14371,train,97_0016.wav,spk_97_0014,North,97
train,14372,train,97_0017.wav,spk_97_0014,North,97
train,14373,train,97_0018.wav,spk_97_0015,North,97
train,14374,train,97_0019.wav,spk_97_0015,North,97
train,14375,train,97_0020.wav,spk_97_0016,North,97
train,14376,train,97_0021.wav,spk_97_0017,North,97
train,14377,train,97_0022.wav,spk_97_0018,North,97
train,14378,train,97_0023.wav,spk_97_0019,North,97
train,14379,train,97_0024.wav,spk_97_0020,North,97
train,14380,train,97_0025.wav,spk_97_0020,North,97
train,14381,train,97_0026.wav,spk_97_0021,North,97
train,14382,train,97_0027.wav,spk_97_0021,North,97
train,14383,train,97_0028.wav,spk_97_0022,North,97
train,14384,train,97_0029.wav,spk_97_0023,North,97
train,14385,train,97_0030.wav,spk_97_0024,North,97
train,14386,train,97_0031.wav,spk_97_0024,North,97
train,14387,train,97_0032.wav,spk_97_0025,North,97
train,14388,train,97_0033.wav,spk_97_0026,North,97
train,14389,train,97_0034.wav,spk_97_0027,North,97
train,14390,train,97_0035.wav,spk_97_0028,North,97
train,14391,train,97_0036.wav,spk_97_0029,North,97
train,14392,train,97_0037.wav,spk_97_0030,North,97
train,14393,train,97_0038.wav,spk_97_0031,North,97
train,14394,train,97_0039.wav,spk_97_0032,North,97
train,14395,train,97_0040.wav,spk_97_0033,North,97
train,14396,train,97_0041.wav,spk_97_0033,North,97
train,14397,train,97_0042.wav,spk_97_0034,North,97
train,14398,train,97_0043.wav,spk_97_0035,North,97
train,14399,train,97_0044.wav,spk_97_0036,North,97
train,14400,train,97_0045.wav,spk_97_0036,North,97
train,14401,train,97_0046.wav,spk_97_0037,North,97
train,14402,train,97_0047.wav,spk_97_0038,North,97
train,14403,train,97_0048.wav,spk_97_0039,North,97
train,14404,train,97_0049.wav,spk_97_0040,North,97
train,14405,train,97_0050.wav,spk_97_0040,North,97
train,14406,train,97_0051.wav,spk_97_0041,North,97
train,14407,train,97_0052.wav,spk_97_0042,North,97
train,14408,train,97_0053.wav,spk_97_0043,North,97
train,14409,train,97_0054.wav,spk_97_0044,North,97
train,14410,train,97_0055.wav,spk_97_0044,North,97
train,14411,train,97_0056.wav,spk_97_0044,North,97
train,14412,train,97_0057.wav,spk_97_0044,North,97
train,14413,train,97_0058.wav,spk_97_0044,North,97
train,14414,train,97_0059.wav,spk_97_0044,North,97
train,14415,train,97_0060.wav,spk_97_0044,North,97
train,14416,train,97_0061.wav,spk_97_0045,North,97
train,14417,train,97_0062.wav,spk_97_0046,North,97
train,14418,train,97_0063.wav,spk_97_0047,North,97
train,14419,train,97_0064.wav,spk_97_0047,North,97
train,14420,train,97_0065.wav,spk_97_0048,North,97
train,14421,train,97_0066.wav,spk_97_0049,North,97
train,14422,train,97_0067.wav,spk_97_0050,North,97
train,14423,train,97_0068.wav,spk_97_0051,North,97
train,14424,train,97_0069.wav,spk_97_0052,North,97
train,14425,train,97_0070.wav,spk_97_0053,North,97
train,14426,train,97_0071.wav,spk_97_0054,North,97
train,14427,train,97_0072.wav,spk_97_0055,North,97
train,14428,train,97_0073.wav,spk_97_0055,North,97
train,14429,train,97_0074.wav,spk_97_0056,North,97
train,14430,train,97_0075.wav,spk_97_0056,North,97
train,14431,train,97_0076.wav,spk_97_0057,North,97
train,14432,train,97_0077.wav,spk_97_0058,North,97
train,14433,train,97_0078.wav,spk_97_0059,North,97
train,14434,train,97_0079.wav,spk_97_0060,North,97
train,14435,train,97_0080.wav,spk_97_0061,North,97
train,14436,train,97_0081.wav,spk_97_0061,North,97
train,14437,train,97_0082.wav,spk_97_0062,North,97
train,14438,train,97_0083.wav,spk_97_0063,North,97
train,14439,train,97_0084.wav,spk_97_0064,North,97
train,14440,train,97_0085.wav,spk_97_0064,North,97
train,14441,train,97_0086.wav,spk_97_0065,North,97
train,14442,train,97_0087.wav,spk_97_0066,North,97
train,14443,train,97_0088.wav,spk_97_0067,North,97
train,14444,train,97_0089.wav,spk_97_0067,North,97
train,14445,train,97_0090.wav,spk_97_0068,North,97
train,14446,train,97_0091.wav,spk_97_0069,North,97
train,14447,train,97_0092.wav,spk_97_0070,North,97
train,14448,train,97_0093.wav,spk_97_0071,North,97
train,14449,train,97_0094.wav,spk_97_0072,North,97
train,14450,train,97_0095.wav,spk_97_0072,North,97
train,14451,train,97_0096.wav,spk_97_0073,North,97
train,14452,train,97_0097.wav,spk_97_0073,North,97
train,14453,train,97_0098.wav,spk_97_0074,North,97
train,14454,train,97_0099.wav,spk_97_0074,North,97
train,14455,train,97_0100.wav,spk_97_0075,North,97
train,14456,train,97_0101.wav,spk_97_0076,North,97
train,14457,train,97_0102.wav,spk_97_0076,North,97
train,14458,train,97_0103.wav,spk_97_0077,North,97
train,14459,train,97_0104.wav,spk_97_0078,North,97
train,14460,train,97_0105.wav,spk_97_0079,North,97
train,14461,train,97_0106.wav,spk_97_0080,North,97
train,14462,train,97_0107.wav,spk_97_0081,North,97
train,14463,train,97_0108.wav,spk_97_0082,North,97
train,14464,train,97_0109.wav,spk_97_0083,North,97
train,14465,train,97_0110.wav,spk_97_0084,North,97
train,14466,train,97_0111.wav,spk_97_0085,North,97
train,14467,train,97_0112.wav,spk_97_0086,North,97
train,14468,train,97_0113.wav,spk_97_0087,North,97
train,14469,train,97_0114.wav,spk_97_0087,North,97
train,14470,train,97_0115.wav,spk_97_0088,North,97
train,14471,train,97_0116.wav,spk_97_0088,North,97
train,14472,train,97_0117.wav,spk_97_0089,North,97
train,14473,train,97_0118.wav,spk_97_0090,North,97
train,14474,train,97_0119.wav,spk_97_0091,North,97
train,14475,train,97_0120.wav,spk_97_0091,North,97
train,14476,train,97_0121.wav,spk_97_0092,North,97
train,14477,train,97_0122.wav,spk_97_0093,North,97
train,14478,train,97_0123.wav,spk_97_0094,North,97
train,14479,train,97_0124.wav,spk_97_0095,North,97
train,14480,train,97_0125.wav,spk_97_0095,North,97
train,14481,train,97_0126.wav,spk_97_0096,North,97
train,14482,train,97_0127.wav,spk_97_0096,North,97
train,14483,train,97_0128.wav,spk_97_0097,North,97
train,14484,train,97_0129.wav,spk_97_0098,North,97
train,14485,train,97_0130.wav,spk_97_0098,North,97
train,14486,train,97_0131.wav,spk_97_0099,North,97
train,14487,train,97_0132.wav,spk_97_0100,North,97
train,14488,train,97_0133.wav,spk_97_0101,North,97
train,14489,train,97_0134.wav,spk_97_0102,North,97
train,14490,train,97_0135.wav,spk_97_0103,North,97
train,14491,train,97_0136.wav,spk_97_0104,North,97
train,14492,train,97_0137.wav,spk_97_0104,North,97
train,14493,train,97_0138.wav,spk_97_0105,North,97
train,14494,train,97_0139.wav,spk_97_0106,North,97
train,14495,train,97_0140.wav,spk_97_0107,North,97
train,14496,train,97_0141.wav,spk_97_0107,North,97
train,14497,train,97_0142.wav,spk_97_0108,North,97
train,14498,train,97_0143.wav,spk_97_0109,North,97
train,14499,train,97_0144.wav,spk_97_0110,North,97
train,14500,train,97_0145.wav,spk_97_0110,North,97
train,14501,train,97_0146.wav,spk_97_0111,North,97
train,14502,train,97_0147.wav,spk_97_0112,North,97
train,14503,train,97_0148.wav,spk_97_0113,North,97
train,14504,train,97_0149.wav,spk_97_0114,North,97
train,14505,train,97_0150.wav,spk_97_0115,North,97
train,14506,train,97_0151.wav,spk_97_0116,North,97
train,14507,train,97_0152.wav,spk_97_0117,North,97
train,14508,train,97_0153.wav,spk_97_0118,North,97
train,14509,train,97_0154.wav,spk_97_0119,North,97
train,14510,train,97_0155.wav,spk_97_0119,North,97
train,14511,train,97_0156.wav,spk_97_0120,North,97
train,14512,train,97_0157.wav,spk_97_0121,North,97
train,14513,train,97_0158.wav,spk_97_0122,North,97
train,14514,train,97_0159.wav,spk_97_0123,North,97
train,14515,train,97_0160.wav,spk_97_0124,North,97
train,14516,train,97_0161.wav,spk_97_0124,North,97
train,14517,train,97_0162.wav,spk_97_0125,North,97
train,14518,train,97_0163.wav,spk_97_0126,North,97
train,14519,train,97_0164.wav,spk_97_0126,North,97
train,14520,train,97_0165.wav,spk_97_0127,North,97
train,14521,train,97_0166.wav,spk_97_0128,North,97
train,14522,train,97_0167.wav,spk_97_0128,North,97
train,14523,train,97_0168.wav,spk_97_0129,North,97
train,14524,train,97_0169.wav,spk_97_0130,North,97
train,14525,train,97_0170.wav,spk_97_0130,North,97
train,14526,train,97_0171.wav,spk_97_0131,North,97
train,14527,train,97_0172.wav,spk_97_0132,North,97
train,14528,train,97_0173.wav,spk_97_0132,North,97
train,14529,train,97_0174.wav,spk_97_0133,North,97
train,14530,train,97_0175.wav,spk_97_0133,North,97
train,14531,train,97_0176.wav,spk_97_0134,North,97
train,14532,train,97_0177.wav,spk_97_0134,North,97
train,14533,train,97_0178.wav,spk_97_0135,North,97
train,14534,train,97_0179.wav,spk_97_0136,North,97
train,14535,train,97_0180.wav,spk_97_0137,North,97
train,14536,train,97_0181.wav,spk_97_0138,North,97
train,14537,train,97_0182.wav,spk_97_0138,North,97
train,14538,train,97_0183.wav,spk_97_0139,North,97
train,14539,train,97_0184.wav,spk_97_0140,North,97
train,14540,train,97_0185.wav,spk_97_0141,North,97
train,14541,train,97_0186.wav,spk_97_0142,North,97
train,14542,train,97_0187.wav,spk_97_0142,North,97
train,14543,train,97_0188.wav,spk_97_0143,North,97
train,14544,train,97_0189.wav,spk_97_0143,North,97
train,14545,train,97_0190.wav,spk_97_0144,North,97
train,14546,train,97_0191.wav,spk_97_0145,North,97
train,14547,train,97_0192.wav,spk_97_0146,North,97
train,14548,train,97_0193.wav,spk_97_0147,North,97
train,14549,train,97_0194.wav,spk_97_0147,North,97
train,14550,train,97_0195.wav,spk_97_0147,North,97
train,14551,train,97_0196.wav,spk_97_0148,North,97
train,14552,train,97_0197.wav,spk_97_0149,North,97
train,14553,train,97_0198.wav,spk_97_0150,North,97
train,14554,train,97_0199.wav,spk_97_0150,North,97
train,14555,train,97_0200.wav,spk_97_0151,North,97
train,14556,train,97_0201.wav,spk_97_0151,North,97
train,14557,train,97_0202.wav,spk_97_0152,North,97
train,14558,train,97_0203.wav,spk_97_0153,North,97
train,14559,train,97_0204.wav,spk_97_0154,North,97
train,14560,train,97_0205.wav,spk_97_0154,North,97
train,14561,train,97_0206.wav,spk_97_0155,North,97
train,14562,train,97_0207.wav,spk_97_0156,North,97
train,14563,train,97_0208.wav,spk_97_0157,North,97
train,14564,train,97_0209.wav,spk_97_0158,North,97
train,14565,train,97_0210.wav,spk_97_0159,North,97
train,14566,train,97_0211.wav,spk_97_0159,North,97
train,14567,train,97_0212.wav,spk_97_0160,North,97
train,14568,train,97_0213.wav,spk_97_0160,North,97
train,14569,train,97_0214.wav,spk_97_0160,North,97
train,14570,train,97_0215.wav,spk_97_0161,North,97
train,14571,train,97_0216.wav,spk_97_0161,North,97
train,14572,train,97_0217.wav,spk_97_0161,North,97
train,14573,train,97_0218.wav,spk_97_0161,North,97
train,14574,train,97_0219.wav,spk_97_0162,North,97
train,14575,train,97_0220.wav,spk_97_0162,North,97
train,14576,train,97_0221.wav,spk_97_0163,North,97
train,14577,train,97_0222.wav,spk_97_0164,North,97
train,14578,train,97_0223.wav,spk_97_0164,North,97
train,14579,train,97_0224.wav,spk_97_0165,North,97
train,14580,train,97_0225.wav,spk_97_0165,North,97
train,14581,train,97_0226.wav,spk_97_0166,North,97
train,14582,train,97_0227.wav,spk_97_0167,North,97
train,14583,train,97_0228.wav,spk_97_0167,North,97
train,14584,train,97_0234.wav,spk_97_0172,North,97
train,14585,train,98_0001.wav,spk_98_0001,North,98
train,14586,train,98_0002.wav,spk_98_0002,North,98
train,14587,train,98_0003.wav,spk_98_0003,North,98
train,14588,train,98_0004.wav,spk_98_0004,North,98
train,14589,train,98_0005.wav,spk_98_0004,North,98
train,14590,train,98_0006.wav,spk_98_0004,North,98
train,14591,train,98_0007.wav,spk_98_0005,North,98
train,14592,train,98_0008.wav,spk_98_0006,North,98
train,14593,train,98_0009.wav,spk_98_0007,North,98
train,14594,train,98_0010.wav,spk_98_0007,North,98
train,14595,train,98_0011.wav,spk_98_0008,North,98
train,14596,train,98_0012.wav,spk_98_0009,North,98
train,14597,train,98_0013.wav,spk_98_0010,North,98
train,14598,train,98_0014.wav,spk_98_0011,North,98
train,14599,train,98_0015.wav,spk_98_0011,North,98
train,14600,train,98_0016.wav,spk_98_0012,North,98
train,14601,train,98_0017.wav,spk_98_0013,North,98
train,14602,train,98_0018.wav,spk_98_0014,North,98
train,14603,train,98_0019.wav,spk_98_0015,North,98
train,14604,train,98_0020.wav,spk_98_0016,North,98
train,14605,train,98_0021.wav,spk_98_0017,North,98
train,14606,train,98_0022.wav,spk_98_0018,North,98
train,14607,train,98_0023.wav,spk_98_0019,North,98
train,14608,train,98_0024.wav,spk_98_0020,North,98
train,14609,train,98_0025.wav,spk_98_0020,North,98
train,14610,train,98_0026.wav,spk_98_0020,North,98
train,14611,train,98_0027.wav,spk_98_0020,North,98
train,14612,train,98_0028.wav,spk_98_0020,North,98
train,14613,train,98_0029.wav,spk_98_0020,North,98
train,14614,train,98_0030.wav,spk_98_0021,North,98
train,14615,train,98_0031.wav,spk_98_0022,North,98
train,14616,train,98_0032.wav,spk_98_0023,North,98
train,14617,train,98_0033.wav,spk_98_0024,North,98
train,14618,train,98_0034.wav,spk_98_0025,North,98
train,14619,train,98_0035.wav,spk_98_0026,North,98
train,14620,train,98_0036.wav,spk_98_0027,North,98
train,14621,train,98_0037.wav,spk_98_0028,North,98
train,14622,train,98_0038.wav,spk_98_0029,North,98
train,14623,train,98_0039.wav,spk_98_0030,North,98
train,14624,train,98_0040.wav,spk_98_0031,North,98
train,14625,train,98_0041.wav,spk_98_0031,North,98
train,14626,train,98_0042.wav,spk_98_0032,North,98
train,14627,train,98_0043.wav,spk_98_0033,North,98
train,14628,train,98_0044.wav,spk_98_0034,North,98
train,14629,train,98_0045.wav,spk_98_0035,North,98
train,14630,train,98_0046.wav,spk_98_0035,North,98
train,14631,train,98_0047.wav,spk_98_0035,North,98
train,14632,train,98_0048.wav,spk_98_0036,North,98
train,14633,train,98_0049.wav,spk_98_0037,North,98
train,14634,train,98_0050.wav,spk_98_0037,North,98
train,14635,train,98_0051.wav,spk_98_0037,North,98
train,14636,train,98_0052.wav,spk_98_0038,North,98
train,14637,train,98_0053.wav,spk_98_0039,North,98
train,14638,train,98_0054.wav,spk_98_0040,North,98
train,14639,train,98_0055.wav,spk_98_0041,North,98
train,14640,train,98_0056.wav,spk_98_0041,North,98
train,14641,train,98_0057.wav,spk_98_0042,North,98
train,14642,train,98_0058.wav,spk_98_0043,North,98
train,14643,train,98_0059.wav,spk_98_0044,North,98
train,14644,train,98_0060.wav,spk_98_0045,North,98
train,14645,train,98_0061.wav,spk_98_0046,North,98
train,14646,train,98_0062.wav,spk_98_0047,North,98
train,14647,train,98_0063.wav,spk_98_0048,North,98
train,14648,train,98_0064.wav,spk_98_0049,North,98
train,14649,train,98_0065.wav,spk_98_0050,North,98
train,14650,train,98_0066.wav,spk_98_0050,North,98
train,14651,train,98_0067.wav,spk_98_0051,North,98
train,14652,train,98_0068.wav,spk_98_0052,North,98
train,14653,train,98_0069.wav,spk_98_0053,North,98
train,14654,train,98_0070.wav,spk_98_0054,North,98
train,14655,train,98_0071.wav,spk_98_0054,North,98
train,14656,train,98_0072.wav,spk_98_0055,North,98
train,14657,train,98_0073.wav,spk_98_0056,North,98
train,14658,train,98_0074.wav,spk_98_0057,North,98
train,14659,train,98_0075.wav,spk_98_0058,North,98
train,14660,train,98_0076.wav,spk_98_0059,North,98
train,14661,train,98_0077.wav,spk_98_0060,North,98
train,14662,train,98_0078.wav,spk_98_0060,North,98
train,14663,train,98_0079.wav,spk_98_0060,North,98
train,14664,train,98_0080.wav,spk_98_0060,North,98
train,14665,train,98_0081.wav,spk_98_0061,North,98
train,14666,train,98_0082.wav,spk_98_0062,North,98
train,14667,train,98_0083.wav,spk_98_0063,North,98
train,14668,train,98_0084.wav,spk_98_0064,North,98
train,14669,train,98_0085.wav,spk_98_0065,North,98
train,14670,train,98_0086.wav,spk_98_0066,North,98
train,14671,train,98_0087.wav,spk_98_0067,North,98
train,14672,train,98_0088.wav,spk_98_0068,North,98
train,14673,train,98_0089.wav,spk_98_0069,North,98
train,14674,train,98_0090.wav,spk_98_0070,North,98
train,14675,train,98_0091.wav,spk_98_0070,North,98
train,14676,train,98_0092.wav,spk_98_0071,North,98
train,14677,train,98_0093.wav,spk_98_0072,North,98
train,14678,train,98_0094.wav,spk_98_0072,North,98
train,14679,train,98_0095.wav,spk_98_0073,North,98
train,14680,train,98_0096.wav,spk_98_0074,North,98
train,14681,train,98_0097.wav,spk_98_0074,North,98
train,14682,train,98_0098.wav,spk_98_0075,North,98
train,14683,train,98_0099.wav,spk_98_0076,North,98
train,14684,train,98_0100.wav,spk_98_0077,North,98
train,14685,train,98_0101.wav,spk_98_0078,North,98
train,14686,train,98_0102.wav,spk_98_0079,North,98
train,14687,train,98_0103.wav,spk_98_0079,North,98
train,14688,train,98_0104.wav,spk_98_0080,North,98
train,14689,train,98_0105.wav,spk_98_0081,North,98
train,14690,train,98_0106.wav,spk_98_0082,North,98
train,14691,train,98_0107.wav,spk_98_0083,North,98
train,14692,train,98_0108.wav,spk_98_0084,North,98
train,14693,train,98_0109.wav,spk_98_0085,North,98
train,14694,train,98_0110.wav,spk_98_0086,North,98
train,14695,train,98_0111.wav,spk_98_0087,North,98
train,14696,train,98_0112.wav,spk_98_0088,North,98
train,14697,train,98_0113.wav,spk_98_0089,North,98
train,14698,train,98_0114.wav,spk_98_0089,North,98
train,14699,train,98_0115.wav,spk_98_0090,North,98
train,14700,train,98_0116.wav,spk_98_0091,North,98
train,14701,train,98_0117.wav,spk_98_0091,North,98
train,14702,train,98_0118.wav,spk_98_0092,North,98
train,14703,train,98_0119.wav,spk_98_0092,North,98
train,14704,train,98_0120.wav,spk_98_0093,North,98
train,14705,train,98_0121.wav,spk_98_0093,North,98
train,14706,train,98_0122.wav,spk_98_0094,North,98
train,14707,train,98_0123.wav,spk_98_0095,North,98
train,14708,train,98_0124.wav,spk_98_0096,North,98
train,14709,train,98_0125.wav,spk_98_0097,North,98
train,14710,train,98_0126.wav,spk_98_0098,North,98
train,14711,train,98_0127.wav,spk_98_0098,North,98
train,14712,train,98_0128.wav,spk_98_0099,North,98
train,14713,train,98_0129.wav,spk_98_0099,North,98
train,14714,train,98_0130.wav,spk_98_0100,North,98
train,14715,train,98_0131.wav,spk_98_0100,North,98
train,14716,train,98_0132.wav,spk_98_0101,North,98
train,14717,train,98_0133.wav,spk_98_0102,North,98
train,14718,train,98_0134.wav,spk_98_0102,North,98
train,14719,train,98_0135.wav,spk_98_0103,North,98
train,14720,train,98_0136.wav,spk_98_0104,North,98
train,14721,train,98_0137.wav,spk_98_0105,North,98
train,14722,train,98_0138.wav,spk_98_0106,North,98
train,14723,train,98_0139.wav,spk_98_0107,North,98
train,14724,train,98_0140.wav,spk_98_0108,North,98
train,14725,train,98_0141.wav,spk_98_0109,North,98
train,14726,train,98_0142.wav,spk_98_0110,North,98
train,14727,train,98_0143.wav,spk_98_0110,North,98
train,14728,train,98_0144.wav,spk_98_0111,North,98
train,14729,train,98_0145.wav,spk_98_0112,North,98
train,14730,train,98_0146.wav,spk_98_0113,North,98
train,14731,train,98_0147.wav,spk_98_0113,North,98
train,14732,train,98_0148.wav,spk_98_0114,North,98
train,14733,train,98_0149.wav,spk_98_0115,North,98
train,14734,train,98_0150.wav,spk_98_0116,North,98
train,14735,train,98_0151.wav,spk_98_0117,North,98
train,14736,train,98_0152.wav,spk_98_0118,North,98
train,14737,train,98_0153.wav,spk_98_0118,North,98
train,14738,train,98_0154.wav,spk_98_0119,North,98
train,14739,train,98_0155.wav,spk_98_0120,North,98
train,14740,train,98_0156.wav,spk_98_0121,North,98
train,14741,train,98_0157.wav,spk_98_0121,North,98
train,14742,train,98_0158.wav,spk_98_0122,North,98
train,14743,train,98_0159.wav,spk_98_0123,North,98
train,14744,train,98_0160.wav,spk_98_0124,North,98
train,14745,train,98_0161.wav,spk_98_0124,North,98
train,14746,train,98_0162.wav,spk_98_0125,North,98
train,14747,train,98_0163.wav,spk_98_0126,North,98
train,14748,train,98_0164.wav,spk_98_0127,North,98
train,14749,train,98_0165.wav,spk_98_0128,North,98
train,14750,train,98_0166.wav,spk_98_0129,North,98
train,14751,train,98_0167.wav,spk_98_0130,North,98
train,14752,train,98_0168.wav,spk_98_0131,North,98
train,14753,train,98_0169.wav,spk_98_0132,North,98
train,14754,train,98_0170.wav,spk_98_0132,North,98
train,14755,train,98_0171.wav,spk_98_0133,North,98
train,14756,train,98_0172.wav,spk_98_0134,North,98
train,14757,train,98_0173.wav,spk_98_0134,North,98
train,14758,train,98_0174.wav,spk_98_0135,North,98
train,14759,train,98_0175.wav,spk_98_0136,North,98
train,14760,train,98_0176.wav,spk_98_0137,North,98
train,14761,train,98_0177.wav,spk_98_0138,North,98
train,14762,train,98_0178.wav,spk_98_0139,North,98
train,14763,train,98_0179.wav,spk_98_0139,North,98
train,14764,train,98_0180.wav,spk_98_0139,North,98
train,14765,train,98_0181.wav,spk_98_0140,North,98
train,14766,train,98_0182.wav,spk_98_0141,North,98
train,14767,train,98_0183.wav,spk_98_0142,North,98
train,14768,train,98_0184.wav,spk_98_0143,North,98
train,14769,train,98_0185.wav,spk_98_0144,North,98
train,14770,train,98_0186.wav,spk_98_0145,North,98
train,14771,train,98_0187.wav,spk_98_0146,North,98
train,14772,train,98_0188.wav,spk_98_0147,North,98
train,14773,train,98_0189.wav,spk_98_0148,North,98
train,14774,train,98_0190.wav,spk_98_0149,North,98
train,14775,train,98_0191.wav,spk_98_0150,North,98
train,14776,train,98_0192.wav,spk_98_0151,North,98
train,14777,train,98_0193.wav,spk_98_0152,North,98
train,14778,train,98_0194.wav,spk_98_0153,North,98
train,14779,train,98_0195.wav,spk_98_0154,North,98
train,14780,train,98_0196.wav,spk_98_0155,North,98
train,14781,train,98_0197.wav,spk_98_0156,North,98
train,14782,train,98_0198.wav,spk_98_0157,North,98
train,14783,train,98_0199.wav,spk_98_0158,North,98
train,14784,train,98_0200.wav,spk_98_0158,North,98
train,14785,train,98_0201.wav,spk_98_0159,North,98
train,14786,train,98_0202.wav,spk_98_0160,North,98
train,14787,train,98_0203.wav,spk_98_0161,North,98
train,14788,train,98_0204.wav,spk_98_0162,North,98
train,14789,train,98_0205.wav,spk_98_0162,North,98
train,14790,train,98_0206.wav,spk_98_0163,North,98
train,14791,train,98_0207.wav,spk_98_0164,North,98
train,14792,train,98_0208.wav,spk_98_0164,North,98
train,14793,train,98_0209.wav,spk_98_0165,North,98
train,14794,train,98_0210.wav,spk_98_0165,North,98
train,14795,train,98_0211.wav,spk_98_0166,North,98
train,14796,train,98_0212.wav,spk_98_0166,North,98
train,14797,train,98_0213.wav,spk_98_0167,North,98
train,14798,train,98_0214.wav,spk_98_0168,North,98
train,14799,train,98_0216.wav,spk_98_0170,North,98
train,14800,train,98_0217.wav,spk_98_0170,North,98
train,14801,train,98_0218.wav,spk_98_0171,North,98
train,14802,train,99_0001.wav,spk_99_0001,North,99
train,14803,train,99_0002.wav,spk_99_0002,North,99
train,14804,train,99_0003.wav,spk_99_0002,North,99
train,14805,train,99_0004.wav,spk_99_0002,North,99
train,14806,train,99_0005.wav,spk_99_0003,North,99
train,14807,train,99_0006.wav,spk_99_0003,North,99
train,14808,train,99_0007.wav,spk_99_0004,North,99
train,14809,train,99_0008.wav,spk_99_0004,North,99
train,14810,train,99_0009.wav,spk_99_0005,North,99
train,14811,train,99_0010.wav,spk_99_0005,North,99
train,14812,train,99_0011.wav,spk_99_0005,North,99
train,14813,train,99_0012.wav,spk_99_0006,North,99
train,14814,train,99_0013.wav,spk_99_0006,North,99
train,14815,train,99_0014.wav,spk_99_0007,North,99
train,14816,train,99_0015.wav,spk_99_0007,North,99
train,14817,train,99_0016.wav,spk_99_0007,North,99
train,14818,train,99_0017.wav,spk_99_0008,North,99
train,14819,train,99_0018.wav,spk_99_0008,North,99
train,14820,train,99_0019.wav,spk_99_0009,North,99
train,14821,train,99_0020.wav,spk_99_0009,North,99
train,14822,train,99_0021.wav,spk_99_0009,North,99
train,14823,train,99_0022.wav,spk_99_0009,North,99
train,14824,train,99_0023.wav,spk_99_0009,North,99
train,14825,train,99_0024.wav,spk_99_0009,North,99
train,14826,train,99_0025.wav,spk_99_0010,North,99
train,14827,train,99_0026.wav,spk_99_0010,North,99
train,14828,train,99_0027.wav,spk_99_0010,North,99
train,14829,train,99_0028.wav,spk_99_0010,North,99
train,14830,train,99_0029.wav,spk_99_0010,North,99
train,14831,train,99_0030.wav,spk_99_0010,North,99
train,14832,train,99_0031.wav,spk_99_0010,North,99
train,14833,train,99_0032.wav,spk_99_0010,North,99
train,14834,train,99_0033.wav,spk_99_0010,North,99
train,14835,train,99_0034.wav,spk_99_0011,North,99
train,14836,train,99_0035.wav,spk_99_0012,North,99
train,14837,train,99_0036.wav,spk_99_0013,North,99
train,14838,train,99_0037.wav,spk_99_0014,North,99
train,14839,train,99_0038.wav,spk_99_0015,North,99
train,14840,train,99_0039.wav,spk_99_0015,North,99
train,14841,train,99_0040.wav,spk_99_0015,North,99
train,14842,train,99_0041.wav,spk_99_0016,North,99
train,14843,train,99_0042.wav,spk_99_0016,North,99
train,14844,train,99_0043.wav,spk_99_0016,North,99
train,14845,train,99_0044.wav,spk_99_0016,North,99
train,14846,train,99_0045.wav,spk_99_0017,North,99
train,14847,train,99_0046.wav,spk_99_0018,North,99
train,14848,train,99_0047.wav,spk_99_0019,North,99
train,14849,train,99_0048.wav,spk_99_0020,North,99
train,14850,train,99_0049.wav,spk_99_0021,North,99
train,14851,train,99_0050.wav,spk_99_0022,North,99
train,14852,train,99_0051.wav,spk_99_0023,North,99
train,14853,train,99_0052.wav,spk_99_0024,North,99
train,14854,train,99_0053.wav,spk_99_0025,North,99
train,14855,train,99_0054.wav,spk_99_0026,North,99
train,14856,train,99_0055.wav,spk_99_0026,North,99
train,14857,train,99_0056.wav,spk_99_0027,North,99
train,14858,train,99_0057.wav,spk_99_0028,North,99
train,14859,train,99_0058.wav,spk_99_0029,North,99
train,14860,train,99_0059.wav,spk_99_0030,North,99
train,14861,train,99_0060.wav,spk_99_0031,North,99
train,14862,train,99_0061.wav,spk_99_0032,North,99
train,14863,train,99_0062.wav,spk_99_0032,North,99
train,14864,train,99_0063.wav,spk_99_0033,North,99
train,14865,train,99_0064.wav,spk_99_0034,North,99
train,14866,train,99_0065.wav,spk_99_0035,North,99
train,14867,train,99_0066.wav,spk_99_0036,North,99
train,14868,train,99_0067.wav,spk_99_0037,North,99
train,14869,train,99_0068.wav,spk_99_0038,North,99
train,14870,train,99_0069.wav,spk_99_0039,North,99
train,14871,train,99_0070.wav,spk_99_0040,North,99
train,14872,train,99_0071.wav,spk_99_0041,North,99
train,14873,train,99_0072.wav,spk_99_0042,North,99
train,14874,train,99_0073.wav,spk_99_0043,North,99
train,14875,train,99_0074.wav,spk_99_0044,North,99
train,14876,train,99_0075.wav,spk_99_0044,North,99
train,14877,train,99_0076.wav,spk_99_0045,North,99
train,14878,train,99_0077.wav,spk_99_0045,North,99
train,14879,train,99_0078.wav,spk_99_0046,North,99
train,14880,train,99_0079.wav,spk_99_0047,North,99
train,14881,train,99_0080.wav,spk_99_0048,North,99
train,14882,train,99_0081.wav,spk_99_0049,North,99
train,14883,train,99_0082.wav,spk_99_0050,North,99
train,14884,train,99_0083.wav,spk_99_0050,North,99
train,14885,train,99_0084.wav,spk_99_0051,North,99
train,14886,train,99_0085.wav,spk_99_0052,North,99
train,14887,train,99_0086.wav,spk_99_0053,North,99
train,14888,train,99_0087.wav,spk_99_0054,North,99
train,14889,train,99_0088.wav,spk_99_0055,North,99
train,14890,train,99_0089.wav,spk_99_0056,North,99
train,14891,train,99_0090.wav,spk_99_0057,North,99
train,14892,train,99_0091.wav,spk_99_0058,North,99
train,14893,train,99_0092.wav,spk_99_0059,North,99
train,14894,train,99_0093.wav,spk_99_0060,North,99
train,14895,train,99_0094.wav,spk_99_0061,North,99
train,14896,train,99_0095.wav,spk_99_0062,North,99
train,14897,train,99_0096.wav,spk_99_0063,North,99
train,14898,train,99_0097.wav,spk_99_0064,North,99
train,14899,train,99_0098.wav,spk_99_0065,North,99
train,14900,train,99_0099.wav,spk_99_0065,North,99
train,14901,train,99_0100.wav,spk_99_0066,North,99
train,14902,train,99_0101.wav,spk_99_0067,North,99
train,14903,train,99_0102.wav,spk_99_0067,North,99
train,14904,train,99_0103.wav,spk_99_0068,North,99
train,14905,train,99_0104.wav,spk_99_0069,North,99
train,14906,train,99_0105.wav,spk_99_0069,North,99
train,14907,train,99_0106.wav,spk_99_0070,North,99
train,14908,train,99_0107.wav,spk_99_0070,North,99
train,14909,train,99_0108.wav,spk_99_0071,North,99
train,14910,train,99_0109.wav,spk_99_0072,North,99
train,14911,train,99_0110.wav,spk_99_0073,North,99
train,14912,train,99_0111.wav,spk_99_0074,North,99
train,14913,train,99_0112.wav,spk_99_0075,North,99
train,14914,train,99_0113.wav,spk_99_0076,North,99
train,14915,train,99_0114.wav,spk_99_0077,North,99
train,14916,train,99_0115.wav,spk_99_0078,North,99
train,14917,train,99_0116.wav,spk_99_0079,North,99
train,14918,train,99_0117.wav,spk_99_0079,North,99
train,14919,train,99_0118.wav,spk_99_0080,North,99
train,14920,train,99_0119.wav,spk_99_0080,North,99
train,14921,train,99_0120.wav,spk_99_0081,North,99
train,14922,train,99_0121.wav,spk_99_0082,North,99
train,14923,train,99_0122.wav,spk_99_0083,North,99
train,14924,train,99_0123.wav,spk_99_0084,North,99
train,14925,train,99_0124.wav,spk_99_0085,North,99
train,14926,train,99_0125.wav,spk_99_0086,North,99
train,14927,train,99_0126.wav,spk_99_0087,North,99
train,14928,train,99_0127.wav,spk_99_0088,North,99
train,14929,train,99_0128.wav,spk_99_0089,North,99
train,14930,train,99_0129.wav,spk_99_0090,North,99
train,14931,train,99_0130.wav,spk_99_0090,North,99
train,14932,train,99_0131.wav,spk_99_0091,North,99
train,14933,train,99_0132.wav,spk_99_0092,North,99
train,14934,train,99_0133.wav,spk_99_0093,North,99
train,14935,train,99_0134.wav,spk_99_0094,North,99
train,14936,train,99_0135.wav,spk_99_0095,North,99
train,14937,train,99_0136.wav,spk_99_0096,North,99
train,14938,train,99_0137.wav,spk_99_0097,North,99
train,14939,train,99_0138.wav,spk_99_0098,North,99
train,14940,train,99_0139.wav,spk_99_0099,North,99
train,14941,train,99_0140.wav,spk_99_0099,North,99
train,14942,train,99_0141.wav,spk_99_0100,North,99
train,14943,train,99_0142.wav,spk_99_0101,North,99
train,14944,train,99_0143.wav,spk_99_0101,North,99
train,14945,train,99_0144.wav,spk_99_0102,North,99
train,14946,train,99_0145.wav,spk_99_0102,North,99
train,14947,train,99_0146.wav,spk_99_0103,North,99
train,14948,train,99_0147.wav,spk_99_0103,North,99
train,14949,train,99_0148.wav,spk_99_0103,North,99
train,14950,train,99_0149.wav,spk_99_0103,North,99
train,14951,train,99_0150.wav,spk_99_0104,North,99
train,14952,train,99_0151.wav,spk_99_0104,North,99
train,14953,train,99_0152.wav,spk_99_0104,North,99
train,14954,train,99_0153.wav,spk_99_0105,North,99
train,14955,train,99_0154.wav,spk_99_0106,North,99
train,14956,train,99_0155.wav,spk_99_0107,North,99
train,14957,train,99_0156.wav,spk_99_0107,North,99
train,14958,train,99_0157.wav,spk_99_0108,North,99
train,14959,train,99_0158.wav,spk_99_0109,North,99
train,14960,train,99_0159.wav,spk_99_0109,North,99
train,14961,train,99_0160.wav,spk_99_0110,North,99
train,14962,train,99_0161.wav,spk_99_0110,North,99
train,14963,train,99_0162.wav,spk_99_0111,North,99
train,14964,train,99_0163.wav,spk_99_0111,North,99
train,14965,train,99_0164.wav,spk_99_0111,North,99
train,14966,train,99_0165.wav,spk_99_0112,North,99
train,14967,train,99_0166.wav,spk_99_0113,North,99
train,14968,train,99_0167.wav,spk_99_0114,North,99
train,14969,train,99_0168.wav,spk_99_0115,North,99
train,14970,train,99_0169.wav,spk_99_0116,North,99
train,14971,train,99_0170.wav,spk_99_0117,North,99
train,14972,train,99_0171.wav,spk_99_0118,North,99
train,14973,train,99_0172.wav,spk_99_0119,North,99
train,14974,train,99_0173.wav,spk_99_0119,North,99
train,14975,train,99_0174.wav,spk_99_0120,North,99
train,14976,train,99_0175.wav,spk_99_0120,North,99
train,14977,train,99_0176.wav,spk_99_0121,North,99
train,14978,train,99_0177.wav,spk_99_0121,North,99
train,14979,train,99_0178.wav,spk_99_0122,North,99
train,14980,train,99_0179.wav,spk_99_0122,North,99
train,14981,train,99_0180.wav,spk_99_0123,North,99
train,14982,train,99_0181.wav,spk_99_0124,North,99
train,14983,train,99_0182.wav,spk_99_0124,North,99
train,14984,train,99_0183.wav,spk_99_0124,North,99
train,14985,train,99_0184.wav,spk_99_0125,North,99
train,14986,train,99_0185.wav,spk_99_0126,North,99
train,14987,train,99_0186.wav,spk_99_0126,North,99
train,14988,train,99_0187.wav,spk_99_0127,North,99
train,14989,train,99_0188.wav,spk_99_0128,North,99
train,14990,train,99_0189.wav,spk_99_0129,North,99
train,14991,train,99_0190.wav,spk_99_0129,North,99
train,14992,train,99_0191.wav,spk_99_0130,North,99
train,14993,train,99_0192.wav,spk_99_0131,North,99
train,14994,train,99_0193.wav,spk_99_0132,North,99
train,14995,train,99_0194.wav,spk_99_0133,North,99
train,14996,train,99_0195.wav,spk_99_0133,North,99
train,14997,train,99_0196.wav,spk_99_0134,North,99
train,14998,train,99_0197.wav,spk_99_0134,North,99
train,14999,train,99_0198.wav,spk_99_0134,North,99
train,15000,train,99_0199.wav,spk_99_0134,North,99
train,15001,train,99_0200.wav,spk_99_0135,North,99
train,15002,train,99_0201.wav,spk_99_0136,North,99
train,15003,train,99_0202.wav,spk_99_0137,North,99
train,15004,train,99_0203.wav,spk_99_0137,North,99
train,15005,train,99_0204.wav,spk_99_0137,North,99
train,15006,train,99_0205.wav,spk_99_0137,North,99
train,15007,train,99_0206.wav,spk_99_0138,North,99
train,15008,train,99_0207.wav,spk_99_0138,North,99
train,15009,train,99_0208.wav,spk_99_0138,North,99
train,15010,train,99_0209.wav,spk_99_0139,North,99
train,15011,train,99_0210.wav,spk_99_0140,North,99
train,15012,train,99_0211.wav,spk_99_0141,North,99
train,15013,train,99_0212.wav,spk_99_0142,North,99
train,15014,train,99_0213.wav,spk_99_0143,North,99
train,15015,train,99_0214.wav,spk_99_0144,North,99
train,15016,train,99_0215.wav,spk_99_0145,North,99
train,15017,train,99_0216.wav,spk_99_0146,North,99
train,15018,train,99_0218.wav,spk_99_0148,North,99
train,15019,train,99_0219.wav,spk_99_0148,North,99
train,15020,train,99_0221.wav,spk_99_0150,North,99
train,15021,train,99_0222.wav,spk_99_0151,North,99
train,15022,train,99_0225.wav,spk_99_0153,North,99
valid,0,valid,11_0274.wav,spk_11_0129,North,11
valid,1,valid,11_0275.wav,spk_11_0129,North,11
valid,2,valid,11_0276.wav,spk_11_0129,North,11
valid,3,valid,11_0277.wav,spk_11_0130,North,11
valid,4,valid,11_0278.wav,spk_11_0130,North,11
valid,5,valid,11_0279.wav,spk_11_0131,North,11
valid,6,valid,11_0280.wav,spk_11_0132,North,11
valid,7,valid,11_0290.wav,spk_11_0136,North,11
valid,8,valid,11_0291.wav,spk_11_0136,North,11
valid,9,valid,11_0292.wav,spk_11_0136,North,11
valid,10,valid,11_0293.wav,spk_11_0136,North,11
valid,11,valid,11_0294.wav,spk_11_0137,North,11
valid,12,valid,11_0295.wav,spk_11_0137,North,11
valid,13,valid,11_0296.wav,spk_11_0137,North,11
valid,14,valid,11_0297.wav,spk_11_0137,North,11
valid,15,valid,11_0298.wav,spk_11_0138,North,11
valid,16,valid,11_0299.wav,spk_11_0138,North,11
valid,17,valid,11_0302.wav,spk_11_0140,North,11
valid,18,valid,11_0303.wav,spk_11_0140,North,11
valid,19,valid,11_0304.wav,spk_11_0140,North,11
valid,20,valid,11_0305.wav,spk_11_0141,North,11
valid,21,valid,11_0306.wav,spk_11_0141,North,11
valid,22,valid,11_0318.wav,spk_11_0146,North,11
valid,23,valid,11_0319.wav,spk_11_0146,North,11
valid,24,valid,11_0320.wav,spk_11_0146,North,11
valid,25,valid,11_0321.wav,spk_11_0146,North,11
valid,26,valid,11_0322.wav,spk_11_0147,North,11
valid,27,valid,11_0323.wav,spk_11_0147,North,11
valid,28,valid,11_0324.wav,spk_11_0147,North,11
valid,29,valid,11_0328.wav,spk_11_0149,North,11
valid,30,valid,11_0329.wav,spk_11_0149,North,11
valid,31,valid,11_0330.wav,spk_11_0150,North,11
valid,32,valid,11_0331.wav,spk_11_0150,North,11
valid,33,valid,11_0332.wav,spk_11_0150,North,11
valid,34,valid,11_0333.wav,spk_11_0150,North,11
valid,35,valid,12_0228.wav,spk_12_0134,North,12
valid,36,valid,12_0229.wav,spk_12_0134,North,12
valid,37,valid,12_0230.wav,spk_12_0134,North,12
valid,38,valid,12_0231.wav,spk_12_0134,North,12
valid,39,valid,12_0232.wav,spk_12_0135,North,12
valid,40,valid,12_0233.wav,spk_12_0136,North,12
valid,41,valid,12_0234.wav,spk_12_0137,North,12
valid,42,valid,12_0238.wav,spk_12_0140,North,12
valid,43,valid,12_0239.wav,spk_12_0140,North,12
valid,44,valid,12_0254.wav,spk_12_0149,North,12
valid,45,valid,12_0255.wav,spk_12_0149,North,12
valid,46,valid,12_0257.wav,spk_12_0151,North,12
valid,47,valid,12_0258.wav,spk_12_0152,North,12
valid,48,valid,12_0259.wav,spk_12_0153,North,12
valid,49,valid,12_0260.wav,spk_12_0154,North,12
valid,50,valid,12_0261.wav,spk_12_0154,North,12
valid,51,valid,12_0262.wav,spk_12_0155,North,12
valid,52,valid,12_0263.wav,spk_12_0156,North,12
valid,53,valid,12_0264.wav,spk_12_0157,North,12
valid,54,valid,12_0265.wav,spk_12_0158,North,12
valid,55,valid,12_0266.wav,spk_12_0159,North,12
valid,56,valid,12_0267.wav,spk_12_0159,North,12
valid,57,valid,12_0268.wav,spk_12_0160,North,12
valid,58,valid,12_0269.wav,spk_12_0160,North,12
valid,59,valid,12_0270.wav,spk_12_0161,North,12
valid,60,valid,12_0271.wav,spk_12_0161,North,12
valid,61,valid,12_0272.wav,spk_12_0161,North,12
valid,62,valid,12_0273.wav,spk_12_0162,North,12
valid,63,valid,12_0274.wav,spk_12_0162,North,12
valid,64,valid,12_0275.wav,spk_12_0162,North,12
valid,65,valid,12_0276.wav,spk_12_0162,North,12
valid,66,valid,14_0244.wav,spk_14_0196,North,14
valid,67,valid,14_0245.wav,spk_14_0197,North,14
valid,68,valid,14_0246.wav,spk_14_0198,North,14
valid,69,valid,14_0247.wav,spk_14_0199,North,14
valid,70,valid,14_0248.wav,spk_14_0200,North,14
valid,71,valid,14_0249.wav,spk_14_0201,North,14
valid,72,valid,14_0250.wav,spk_14_0201,North,14
valid,73,valid,14_0251.wav,spk_14_0202,North,14
valid,74,valid,14_0254.wav,spk_14_0205,North,14
valid,75,valid,14_0255.wav,spk_14_0205,North,14
valid,76,valid,14_0256.wav,spk_14_0206,North,14
valid,77,valid,14_0257.wav,spk_14_0207,North,14
valid,78,valid,14_0258.wav,spk_14_0208,North,14
valid,79,valid,14_0259.wav,spk_14_0208,North,14
valid,80,valid,14_0260.wav,spk_14_0209,North,14
valid,81,valid,14_0261.wav,spk_14_0209,North,14
valid,82,valid,14_0262.wav,spk_14_0210,North,14
valid,83,valid,14_0263.wav,spk_14_0211,North,14
valid,84,valid,14_0264.wav,spk_14_0212,North,14
valid,85,valid,14_0265.wav,spk_14_0213,North,14
valid,86,valid,14_0266.wav,spk_14_0213,North,14
valid,87,valid,14_0267.wav,spk_14_0214,North,14
valid,88,valid,14_0268.wav,spk_14_0214,North,14
valid,89,valid,14_0271.wav,spk_14_0217,North,14
valid,90,valid,14_0272.wav,spk_14_0218,North,14
valid,91,valid,14_0273.wav,spk_14_0219,North,14
valid,92,valid,14_0279.wav,spk_14_0223,North,14
valid,93,valid,14_0280.wav,spk_14_0224,North,14
valid,94,valid,14_0281.wav,spk_14_0224,North,14
valid,95,valid,14_0282.wav,spk_14_0225,North,14
valid,96,valid,14_0283.wav,spk_14_0225,North,14
valid,97,valid,14_0288.wav,spk_14_0229,North,14
valid,98,valid,14_0289.wav,spk_14_0229,North,14
valid,99,valid,15_0240.wav,spk_15_0181,North,15
valid,100,valid,15_0241.wav,spk_15_0181,North,15
valid,101,valid,15_0242.wav,spk_15_0181,North,15
valid,102,valid,15_0243.wav,spk_15_0181,North,15
valid,103,valid,15_0244.wav,spk_15_0181,North,15
valid,104,valid,15_0245.wav,spk_15_0181,North,15
valid,105,valid,15_0246.wav,spk_15_0181,North,15
valid,106,valid,15_0247.wav,spk_15_0181,North,15
valid,107,valid,15_0250.wav,spk_15_0183,North,15
valid,108,valid,15_0251.wav,spk_15_0184,North,15
valid,109,valid,15_0252.wav,spk_15_0185,North,15
valid,110,valid,15_0253.wav,spk_15_0185,North,15
valid,111,valid,15_0254.wav,spk_15_0186,North,15
valid,112,valid,15_0255.wav,spk_15_0187,North,15
valid,113,valid,15_0256.wav,spk_15_0188,North,15
valid,114,valid,15_0257.wav,spk_15_0189,North,15
valid,115,valid,15_0258.wav,spk_15_0190,North,15
valid,116,valid,15_0259.wav,spk_15_0190,North,15
valid,117,valid,15_0260.wav,spk_15_0190,North,15
valid,118,valid,15_0261.wav,spk_15_0191,North,15
valid,119,valid,15_0262.wav,spk_15_0192,North,15
valid,120,valid,15_0265.wav,spk_15_0194,North,15
valid,121,valid,15_0266.wav,spk_15_0195,North,15
valid,122,valid,15_0267.wav,spk_15_0196,North,15
valid,123,valid,15_0268.wav,spk_15_0197,North,15
valid,124,valid,15_0269.wav,spk_15_0198,North,15
valid,125,valid,15_0270.wav,spk_15_0199,North,15
valid,126,valid,15_0271.wav,spk_15_0200,North,15
valid,127,valid,15_0272.wav,spk_15_0201,North,15
valid,128,valid,15_0273.wav,spk_15_0202,North,15
valid,129,valid,15_0274.wav,spk_15_0202,North,15
valid,130,valid,15_0275.wav,spk_15_0203,North,15
valid,131,valid,17_0257.wav,spk_17_0233,North,17
valid,132,valid,17_0259.wav,spk_17_0235,North,17
valid,133,valid,17_0260.wav,spk_17_0236,North,17
valid,134,valid,17_0261.wav,spk_17_0237,North,17
valid,135,valid,17_0262.wav,spk_17_0238,North,17
valid,136,valid,17_0264.wav,spk_17_0240,North,17
valid,137,valid,17_0267.wav,spk_17_0243,North,17
valid,138,valid,17_0268.wav,spk_17_0244,North,17
valid,139,valid,17_0269.wav,spk_17_0245,North,17
valid,140,valid,17_0270.wav,spk_17_0246,North,17
valid,141,valid,17_0271.wav,spk_17_0247,North,17
valid,142,valid,17_0274.wav,spk_17_0249,North,17
valid,143,valid,17_0276.wav,spk_17_0251,North,17
valid,144,valid,17_0277.wav,spk_17_0251,North,17
valid,145,valid,17_0278.wav,spk_17_0252,North,17
valid,146,valid,17_0279.wav,spk_17_0253,North,17
valid,147,valid,17_0280.wav,spk_17_0254,North,17
valid,148,valid,17_0281.wav,spk_17_0255,North,17
valid,149,valid,17_0282.wav,spk_17_0256,North,17
valid,150,valid,17_0283.wav,spk_17_0257,North,17
valid,151,valid,17_0284.wav,spk_17_0258,North,17
valid,152,valid,17_0285.wav,spk_17_0259,North,17
valid,153,valid,17_0286.wav,spk_17_0260,North,17
valid,154,valid,17_0288.wav,spk_17_0262,North,17
valid,155,valid,17_0291.wav,spk_17_0265,North,17
valid,156,valid,17_0292.wav,spk_17_0266,North,17
valid,157,valid,17_0293.wav,spk_17_0266,North,17
valid,158,valid,17_0295.wav,spk_17_0268,North,17
valid,159,valid,17_0296.wav,spk_17_0269,North,17
valid,160,valid,17_0297.wav,spk_17_0269,North,17
valid,161,valid,17_0305.wav,spk_17_0277,North,17
valid,162,valid,18_0214.wav,spk_18_0106,North,18
valid,163,valid,18_0242.wav,spk_18_0118,North,18
valid,164,valid,18_0243.wav,spk_18_0118,North,18
valid,165,valid,18_0244.wav,spk_18_0119,North,18
valid,166,valid,18_0245.wav,spk_18_0120,North,18
valid,167,valid,18_0246.wav,spk_18_0120,North,18
valid,168,valid,18_0247.wav,spk_18_0121,North,18
valid,169,valid,18_0248.wav,spk_18_0122,North,18
valid,170,valid,18_0249.wav,spk_18_0123,North,18
valid,171,valid,18_0250.wav,spk_18_0123,North,18
valid,172,valid,18_0251.wav,spk_18_0123,North,18
valid,173,valid,18_0252.wav,spk_18_0124,North,18
valid,174,valid,18_0253.wav,spk_18_0125,North,18
valid,175,valid,18_0254.wav,spk_18_0126,North,18
valid,176,valid,18_0255.wav,spk_18_0127,North,18
valid,177,valid,18_0256.wav,spk_18_0128,North,18
valid,178,valid,18_0257.wav,spk_18_0129,North,18
valid,179,valid,18_0258.wav,spk_18_0129,North,18
valid,180,valid,18_0259.wav,spk_18_0130,North,18
valid,181,valid,18_0260.wav,spk_18_0130,North,18
valid,182,valid,18_0263.wav,spk_18_0132,North,18
valid,183,valid,18_0264.wav,spk_18_0132,North,18
valid,184,valid,18_0266.wav,spk_18_0134,North,18
valid,185,valid,18_0267.wav,spk_18_0135,North,18
valid,186,valid,18_0268.wav,spk_18_0135,North,18
valid,187,valid,18_0269.wav,spk_18_0136,North,18
valid,188,valid,18_0270.wav,spk_18_0136,North,18
valid,189,valid,18_0272.wav,spk_18_0138,North,18
valid,190,valid,18_0273.wav,spk_18_0138,North,18
valid,191,valid,19_0238.wav,spk_19_0208,North,19
valid,192,valid,19_0239.wav,spk_19_0208,North,19
valid,193,valid,19_0240.wav,spk_19_0208,North,19
valid,194,valid,19_0241.wav,spk_19_0208,North,19
valid,195,valid,19_0242.wav,spk_19_0209,North,19
valid,196,valid,19_0244.wav,spk_19_0211,North,19
valid,197,valid,19_0248.wav,spk_19_0215,North,19
valid,198,valid,19_0249.wav,spk_19_0216,North,19
valid,199,valid,19_0254.wav,spk_19_0220,North,19
valid,200,valid,19_0256.wav,spk_19_0222,North,19
valid,201,valid,19_0257.wav,spk_19_0222,North,19
valid,202,valid,19_0258.wav,spk_19_0223,North,19
valid,203,valid,19_0259.wav,spk_19_0224,North,19
valid,204,valid,19_0260.wav,spk_19_0225,North,19
valid,205,valid,19_0265.wav,spk_19_0230,North,19
valid,206,valid,19_0266.wav,spk_19_0231,North,19
valid,207,valid,19_0268.wav,spk_19_0233,North,19
valid,208,valid,19_0269.wav,spk_19_0234,North,19
valid,209,valid,19_0270.wav,spk_19_0235,North,19
valid,210,valid,19_0271.wav,spk_19_0236,North,19
valid,211,valid,19_0272.wav,spk_19_0236,North,19
valid,212,valid,19_0274.wav,spk_19_0238,North,19
valid,213,valid,19_0275.wav,spk_19_0239,North,19
valid,214,valid,19_0276.wav,spk_19_0240,North,19
valid,215,valid,19_0277.wav,spk_19_0241,North,19
valid,216,valid,19_0278.wav,spk_19_0241,North,19
valid,217,valid,19_0281.wav,spk_19_0243,North,19
valid,218,valid,19_0282.wav,spk_19_0244,North,19
valid,219,valid,19_0283.wav,spk_19_0245,North,19
valid,220,valid,19_0284.wav,spk_19_0246,North,19
valid,221,valid,19_0285.wav,spk_19_0247,North,19
valid,222,valid,19_0286.wav,spk_19_0248,North,19
valid,223,valid,19_0288.wav,spk_19_0250,North,19
valid,224,valid,20_0244.wav,spk_20_0171,North,20
valid,225,valid,20_0245.wav,spk_20_0172,North,20
valid,226,valid,20_0246.wav,spk_20_0173,North,20
valid,227,valid,20_0247.wav,spk_20_0174,North,20
valid,228,valid,20_0248.wav,spk_20_0175,North,20
valid,229,valid,20_0250.wav,spk_20_0177,North,20
valid,230,valid,20_0253.wav,spk_20_0180,North,20
valid,231,valid,20_0254.wav,spk_20_0181,North,20
valid,232,valid,20_0255.wav,spk_20_0182,North,20
valid,233,valid,20_0256.wav,spk_20_0182,North,20
valid,234,valid,20_0257.wav,spk_20_0183,North,20
valid,235,valid,20_0258.wav,spk_20_0184,North,20
valid,236,valid,20_0259.wav,spk_20_0185,North,20
valid,237,valid,20_0260.wav,spk_20_0186,North,20
valid,238,valid,20_0261.wav,spk_20_0186,North,20
valid,239,valid,20_0262.wav,spk_20_0187,North,20
valid,240,valid,20_0264.wav,spk_20_0189,North,20
valid,241,valid,20_0266.wav,spk_20_0191,North,20
valid,242,valid,20_0267.wav,spk_20_0191,North,20
valid,243,valid,20_0268.wav,spk_20_0192,North,20
valid,244,valid,20_0269.wav,spk_20_0193,North,20
valid,245,valid,20_0270.wav,spk_20_0194,North,20
valid,246,valid,20_0282.wav,spk_20_0203,North,20
valid,247,valid,20_0283.wav,spk_20_0203,North,20
valid,248,valid,20_0287.wav,spk_20_0207,North,20
valid,249,valid,20_0288.wav,spk_20_0207,North,20
valid,250,valid,20_0290.wav,spk_20_0209,North,20
valid,251,valid,20_0294.wav,spk_20_0213,North,20
valid,252,valid,20_0295.wav,spk_20_0213,North,20
valid,253,valid,20_0296.wav,spk_20_0214,North,20
valid,254,valid,20_0297.wav,spk_20_0215,North,20
valid,255,valid,20_0298.wav,spk_20_0216,North,20
valid,256,valid,21_0232.wav,spk_21_0157,North,21
valid,257,valid,21_0233.wav,spk_21_0158,North,21
valid,258,valid,21_0234.wav,spk_21_0159,North,21
valid,259,valid,21_0235.wav,spk_21_0160,North,21
valid,260,valid,21_0236.wav,spk_21_0160,North,21
valid,261,valid,21_0237.wav,spk_21_0161,North,21
valid,262,valid,21_0238.wav,spk_21_0162,North,21
valid,263,valid,21_0239.wav,spk_21_0163,North,21
valid,264,valid,21_0240.wav,spk_21_0164,North,21
valid,265,valid,21_0242.wav,spk_21_0166,North,21
valid,266,valid,21_0243.wav,spk_21_0167,North,21
valid,267,valid,21_0244.wav,spk_21_0168,North,21
valid,268,valid,21_0245.wav,spk_21_0169,North,21
valid,269,valid,21_0246.wav,spk_21_0170,North,21
valid,270,valid,21_0247.wav,spk_21_0171,North,21
valid,271,valid,21_0248.wav,spk_21_0172,North,21
valid,272,valid,21_0249.wav,spk_21_0173,North,21
valid,273,valid,21_0250.wav,spk_21_0173,North,21
valid,274,valid,21_0251.wav,spk_21_0173,North,21
valid,275,valid,21_0252.wav,spk_21_0174,North,21
valid,276,valid,21_0253.wav,spk_21_0174,North,21
valid,277,valid,21_0254.wav,spk_21_0174,North,21
valid,278,valid,21_0255.wav,spk_21_0175,North,21
valid,279,valid,21_0256.wav,spk_21_0176,North,21
valid,280,valid,22_0219.wav,spk_22_0154,North,22
valid,281,valid,22_0220.wav,spk_22_0154,North,22
valid,282,valid,22_0223.wav,spk_22_0156,North,22
valid,283,valid,22_0226.wav,spk_22_0158,North,22
valid,284,valid,22_0227.wav,spk_22_0158,North,22
valid,285,valid,22_0228.wav,spk_22_0159,North,22
valid,286,valid,22_0229.wav,spk_22_0159,North,22
valid,287,valid,22_0230.wav,spk_22_0160,North,22
valid,288,valid,22_0232.wav,spk_22_0162,North,22
valid,289,valid,22_0233.wav,spk_22_0163,North,22
valid,290,valid,22_0234.wav,spk_22_0163,North,22
valid,291,valid,22_0235.wav,spk_22_0164,North,22
valid,292,valid,22_0237.wav,spk_22_0166,North,22
valid,293,valid,22_0238.wav,spk_22_0167,North,22
valid,294,valid,22_0239.wav,spk_22_0168,North,22
valid,295,valid,22_0240.wav,spk_22_0169,North,22
valid,296,valid,22_0241.wav,spk_22_0170,North,22
valid,297,valid,22_0242.wav,spk_22_0171,North,22
valid,298,valid,22_0243.wav,spk_22_0172,North,22
valid,299,valid,22_0244.wav,spk_22_0173,North,22
valid,300,valid,22_0245.wav,spk_22_0174,North,22
valid,301,valid,22_0246.wav,spk_22_0174,North,22
valid,302,valid,22_0247.wav,spk_22_0175,North,22
valid,303,valid,22_0248.wav,spk_22_0175,North,22
valid,304,valid,22_0249.wav,spk_22_0176,North,22
valid,305,valid,22_0250.wav,spk_22_0176,North,22
valid,306,valid,22_0251.wav,spk_22_0177,North,22
valid,307,valid,22_0252.wav,spk_22_0178,North,22
valid,308,valid,23_0255.wav,spk_23_0245,North,23
valid,309,valid,23_0256.wav,spk_23_0246,North,23
valid,310,valid,23_0257.wav,spk_23_0247,North,23
valid,311,valid,23_0258.wav,spk_23_0248,North,23
valid,312,valid,23_0259.wav,spk_23_0249,North,23
valid,313,valid,23_0261.wav,spk_23_0251,North,23
valid,314,valid,23_0262.wav,spk_23_0252,North,23
valid,315,valid,23_0263.wav,spk_23_0252,North,23
valid,316,valid,23_0264.wav,spk_23_0253,North,23
valid,317,valid,23_0265.wav,spk_23_0254,North,23
valid,318,valid,23_0267.wav,spk_23_0256,North,23
valid,319,valid,23_0268.wav,spk_23_0257,North,23
valid,320,valid,23_0269.wav,spk_23_0258,North,23
valid,321,valid,23_0271.wav,spk_23_0260,North,23
valid,322,valid,23_0272.wav,spk_23_0261,North,23
valid,323,valid,23_0273.wav,spk_23_0262,North,23
valid,324,valid,23_0274.wav,spk_23_0263,North,23
valid,325,valid,23_0275.wav,spk_23_0264,North,23
valid,326,valid,23_0276.wav,spk_23_0265,North,23
valid,327,valid,23_0278.wav,spk_23_0267,North,23
valid,328,valid,23_0280.wav,spk_23_0269,North,23
valid,329,valid,23_0282.wav,spk_23_0271,North,23
valid,330,valid,23_0283.wav,spk_23_0272,North,23
valid,331,valid,23_0284.wav,spk_23_0273,North,23
valid,332,valid,23_0285.wav,spk_23_0274,North,23
valid,333,valid,23_0293.wav,spk_23_0279,North,23
valid,334,valid,23_0294.wav,spk_23_0280,North,23
valid,335,valid,23_0295.wav,spk_23_0281,North,23
valid,336,valid,23_0299.wav,spk_23_0284,North,23
valid,337,valid,23_0301.wav,spk_23_0286,North,23
valid,338,valid,23_0302.wav,spk_23_0287,North,23
valid,339,valid,23_0303.wav,spk_23_0288,North,23
valid,340,valid,24_0230.wav,spk_24_0215,North,24
valid,341,valid,24_0231.wav,spk_24_0215,North,24
valid,342,valid,24_0232.wav,spk_24_0216,North,24
valid,343,valid,24_0234.wav,spk_24_0218,North,24
valid,344,valid,24_0240.wav,spk_24_0224,North,24
valid,345,valid,24_0241.wav,spk_24_0225,North,24
valid,346,valid,24_0242.wav,spk_24_0226,North,24
valid,347,valid,24_0243.wav,spk_24_0227,North,24
valid,348,valid,24_0250.wav,spk_24_0234,North,24
valid,349,valid,24_0251.wav,spk_24_0235,North,24
valid,350,valid,24_0252.wav,spk_24_0236,North,24
valid,351,valid,24_0253.wav,spk_24_0237,North,24
valid,352,valid,24_0254.wav,spk_24_0238,North,24
valid,353,valid,24_0255.wav,spk_24_0239,North,24
valid,354,valid,24_0256.wav,spk_24_0240,North,24
valid,355,valid,24_0257.wav,spk_24_0241,North,24
valid,356,valid,24_0258.wav,spk_24_0242,North,24
valid,357,valid,24_0259.wav,spk_24_0243,North,24
valid,358,valid,24_0260.wav,spk_24_0244,North,24
valid,359,valid,24_0261.wav,spk_24_0244,North,24
valid,360,valid,24_0262.wav,spk_24_0244,North,24
valid,361,valid,24_0263.wav,spk_24_0244,North,24
valid,362,valid,24_0264.wav,spk_24_0245,North,24
valid,363,valid,24_0265.wav,spk_24_0246,North,24
valid,364,valid,24_0266.wav,spk_24_0247,North,24
valid,365,valid,24_0269.wav,spk_24_0250,North,24
valid,366,valid,24_0270.wav,spk_24_0251,North,24
valid,367,valid,24_0271.wav,spk_24_0252,North,24
valid,368,valid,24_0272.wav,spk_24_0253,North,24
valid,369,valid,24_0275.wav,spk_24_0256,North,24
valid,370,valid,24_0277.wav,spk_24_0258,North,24
valid,371,valid,24_0278.wav,spk_24_0259,North,24
valid,372,valid,24_0279.wav,spk_24_0260,North,24
valid,373,valid,24_0280.wav,spk_24_0260,North,24
valid,374,valid,25_0236.wav,spk_25_0136,North,25
valid,375,valid,25_0237.wav,spk_25_0136,North,25
valid,376,valid,25_0238.wav,spk_25_0137,North,25
valid,377,valid,25_0239.wav,spk_25_0138,North,25
valid,378,valid,25_0240.wav,spk_25_0139,North,25
valid,379,valid,25_0241.wav,spk_25_0140,North,25
valid,380,valid,25_0242.wav,spk_25_0140,North,25
valid,381,valid,25_0243.wav,spk_25_0141,North,25
valid,382,valid,25_0244.wav,spk_25_0141,North,25
valid,383,valid,25_0245.wav,spk_25_0141,North,25
valid,384,valid,25_0246.wav,spk_25_0142,North,25
valid,385,valid,25_0247.wav,spk_25_0143,North,25
valid,386,valid,25_0248.wav,spk_25_0144,North,25
valid,387,valid,25_0249.wav,spk_25_0144,North,25
valid,388,valid,25_0250.wav,spk_25_0145,North,25
valid,389,valid,25_0251.wav,spk_25_0145,North,25
valid,390,valid,25_0252.wav,spk_25_0145,North,25
valid,391,valid,25_0253.wav,spk_25_0146,North,25
valid,392,valid,25_0254.wav,spk_25_0146,North,25
valid,393,valid,25_0255.wav,spk_25_0147,North,25
valid,394,valid,25_0256.wav,spk_25_0147,North,25
valid,395,valid,25_0257.wav,spk_25_0148,North,25
valid,396,valid,25_0258.wav,spk_25_0148,North,25
valid,397,valid,25_0259.wav,spk_25_0149,North,25
valid,398,valid,25_0260.wav,spk_25_0149,North,25
valid,399,valid,25_0264.wav,spk_25_0152,North,25
valid,400,valid,25_0265.wav,spk_25_0152,North,25
valid,401,valid,25_0266.wav,spk_25_0152,North,25
valid,402,valid,25_0267.wav,spk_25_0153,North,25
valid,403,valid,25_0268.wav,spk_25_0153,North,25
valid,404,valid,25_0271.wav,spk_25_0155,North,25
valid,405,valid,25_0272.wav,spk_25_0156,North,25
valid,406,valid,25_0273.wav,spk_25_0156,North,25
valid,407,valid,26_0242.wav,spk_26_0199,North,26
valid,408,valid,26_0243.wav,spk_26_0200,North,26
valid,409,valid,26_0244.wav,spk_26_0201,North,26
valid,410,valid,26_0245.wav,spk_26_0202,North,26
valid,411,valid,26_0246.wav,spk_26_0203,North,26
valid,412,valid,26_0247.wav,spk_26_0204,North,26
valid,413,valid,26_0248.wav,spk_26_0205,North,26
valid,414,valid,26_0249.wav,spk_26_0206,North,26
valid,415,valid,26_0250.wav,spk_26_0207,North,26
valid,416,valid,26_0251.wav,spk_26_0207,North,26
valid,417,valid,26_0252.wav,spk_26_0208,North,26
valid,418,valid,26_0253.wav,spk_26_0209,North,26
valid,419,valid,26_0254.wav,spk_26_0210,North,26
valid,420,valid,26_0255.wav,spk_26_0210,North,26
valid,421,valid,26_0256.wav,spk_26_0210,North,26
valid,422,valid,26_0257.wav,spk_26_0211,North,26
valid,423,valid,26_0258.wav,spk_26_0211,North,26
valid,424,valid,26_0259.wav,spk_26_0211,North,26
valid,425,valid,26_0260.wav,spk_26_0212,North,26
valid,426,valid,26_0261.wav,spk_26_0213,North,26
valid,427,valid,26_0262.wav,spk_26_0214,North,26
valid,428,valid,26_0263.wav,spk_26_0215,North,26
valid,429,valid,26_0264.wav,spk_26_0216,North,26
valid,430,valid,26_0265.wav,spk_26_0217,North,26
valid,431,valid,26_0266.wav,spk_26_0218,North,26
valid,432,valid,26_0267.wav,spk_26_0219,North,26
valid,433,valid,26_0268.wav,spk_26_0220,North,26
valid,434,valid,26_0269.wav,spk_26_0221,North,26
valid,435,valid,26_0270.wav,spk_26_0222,North,26
valid,436,valid,26_0271.wav,spk_26_0223,North,26
valid,437,valid,26_0272.wav,spk_26_0224,North,26
valid,438,valid,26_0286.wav,spk_26_0231,North,26
valid,439,valid,27_0187.wav,spk_27_0128,North,27
valid,440,valid,27_0188.wav,spk_27_0128,North,27
valid,441,valid,27_0213.wav,spk_27_0143,North,27
valid,442,valid,27_0214.wav,spk_27_0143,North,27
valid,443,valid,27_0230.wav,spk_27_0154,North,27
valid,444,valid,27_0231.wav,spk_27_0155,North,27
valid,445,valid,27_0232.wav,spk_27_0155,North,27
valid,446,valid,27_0233.wav,spk_27_0156,North,27
valid,447,valid,27_0234.wav,spk_27_0156,North,27
valid,448,valid,27_0235.wav,spk_27_0157,North,27
valid,449,valid,27_0236.wav,spk_27_0157,North,27
valid,450,valid,27_0237.wav,spk_27_0158,North,27
valid,451,valid,27_0238.wav,spk_27_0158,North,27
valid,452,valid,27_0239.wav,spk_27_0159,North,27
valid,453,valid,27_0240.wav,spk_27_0159,North,27
valid,454,valid,27_0241.wav,spk_27_0160,North,27
valid,455,valid,27_0242.wav,spk_27_0160,North,27
valid,456,valid,27_0243.wav,spk_27_0161,North,27
valid,457,valid,27_0244.wav,spk_27_0161,North,27
valid,458,valid,27_0245.wav,spk_27_0162,North,27
valid,459,valid,27_0246.wav,spk_27_0163,North,27
valid,460,valid,27_0247.wav,spk_27_0164,North,27
valid,461,valid,27_0248.wav,spk_27_0165,North,27
valid,462,valid,27_0249.wav,spk_27_0166,North,27
valid,463,valid,27_0250.wav,spk_27_0167,North,27
valid,464,valid,27_0251.wav,spk_27_0168,North,27
valid,465,valid,27_0252.wav,spk_27_0169,North,27
valid,466,valid,27_0253.wav,spk_27_0170,North,27
valid,467,valid,27_0255.wav,spk_27_0172,North,27
valid,468,valid,27_0256.wav,spk_27_0172,North,27
valid,469,valid,28_0218.wav,spk_28_0152,North,28
valid,470,valid,28_0219.wav,spk_28_0152,North,28
valid,471,valid,28_0220.wav,spk_28_0153,North,28
valid,472,valid,28_0221.wav,spk_28_0153,North,28
valid,473,valid,28_0222.wav,spk_28_0153,North,28
valid,474,valid,28_0223.wav,spk_28_0153,North,28
valid,475,valid,28_0224.wav,spk_28_0153,North,28
valid,476,valid,28_0225.wav,spk_28_0153,North,28
valid,477,valid,28_0226.wav,spk_28_0154,North,28
valid,478,valid,28_0227.wav,spk_28_0154,North,28
valid,479,valid,28_0228.wav,spk_28_0155,North,28
valid,480,valid,28_0229.wav,spk_28_0156,North,28
valid,481,valid,28_0230.wav,spk_28_0157,North,28
valid,482,valid,28_0234.wav,spk_28_0160,North,28
valid,483,valid,28_0235.wav,spk_28_0161,North,28
valid,484,valid,28_0236.wav,spk_28_0162,North,28
valid,485,valid,28_0237.wav,spk_28_0163,North,28
valid,486,valid,28_0238.wav,spk_28_0164,North,28
valid,487,valid,28_0239.wav,spk_28_0164,North,28
valid,488,valid,28_0240.wav,spk_28_0165,North,28
valid,489,valid,28_0241.wav,spk_28_0165,North,28
valid,490,valid,28_0242.wav,spk_28_0166,North,28
valid,491,valid,28_0243.wav,spk_28_0167,North,28
valid,492,valid,28_0244.wav,spk_28_0168,North,28
valid,493,valid,28_0245.wav,spk_28_0168,North,28
valid,494,valid,28_0246.wav,spk_28_0169,North,28
valid,495,valid,28_0247.wav,spk_28_0169,North,28
valid,496,valid,28_0248.wav,spk_28_0169,North,28
valid,497,valid,28_0249.wav,spk_28_0170,North,28
valid,498,valid,30_0229.wav,spk_30_0142,North,30
valid,499,valid,30_0230.wav,spk_30_0143,North,30
valid,500,valid,30_0236.wav,spk_30_0146,North,30
valid,501,valid,30_0237.wav,spk_30_0146,North,30
valid,502,valid,30_0238.wav,spk_30_0147,North,30
valid,503,valid,30_0239.wav,spk_30_0147,North,30
valid,504,valid,30_0245.wav,spk_30_0150,North,30
valid,505,valid,30_0246.wav,spk_30_0150,North,30
valid,506,valid,30_0247.wav,spk_30_0150,North,30
valid,507,valid,30_0258.wav,spk_30_0157,North,30
valid,508,valid,30_0259.wav,spk_30_0157,North,30
valid,509,valid,30_0260.wav,spk_30_0158,North,30
valid,510,valid,30_0261.wav,spk_30_0158,North,30
valid,511,valid,30_0262.wav,spk_30_0159,North,30
valid,512,valid,30_0263.wav,spk_30_0160,North,30
valid,513,valid,30_0264.wav,spk_30_0161,North,30
valid,514,valid,30_0265.wav,spk_30_0162,North,30
valid,515,valid,30_0266.wav,spk_30_0163,North,30
valid,516,valid,30_0267.wav,spk_30_0164,North,30
valid,517,valid,30_0268.wav,spk_30_0165,North,30
valid,518,valid,30_0269.wav,spk_30_0166,North,30
valid,519,valid,30_0270.wav,spk_30_0167,North,30
valid,520,valid,30_0271.wav,spk_30_0168,North,30
valid,521,valid,30_0272.wav,spk_30_0169,North,30
valid,522,valid,30_0273.wav,spk_30_0169,North,30
valid,523,valid,30_0274.wav,spk_30_0169,North,30
valid,524,valid,30_0275.wav,spk_30_0170,North,30
valid,525,valid,30_0279.wav,spk_30_0173,North,30
valid,526,valid,30_0280.wav,spk_30_0173,North,30
valid,527,valid,30_0284.wav,spk_30_0176,North,30
valid,528,valid,30_0285.wav,spk_30_0176,North,30
valid,529,valid,30_0286.wav,spk_30_0176,North,30
valid,530,valid,30_0289.wav,spk_30_0178,North,30
valid,531,valid,30_0290.wav,spk_30_0178,North,30
valid,532,valid,30_0291.wav,spk_30_0178,North,30
valid,533,valid,30_0292.wav,spk_30_0179,North,30
valid,534,valid,30_0293.wav,spk_30_0180,North,30
valid,535,valid,30_0294.wav,spk_30_0181,North,30
valid,536,valid,30_0295.wav,spk_30_0181,North,30
valid,537,valid,34_0230.wav,spk_34_0153,North,34
valid,538,valid,34_0233.wav,spk_34_0155,North,34
valid,539,valid,34_0234.wav,spk_34_0155,North,34
valid,540,valid,34_0235.wav,spk_34_0155,North,34
valid,541,valid,34_0236.wav,spk_34_0156,North,34
valid,542,valid,34_0237.wav,spk_34_0157,North,34
valid,543,valid,34_0238.wav,spk_34_0157,North,34
valid,544,valid,34_0239.wav,spk_34_0158,North,34
valid,545,valid,34_0240.wav,spk_34_0158,North,34
valid,546,valid,34_0241.wav,spk_34_0159,North,34
valid,547,valid,34_0242.wav,spk_34_0160,North,34
valid,548,valid,34_0243.wav,spk_34_0161,North,34
valid,549,valid,34_0244.wav,spk_34_0162,North,34
valid,550,valid,34_0245.wav,spk_34_0163,North,34
valid,551,valid,34_0246.wav,spk_34_0164,North,34
valid,552,valid,34_0247.wav,spk_34_0165,North,34
valid,553,valid,34_0248.wav,spk_34_0166,North,34
valid,554,valid,34_0249.wav,spk_34_0167,North,34
valid,555,valid,34_0250.wav,spk_34_0167,North,34
valid,556,valid,34_0251.wav,spk_34_0168,North,34
valid,557,valid,34_0252.wav,spk_34_0168,North,34
valid,558,valid,34_0253.wav,spk_34_0169,North,34
valid,559,valid,34_0254.wav,spk_34_0169,North,34
valid,560,valid,34_0255.wav,spk_34_0170,North,34
valid,561,valid,34_0259.wav,spk_34_0173,North,34
valid,562,valid,34_0260.wav,spk_34_0174,North,34
valid,563,valid,34_0262.wav,spk_34_0176,North,34
valid,564,valid,34_0263.wav,spk_34_0176,North,34
valid,565,valid,34_0264.wav,spk_34_0177,North,34
valid,566,valid,35_0219.wav,spk_35_0205,North,35
valid,567,valid,35_0220.wav,spk_35_0206,North,35
valid,568,valid,35_0221.wav,spk_35_0206,North,35
valid,569,valid,35_0222.wav,spk_35_0207,North,35
valid,570,valid,35_0223.wav,spk_35_0208,North,35
valid,571,valid,35_0224.wav,spk_35_0209,North,35
valid,572,valid,35_0225.wav,spk_35_0210,North,35
valid,573,valid,35_0226.wav,spk_35_0211,North,35
valid,574,valid,35_0227.wav,spk_35_0211,North,35
valid,575,valid,35_0228.wav,spk_35_0212,North,35
valid,576,valid,35_0229.wav,spk_35_0213,North,35
valid,577,valid,35_0230.wav,spk_35_0214,North,35
valid,578,valid,35_0231.wav,spk_35_0215,North,35
valid,579,valid,35_0232.wav,spk_35_0216,North,35
valid,580,valid,35_0233.wav,spk_35_0217,North,35
valid,581,valid,35_0234.wav,spk_35_0218,North,35
valid,582,valid,35_0235.wav,spk_35_0219,North,35
valid,583,valid,35_0236.wav,spk_35_0220,North,35
valid,584,valid,35_0237.wav,spk_35_0221,North,35
valid,585,valid,35_0238.wav,spk_35_0222,North,35
valid,586,valid,35_0239.wav,spk_35_0223,North,35
valid,587,valid,35_0241.wav,spk_35_0225,North,35
valid,588,valid,35_0242.wav,spk_35_0226,North,35
valid,589,valid,35_0243.wav,spk_35_0227,North,35
valid,590,valid,36_0180.wav,spk_36_0118,Central,36
valid,591,valid,36_0181.wav,spk_36_0118,Central,36
valid,592,valid,36_0182.wav,spk_36_0118,Central,36
valid,593,valid,36_0183.wav,spk_36_0118,Central,36
valid,594,valid,36_0184.wav,spk_36_0119,Central,36
valid,595,valid,36_0215.wav,spk_36_0134,Central,36
valid,596,valid,36_0216.wav,spk_36_0135,Central,36
valid,597,valid,36_0249.wav,spk_36_0154,Central,36
valid,598,valid,36_0250.wav,spk_36_0154,Central,36
valid,599,valid,36_0251.wav,spk_36_0154,Central,36
valid,600,valid,36_0253.wav,spk_36_0156,Central,36
valid,601,valid,36_0254.wav,spk_36_0157,Central,36
valid,602,valid,36_0255.wav,spk_36_0158,Central,36
valid,603,valid,36_0256.wav,spk_36_0158,Central,36
valid,604,valid,36_0257.wav,spk_36_0159,Central,36
valid,605,valid,36_0258.wav,spk_36_0160,Central,36
valid,606,valid,36_0259.wav,spk_36_0161,Central,36
valid,607,valid,36_0260.wav,spk_36_0161,Central,36
valid,608,valid,36_0261.wav,spk_36_0162,Central,36
valid,609,valid,36_0262.wav,spk_36_0163,Central,36
valid,610,valid,36_0263.wav,spk_36_0164,Central,36
valid,611,valid,36_0264.wav,spk_36_0164,Central,36
valid,612,valid,36_0265.wav,spk_36_0164,Central,36
valid,613,valid,36_0266.wav,spk_36_0165,Central,36
valid,614,valid,36_0267.wav,spk_36_0165,Central,36
valid,615,valid,36_0268.wav,spk_36_0166,Central,36
valid,616,valid,36_0269.wav,spk_36_0166,Central,36
valid,617,valid,36_0270.wav,spk_36_0166,Central,36
valid,618,valid,36_0271.wav,spk_36_0166,Central,36
valid,619,valid,36_0272.wav,spk_36_0166,Central,36
valid,620,valid,36_0273.wav,spk_36_0167,Central,36
valid,621,valid,36_0274.wav,spk_36_0167,Central,36
valid,622,valid,36_0275.wav,spk_36_0168,Central,36
valid,623,valid,36_0276.wav,spk_36_0169,Central,36
valid,624,valid,36_0277.wav,spk_36_0170,Central,36
valid,625,valid,37_0263.wav,spk_37_0194,Central,37
valid,626,valid,37_0265.wav,spk_37_0196,Central,37
valid,627,valid,37_0283.wav,spk_37_0210,Central,37
valid,628,valid,37_0284.wav,spk_37_0210,Central,37
valid,629,valid,37_0285.wav,spk_37_0210,Central,37
valid,630,valid,37_0286.wav,spk_37_0211,Central,37
valid,631,valid,37_0287.wav,spk_37_0212,Central,37
valid,632,valid,37_0288.wav,spk_37_0213,Central,37
valid,633,valid,37_0289.wav,spk_37_0214,Central,37
valid,634,valid,37_0290.wav,spk_37_0215,Central,37
valid,635,valid,37_0291.wav,spk_37_0216,Central,37
valid,636,valid,37_0292.wav,spk_37_0217,Central,37
valid,637,valid,37_0293.wav,spk_37_0218,Central,37
valid,638,valid,37_0294.wav,spk_37_0219,Central,37
valid,639,valid,37_0295.wav,spk_37_0220,Central,37
valid,640,valid,37_0296.wav,spk_37_0221,Central,37
valid,641,valid,37_0297.wav,spk_37_0222,Central,37
valid,642,valid,37_0298.wav,spk_37_0223,Central,37
valid,643,valid,37_0299.wav,spk_37_0223,Central,37
valid,644,valid,37_0303.wav,spk_37_0225,Central,37
valid,645,valid,37_0304.wav,spk_37_0226,Central,37
valid,646,valid,37_0305.wav,spk_37_0226,Central,37
valid,647,valid,37_0307.wav,spk_37_0228,Central,37
valid,648,valid,37_0308.wav,spk_37_0229,Central,37
valid,649,valid,37_0309.wav,spk_37_0230,Central,37
valid,650,valid,37_0310.wav,spk_37_0230,Central,37
valid,651,valid,37_0311.wav,spk_37_0231,Central,37
valid,652,valid,37_0312.wav,spk_37_0232,Central,37
valid,653,valid,37_0313.wav,spk_37_0233,Central,37
valid,654,valid,37_0314.wav,spk_37_0234,Central,37
valid,655,valid,37_0315.wav,spk_37_0235,Central,37
valid,656,valid,37_0316.wav,spk_37_0236,Central,37
valid,657,valid,37_0317.wav,spk_37_0237,Central,37
valid,658,valid,37_0318.wav,spk_37_0238,Central,37
valid,659,valid,37_0319.wav,spk_37_0239,Central,37
valid,660,valid,37_0321.wav,spk_37_0241,Central,37
valid,661,valid,37_0322.wav,spk_37_0241,Central,37
valid,662,valid,37_0323.wav,spk_37_0242,Central,37
valid,663,valid,37_0324.wav,spk_37_0243,Central,37
valid,664,valid,37_0325.wav,spk_37_0244,Central,37
valid,665,valid,38_0239.wav,spk_38_0178,Central,38
valid,666,valid,38_0240.wav,spk_38_0179,Central,38
valid,667,valid,38_0241.wav,spk_38_0179,Central,38
valid,668,valid,38_0242.wav,spk_38_0179,Central,38
valid,669,valid,38_0243.wav,spk_38_0179,Central,38
valid,670,valid,38_0244.wav,spk_38_0180,Central,38
valid,671,valid,38_0245.wav,spk_38_0181,Central,38
valid,672,valid,38_0246.wav,spk_38_0182,Central,38
valid,673,valid,38_0247.wav,spk_38_0183,Central,38
valid,674,valid,38_0248.wav,spk_38_0184,Central,38
valid,675,valid,38_0249.wav,spk_38_0185,Central,38
valid,676,valid,38_0250.wav,spk_38_0186,Central,38
valid,677,valid,38_0251.wav,spk_38_0187,Central,38
valid,678,valid,38_0252.wav,spk_38_0187,Central,38
valid,679,valid,38_0253.wav,spk_38_0188,Central,38
valid,680,valid,38_0254.wav,spk_38_0188,Central,38
valid,681,valid,38_0255.wav,spk_38_0188,Central,38
valid,682,valid,38_0256.wav,spk_38_0189,Central,38
valid,683,valid,38_0257.wav,spk_38_0189,Central,38
valid,684,valid,38_0258.wav,spk_38_0190,Central,38
valid,685,valid,38_0259.wav,spk_38_0190,Central,38
valid,686,valid,38_0260.wav,spk_38_0191,Central,38
valid,687,valid,38_0261.wav,spk_38_0191,Central,38
valid,688,valid,38_0262.wav,spk_38_0192,Central,38
valid,689,valid,38_0263.wav,spk_38_0192,Central,38
valid,690,valid,38_0264.wav,spk_38_0193,Central,38
valid,691,valid,38_0265.wav,spk_38_0194,Central,38
valid,692,valid,38_0266.wav,spk_38_0195,Central,38
valid,693,valid,38_0268.wav,spk_38_0197,Central,38
valid,694,valid,38_0269.wav,spk_38_0198,Central,38
valid,695,valid,38_0270.wav,spk_38_0199,Central,38
valid,696,valid,38_0271.wav,spk_38_0199,Central,38
valid,697,valid,38_0272.wav,spk_38_0200,Central,38
valid,698,valid,38_0273.wav,spk_38_0200,Central,38
valid,699,valid,43_0232.wav,spk_43_0175,Central,43
valid,700,valid,43_0233.wav,spk_43_0175,Central,43
valid,701,valid,43_0274.wav,spk_43_0204,Central,43
valid,702,valid,43_0275.wav,spk_43_0205,Central,43
valid,703,valid,43_0276.wav,spk_43_0205,Central,43
valid,704,valid,43_0277.wav,spk_43_0206,Central,43
valid,705,valid,43_0278.wav,spk_43_0207,Central,43
valid,706,valid,43_0279.wav,spk_43_0207,Central,43
valid,707,valid,43_0280.wav,spk_43_0208,Central,43
valid,708,valid,43_0281.wav,spk_43_0209,Central,43
valid,709,valid,43_0282.wav,spk_43_0209,Central,43
valid,710,valid,43_0283.wav,spk_43_0210,Central,43
valid,711,valid,43_0284.wav,spk_43_0211,Central,43
valid,712,valid,43_0285.wav,spk_43_0212,Central,43
valid,713,valid,43_0286.wav,spk_43_0213,Central,43
valid,714,valid,43_0287.wav,spk_43_0214,Central,43
valid,715,valid,43_0288.wav,spk_43_0215,Central,43
valid,716,valid,43_0289.wav,spk_43_0216,Central,43
valid,717,valid,43_0290.wav,spk_43_0217,Central,43
valid,718,valid,43_0291.wav,spk_43_0218,Central,43
valid,719,valid,43_0292.wav,spk_43_0219,Central,43
valid,720,valid,43_0293.wav,spk_43_0220,Central,43
valid,721,valid,43_0294.wav,spk_43_0221,Central,43
valid,722,valid,43_0295.wav,spk_43_0222,Central,43
valid,723,valid,43_0296.wav,spk_43_0223,Central,43
valid,724,valid,43_0297.wav,spk_43_0224,Central,43
valid,725,valid,43_0298.wav,spk_43_0225,Central,43
valid,726,valid,43_0299.wav,spk_43_0226,Central,43
valid,727,valid,43_0300.wav,spk_43_0227,Central,43
valid,728,valid,43_0301.wav,spk_43_0228,Central,43
valid,729,valid,43_0302.wav,spk_43_0229,Central,43
valid,730,valid,43_0305.wav,spk_43_0232,Central,43
valid,731,valid,43_0306.wav,spk_43_0233,Central,43
valid,732,valid,47_0231.wav,spk_47_0164,Central,47
valid,733,valid,47_0232.wav,spk_47_0165,Central,47
valid,734,valid,47_0233.wav,spk_47_0166,Central,47
valid,735,valid,47_0248.wav,spk_47_0176,Central,47
valid,736,valid,47_0249.wav,spk_47_0177,Central,47
valid,737,valid,47_0250.wav,spk_47_0177,Central,47
valid,738,valid,47_0251.wav,spk_47_0178,Central,47
valid,739,valid,47_0252.wav,spk_47_0179,Central,47
valid,740,valid,47_0253.wav,spk_47_0180,Central,47
valid,741,valid,47_0254.wav,spk_47_0180,Central,47
valid,742,valid,47_0255.wav,spk_47_0181,Central,47
valid,743,valid,47_0256.wav,spk_47_0181,Central,47
valid,744,valid,47_0257.wav,spk_47_0182,Central,47
valid,745,valid,47_0258.wav,spk_47_0183,Central,47
valid,746,valid,47_0259.wav,spk_47_0183,Central,47
valid,747,valid,47_0260.wav,spk_47_0184,Central,47
valid,748,valid,47_0261.wav,spk_47_0185,Central,47
valid,749,valid,47_0262.wav,spk_47_0186,Central,47
valid,750,valid,47_0263.wav,spk_47_0186,Central,47
valid,751,valid,47_0264.wav,spk_47_0187,Central,47
valid,752,valid,47_0265.wav,spk_47_0188,Central,47
valid,753,valid,47_0266.wav,spk_47_0189,Central,47
valid,754,valid,47_0267.wav,spk_47_0190,Central,47
valid,755,valid,47_0268.wav,spk_47_0191,Central,47
valid,756,valid,47_0269.wav,spk_47_0192,Central,47
valid,757,valid,47_0274.wav,spk_47_0196,Central,47
valid,758,valid,47_0277.wav,spk_47_0199,Central,47
valid,759,valid,47_0279.wav,spk_47_0201,Central,47
valid,760,valid,48_0238.wav,spk_48_0199,Central,48
valid,761,valid,48_0246.wav,spk_48_0205,Central,48
valid,762,valid,48_0247.wav,spk_48_0206,Central,48
valid,763,valid,48_0248.wav,spk_48_0207,Central,48
valid,764,valid,48_0249.wav,spk_48_0208,Central,48
valid,765,valid,48_0250.wav,spk_48_0209,Central,48
valid,766,valid,48_0251.wav,spk_48_0210,Central,48
valid,767,valid,48_0252.wav,spk_48_0211,Central,48
valid,768,valid,48_0253.wav,spk_48_0212,Central,48
valid,769,valid,48_0254.wav,spk_48_0213,Central,48
valid,770,valid,48_0255.wav,spk_48_0214,Central,48
valid,771,valid,48_0256.wav,spk_48_0215,Central,48
valid,772,valid,48_0257.wav,spk_48_0216,Central,48
valid,773,valid,48_0258.wav,spk_48_0217,Central,48
valid,774,valid,48_0259.wav,spk_48_0218,Central,48
valid,775,valid,48_0260.wav,spk_48_0219,Central,48
valid,776,valid,48_0261.wav,spk_48_0220,Central,48
valid,777,valid,48_0262.wav,spk_48_0221,Central,48
valid,778,valid,48_0263.wav,spk_48_0222,Central,48
valid,779,valid,48_0264.wav,spk_48_0223,Central,48
valid,780,valid,48_0265.wav,spk_48_0224,Central,48
valid,781,valid,48_0266.wav,spk_48_0225,Central,48
valid,782,valid,48_0267.wav,spk_48_0226,Central,48
valid,783,valid,48_0268.wav,spk_48_0227,Central,48
valid,784,valid,48_0269.wav,spk_48_0228,Central,48
valid,785,valid,48_0270.wav,spk_48_0229,Central,48
valid,786,valid,48_0273.wav,spk_48_0232,Central,48
valid,787,valid,48_0277.wav,spk_48_0236,Central,48
valid,788,valid,48_0279.wav,spk_48_0238,Central,48
valid,789,valid,49_0218.wav,spk_49_0128,Central,49
valid,790,valid,49_0219.wav,spk_49_0128,Central,49
valid,791,valid,49_0220.wav,spk_49_0128,Central,49
valid,792,valid,49_0221.wav,spk_49_0128,Central,49
valid,793,valid,49_0222.wav,spk_49_0128,Central,49
valid,794,valid,49_0223.wav,spk_49_0128,Central,49
valid,795,valid,49_0227.wav,spk_49_0130,Central,49
valid,796,valid,49_0228.wav,spk_49_0130,Central,49
valid,797,valid,49_0247.wav,spk_49_0143,Central,49
valid,798,valid,49_0249.wav,spk_49_0145,Central,49
valid,799,valid,49_0250.wav,spk_49_0146,Central,49
valid,800,valid,49_0251.wav,spk_49_0146,Central,49
valid,801,valid,49_0252.wav,spk_49_0147,Central,49
valid,802,valid,49_0253.wav,spk_49_0147,Central,49
valid,803,valid,49_0254.wav,spk_49_0148,Central,49
valid,804,valid,49_0255.wav,spk_49_0148,Central,49
valid,805,valid,49_0256.wav,spk_49_0149,Central,49
valid,806,valid,49_0257.wav,spk_49_0149,Central,49
valid,807,valid,49_0260.wav,spk_49_0151,Central,49
valid,808,valid,49_0261.wav,spk_49_0152,Central,49
valid,809,valid,49_0265.wav,spk_49_0155,Central,49
valid,810,valid,49_0266.wav,spk_49_0155,Central,49
valid,811,valid,49_0269.wav,spk_49_0157,Central,49
valid,812,valid,49_0270.wav,spk_49_0158,Central,49
valid,813,valid,49_0271.wav,spk_49_0158,Central,49
valid,814,valid,49_0272.wav,spk_49_0159,Central,49
valid,815,valid,49_0273.wav,spk_49_0159,Central,49
valid,816,valid,49_0274.wav,spk_49_0160,Central,49
valid,817,valid,49_0275.wav,spk_49_0160,Central,49
valid,818,valid,49_0276.wav,spk_49_0160,Central,49
valid,819,valid,49_0277.wav,spk_49_0160,Central,49
valid,820,valid,59_0247.wav,spk_59_0215,South,59
valid,821,valid,59_0248.wav,spk_59_0215,South,59
valid,822,valid,59_0249.wav,spk_59_0215,South,59
valid,823,valid,59_0250.wav,spk_59_0215,South,59
valid,824,valid,59_0251.wav,spk_59_0216,South,59
valid,825,valid,59_0252.wav,spk_59_0217,South,59
valid,826,valid,59_0253.wav,spk_59_0218,South,59
valid,827,valid,59_0254.wav,spk_59_0219,South,59
valid,828,valid,59_0255.wav,spk_59_0220,South,59
valid,829,valid,59_0256.wav,spk_59_0221,South,59
valid,830,valid,59_0257.wav,spk_59_0222,South,59
valid,831,valid,59_0258.wav,spk_59_0223,South,59
valid,832,valid,59_0259.wav,spk_59_0224,South,59
valid,833,valid,59_0260.wav,spk_59_0225,South,59
valid,834,valid,59_0261.wav,spk_59_0226,South,59
valid,835,valid,59_0262.wav,spk_59_0226,South,59
valid,836,valid,59_0263.wav,spk_59_0227,South,59
valid,837,valid,59_0264.wav,spk_59_0228,South,59
valid,838,valid,59_0265.wav,spk_59_0229,South,59
valid,839,valid,59_0266.wav,spk_59_0229,South,59
valid,840,valid,59_0267.wav,spk_59_0230,South,59
valid,841,valid,59_0268.wav,spk_59_0231,South,59
valid,842,valid,59_0269.wav,spk_59_0232,South,59
valid,843,valid,59_0270.wav,spk_59_0233,South,59
valid,844,valid,59_0271.wav,spk_59_0234,South,59
valid,845,valid,59_0272.wav,spk_59_0235,South,59
valid,846,valid,59_0273.wav,spk_59_0236,South,59
valid,847,valid,59_0274.wav,spk_59_0237,South,59
valid,848,valid,59_0275.wav,spk_59_0238,South,59
valid,849,valid,59_0276.wav,spk_59_0239,South,59
valid,850,valid,59_0277.wav,spk_59_0240,South,59
valid,851,valid,59_0278.wav,spk_59_0241,South,59
valid,852,valid,59_0279.wav,spk_59_0242,South,59
valid,853,valid,59_0280.wav,spk_59_0243,South,59
valid,854,valid,59_0282.wav,spk_59_0245,South,59
valid,855,valid,59_0285.wav,spk_59_0247,South,59
valid,856,valid,59_0286.wav,spk_59_0248,South,59
valid,857,valid,59_0287.wav,spk_59_0249,South,59
valid,858,valid,60_0215.wav,spk_60_0109,South,60
valid,859,valid,60_0217.wav,spk_60_0111,South,60
valid,860,valid,60_0218.wav,spk_60_0111,South,60
valid,861,valid,60_0219.wav,spk_60_0111,South,60
valid,862,valid,60_0220.wav,spk_60_0112,South,60
valid,863,valid,60_0221.wav,spk_60_0112,South,60
valid,864,valid,60_0223.wav,spk_60_0114,South,60
valid,865,valid,60_0224.wav,spk_60_0114,South,60
valid,866,valid,60_0225.wav,spk_60_0115,South,60
valid,867,valid,60_0226.wav,spk_60_0115,South,60
valid,868,valid,60_0227.wav,spk_60_0116,South,60
valid,869,valid,60_0228.wav,spk_60_0116,South,60
valid,870,valid,60_0231.wav,spk_60_0118,South,60
valid,871,valid,60_0232.wav,spk_60_0118,South,60
valid,872,valid,60_0233.wav,spk_60_0119,South,60
valid,873,valid,60_0234.wav,spk_60_0119,South,60
valid,874,valid,60_0235.wav,spk_60_0119,South,60
valid,875,valid,60_0238.wav,spk_60_0121,South,60
valid,876,valid,60_0239.wav,spk_60_0121,South,60
valid,877,valid,60_0240.wav,spk_60_0122,South,60
valid,878,valid,60_0241.wav,spk_60_0122,South,60
valid,879,valid,60_0244.wav,spk_60_0124,South,60
valid,880,valid,60_0250.wav,spk_60_0126,South,60
valid,881,valid,60_0253.wav,spk_60_0129,South,60
valid,882,valid,60_0254.wav,spk_60_0129,South,60
valid,883,valid,60_0255.wav,spk_60_0129,South,60
valid,884,valid,61_0223.wav,spk_61_0163,South,61
valid,885,valid,61_0224.wav,spk_61_0164,South,61
valid,886,valid,61_0226.wav,spk_61_0166,South,61
valid,887,valid,61_0227.wav,spk_61_0167,South,61
valid,888,valid,61_0234.wav,spk_61_0172,South,61
valid,889,valid,61_0235.wav,spk_61_0173,South,61
valid,890,valid,61_0239.wav,spk_61_0177,South,61
valid,891,valid,61_0242.wav,spk_61_0180,South,61
valid,892,valid,61_0245.wav,spk_61_0182,South,61
valid,893,valid,61_0248.wav,spk_61_0185,South,61
valid,894,valid,61_0250.wav,spk_61_0187,South,61
valid,895,valid,61_0251.wav,spk_61_0187,South,61
valid,896,valid,61_0262.wav,spk_61_0195,South,61
valid,897,valid,61_0263.wav,spk_61_0196,South,61
valid,898,valid,61_0264.wav,spk_61_0197,South,61
valid,899,valid,61_0265.wav,spk_61_0198,South,61
valid,900,valid,61_0266.wav,spk_61_0199,South,61
valid,901,valid,61_0267.wav,spk_61_0199,South,61
valid,902,valid,61_0268.wav,spk_61_0200,South,61
valid,903,valid,61_0269.wav,spk_61_0201,South,61
valid,904,valid,61_0270.wav,spk_61_0202,South,61
valid,905,valid,61_0271.wav,spk_61_0203,South,61
valid,906,valid,61_0272.wav,spk_61_0203,South,61
valid,907,valid,61_0273.wav,spk_61_0203,South,61
valid,908,valid,61_0274.wav,spk_61_0204,South,61
valid,909,valid,61_0275.wav,spk_61_0204,South,61
valid,910,valid,61_0276.wav,spk_61_0205,South,61
valid,911,valid,61_0277.wav,spk_61_0206,South,61
valid,912,valid,61_0278.wav,spk_61_0207,South,61
valid,913,valid,61_0279.wav,spk_61_0208,South,61
valid,914,valid,61_0282.wav,spk_61_0210,South,61
valid,915,valid,61_0283.wav,spk_61_0211,South,61
valid,916,valid,62_0233.wav,spk_62_0191,South,62
valid,917,valid,62_0234.wav,spk_62_0192,South,62
valid,918,valid,62_0236.wav,spk_62_0194,South,62
valid,919,valid,62_0241.wav,spk_62_0197,South,62
valid,920,valid,62_0242.wav,spk_62_0197,South,62
valid,921,valid,62_0244.wav,spk_62_0199,South,62
valid,922,valid,62_0248.wav,spk_62_0203,South,62
valid,923,valid,62_0250.wav,spk_62_0205,South,62
valid,924,valid,62_0251.wav,spk_62_0205,South,62
valid,925,valid,62_0253.wav,spk_62_0207,South,62
valid,926,valid,62_0254.wav,spk_62_0208,South,62
valid,927,valid,62_0255.wav,spk_62_0208,South,62
valid,928,valid,62_0260.wav,spk_62_0212,South,62
valid,929,valid,62_0266.wav,spk_62_0217,South,62
valid,930,valid,62_0267.wav,spk_62_0218,South,62
valid,931,valid,62_0270.wav,spk_62_0220,South,62
valid,932,valid,62_0271.wav,spk_62_0221,South,62
valid,933,valid,62_0272.wav,spk_62_0222,South,62
valid,934,valid,62_0273.wav,spk_62_0222,South,62
valid,935,valid,62_0274.wav,spk_62_0223,South,62
valid,936,valid,62_0277.wav,spk_62_0226,South,62
valid,937,valid,62_0278.wav,spk_62_0227,South,62
valid,938,valid,62_0279.wav,spk_62_0227,South,62
valid,939,valid,62_0280.wav,spk_62_0228,South,62
valid,940,valid,62_0284.wav,spk_62_0232,South,62
valid,941,valid,62_0285.wav,spk_62_0233,South,62
valid,942,valid,62_0286.wav,spk_62_0233,South,62
valid,943,valid,63_0192.wav,spk_63_0111,South,63
valid,944,valid,63_0193.wav,spk_63_0111,South,63
valid,945,valid,63_0196.wav,spk_63_0113,South,63
valid,946,valid,63_0197.wav,spk_63_0114,South,63
valid,947,valid,63_0198.wav,spk_63_0114,South,63
valid,948,valid,63_0199.wav,spk_63_0115,South,63
valid,949,valid,63_0227.wav,spk_63_0130,South,63
valid,950,valid,63_0228.wav,spk_63_0131,South,63
valid,951,valid,63_0244.wav,spk_63_0140,South,63
valid,952,valid,63_0245.wav,spk_63_0140,South,63
valid,953,valid,63_0246.wav,spk_63_0141,South,63
valid,954,valid,63_0247.wav,spk_63_0142,South,63
valid,955,valid,63_0248.wav,spk_63_0143,South,63
valid,956,valid,63_0249.wav,spk_63_0144,South,63
valid,957,valid,63_0250.wav,spk_63_0145,South,63
valid,958,valid,63_0251.wav,spk_63_0145,South,63
valid,959,valid,63_0252.wav,spk_63_0145,South,63
valid,960,valid,63_0253.wav,spk_63_0145,South,63
valid,961,valid,63_0256.wav,spk_63_0147,South,63
valid,962,valid,63_0257.wav,spk_63_0148,South,63
valid,963,valid,63_0258.wav,spk_63_0148,South,63
valid,964,valid,63_0259.wav,spk_63_0148,South,63
valid,965,valid,63_0260.wav,spk_63_0149,South,63
valid,966,valid,63_0261.wav,spk_63_0149,South,63
valid,967,valid,63_0262.wav,spk_63_0149,South,63
valid,968,valid,63_0263.wav,spk_63_0149,South,63
valid,969,valid,63_0264.wav,spk_63_0149,South,63
valid,970,valid,63_0265.wav,spk_63_0149,South,63
valid,971,valid,64_0226.wav,spk_64_0109,South,64
valid,972,valid,64_0228.wav,spk_64_0111,South,64
valid,973,valid,64_0229.wav,spk_64_0112,South,64
valid,974,valid,64_0230.wav,spk_64_0112,South,64
valid,975,valid,64_0231.wav,spk_64_0113,South,64
valid,976,valid,64_0232.wav,spk_64_0114,South,64
valid,977,valid,64_0233.wav,spk_64_0114,South,64
valid,978,valid,64_0234.wav,spk_64_0114,South,64
valid,979,valid,64_0235.wav,spk_64_0115,South,64
valid,980,valid,64_0236.wav,spk_64_0116,South,64
valid,981,valid,64_0237.wav,spk_64_0116,South,64
valid,982,valid,64_0238.wav,spk_64_0117,South,64
valid,983,valid,64_0239.wav,spk_64_0118,South,64
valid,984,valid,64_0240.wav,spk_64_0119,South,64
valid,985,valid,64_0241.wav,spk_64_0120,South,64
valid,986,valid,64_0242.wav,spk_64_0120,South,64
valid,987,valid,64_0243.wav,spk_64_0121,South,64
valid,988,valid,64_0244.wav,spk_64_0122,South,64
valid,989,valid,64_0245.wav,spk_64_0122,South,64
valid,990,valid,64_0246.wav,spk_64_0123,South,64
valid,991,valid,64_0247.wav,spk_64_0124,South,64
valid,992,valid,64_0248.wav,spk_64_0125,South,64
valid,993,valid,64_0249.wav,spk_64_0126,South,64
valid,994,valid,64_0250.wav,spk_64_0126,South,64
valid,995,valid,64_0251.wav,spk_64_0126,South,64
valid,996,valid,64_0254.wav,spk_64_0128,South,64
valid,997,valid,64_0255.wav,spk_64_0128,South,64
valid,998,valid,64_0256.wav,spk_64_0129,South,64
valid,999,valid,65_0129.wav,spk_65_0100,South,65
valid,1000,valid,65_0160.wav,spk_65_0128,South,65
valid,1001,valid,65_0194.wav,spk_65_0156,South,65
valid,1002,valid,65_0214.wav,spk_65_0173,South,65
valid,1003,valid,65_0215.wav,spk_65_0173,South,65
valid,1004,valid,65_0216.wav,spk_65_0174,South,65
valid,1005,valid,65_0217.wav,spk_65_0174,South,65
valid,1006,valid,65_0218.wav,spk_65_0175,South,65
valid,1007,valid,65_0219.wav,spk_65_0176,South,65
valid,1008,valid,65_0220.wav,spk_65_0176,South,65
valid,1009,valid,65_0221.wav,spk_65_0177,South,65
valid,1010,valid,65_0222.wav,spk_65_0178,South,65
valid,1011,valid,65_0223.wav,spk_65_0179,South,65
valid,1012,valid,65_0224.wav,spk_65_0180,South,65
valid,1013,valid,65_0225.wav,spk_65_0181,South,65
valid,1014,valid,65_0226.wav,spk_65_0182,South,65
valid,1015,valid,65_0227.wav,spk_65_0183,South,65
valid,1016,valid,65_0228.wav,spk_65_0184,South,65
valid,1017,valid,65_0229.wav,spk_65_0185,South,65
valid,1018,valid,65_0230.wav,spk_65_0186,South,65
valid,1019,valid,65_0231.wav,spk_65_0187,South,65
valid,1020,valid,65_0232.wav,spk_65_0187,South,65
valid,1021,valid,65_0233.wav,spk_65_0188,South,65
valid,1022,valid,65_0234.wav,spk_65_0189,South,65
valid,1023,valid,65_0235.wav,spk_65_0190,South,65
valid,1024,valid,65_0236.wav,spk_65_0191,South,65
valid,1025,valid,66_0199.wav,spk_66_0145,South,66
valid,1026,valid,66_0203.wav,spk_66_0147,South,66
valid,1027,valid,66_0204.wav,spk_66_0147,South,66
valid,1028,valid,66_0221.wav,spk_66_0159,South,66
valid,1029,valid,66_0222.wav,spk_66_0159,South,66
valid,1030,valid,66_0223.wav,spk_66_0160,South,66
valid,1031,valid,66_0224.wav,spk_66_0160,South,66
valid,1032,valid,66_0225.wav,spk_66_0161,South,66
valid,1033,valid,66_0226.wav,spk_66_0162,South,66
valid,1034,valid,66_0227.wav,spk_66_0163,South,66
valid,1035,valid,66_0228.wav,spk_66_0164,South,66
valid,1036,valid,66_0229.wav,spk_66_0164,South,66
valid,1037,valid,66_0230.wav,spk_66_0165,South,66
valid,1038,valid,66_0231.wav,spk_66_0166,South,66
valid,1039,valid,66_0232.wav,spk_66_0167,South,66
valid,1040,valid,66_0233.wav,spk_66_0168,South,66
valid,1041,valid,66_0235.wav,spk_66_0170,South,66
valid,1042,valid,66_0237.wav,spk_66_0172,South,66
valid,1043,valid,66_0238.wav,spk_66_0173,South,66
valid,1044,valid,66_0239.wav,spk_66_0173,South,66
valid,1045,valid,66_0240.wav,spk_66_0174,South,66
valid,1046,valid,66_0241.wav,spk_66_0174,South,66
valid,1047,valid,66_0242.wav,spk_66_0175,South,66
valid,1048,valid,66_0243.wav,spk_66_0175,South,66
valid,1049,valid,66_0244.wav,spk_66_0175,South,66
valid,1050,valid,66_0245.wav,spk_66_0176,South,66
valid,1051,valid,66_0246.wav,spk_66_0176,South,66
valid,1052,valid,66_0247.wav,spk_66_0177,South,66
valid,1053,valid,67_0209.wav,spk_67_0109,South,67
valid,1054,valid,67_0210.wav,spk_67_0109,South,67
valid,1055,valid,67_0211.wav,spk_67_0109,South,67
valid,1056,valid,67_0224.wav,spk_67_0113,South,67
valid,1057,valid,67_0225.wav,spk_67_0113,South,67
valid,1058,valid,67_0226.wav,spk_67_0113,South,67
valid,1059,valid,67_0227.wav,spk_67_0113,South,67
valid,1060,valid,67_0228.wav,spk_67_0113,South,67
valid,1061,valid,67_0229.wav,spk_67_0114,South,67
valid,1062,valid,67_0230.wav,spk_67_0114,South,67
valid,1063,valid,67_0231.wav,spk_67_0114,South,67
valid,1064,valid,67_0232.wav,spk_67_0114,South,67
valid,1065,valid,67_0233.wav,spk_67_0115,South,67
valid,1066,valid,67_0234.wav,spk_67_0115,South,67
valid,1067,valid,67_0235.wav,spk_67_0115,South,67
valid,1068,valid,67_0236.wav,spk_67_0116,South,67
valid,1069,valid,67_0237.wav,spk_67_0116,South,67
valid,1070,valid,67_0238.wav,spk_67_0116,South,67
valid,1071,valid,67_0239.wav,spk_67_0117,South,67
valid,1072,valid,67_0240.wav,spk_67_0117,South,67
valid,1073,valid,67_0241.wav,spk_67_0117,South,67
valid,1074,valid,67_0242.wav,spk_67_0117,South,67
valid,1075,valid,67_0243.wav,spk_67_0117,South,67
valid,1076,valid,67_0244.wav,spk_67_0118,South,67
valid,1077,valid,67_0245.wav,spk_67_0118,South,67
valid,1078,valid,67_0246.wav,spk_67_0118,South,67
valid,1079,valid,67_0247.wav,spk_67_0118,South,67
valid,1080,valid,67_0248.wav,spk_67_0118,South,67
valid,1081,valid,67_0249.wav,spk_67_0119,South,67
valid,1082,valid,67_0250.wav,spk_67_0119,South,67
valid,1083,valid,67_0253.wav,spk_67_0122,South,67
valid,1084,valid,67_0254.wav,spk_67_0122,South,67
valid,1085,valid,67_0255.wav,spk_67_0122,South,67
valid,1086,valid,67_0256.wav,spk_67_0122,South,67
valid,1087,valid,68_0210.wav,spk_68_0090,South,68
valid,1088,valid,68_0211.wav,spk_68_0090,South,68
valid,1089,valid,68_0212.wav,spk_68_0090,South,68
valid,1090,valid,68_0224.wav,spk_68_0095,South,68
valid,1091,valid,68_0225.wav,spk_68_0096,South,68
valid,1092,valid,68_0226.wav,spk_68_0097,South,68
valid,1093,valid,68_0227.wav,spk_68_0097,South,68
valid,1094,valid,68_0228.wav,spk_68_0097,South,68
valid,1095,valid,68_0229.wav,spk_68_0098,South,68
valid,1096,valid,68_0230.wav,spk_68_0099,South,68
valid,1097,valid,68_0231.wav,spk_68_0100,South,68
valid,1098,valid,68_0232.wav,spk_68_0100,South,68
valid,1099,valid,68_0233.wav,spk_68_0100,South,68
valid,1100,valid,68_0234.wav,spk_68_0101,South,68
valid,1101,valid,68_0235.wav,spk_68_0101,South,68
valid,1102,valid,68_0236.wav,spk_68_0102,South,68
valid,1103,valid,68_0237.wav,spk_68_0102,South,68
valid,1104,valid,68_0238.wav,spk_68_0102,South,68
valid,1105,valid,68_0239.wav,spk_68_0102,South,68
valid,1106,valid,68_0240.wav,spk_68_0102,South,68
valid,1107,valid,68_0241.wav,spk_68_0102,South,68
valid,1108,valid,68_0242.wav,spk_68_0103,South,68
valid,1109,valid,68_0243.wav,spk_68_0103,South,68
valid,1110,valid,68_0244.wav,spk_68_0104,South,68
valid,1111,valid,68_0245.wav,spk_68_0104,South,68
valid,1112,valid,68_0246.wav,spk_68_0104,South,68
valid,1113,valid,69_0232.wav,spk_69_0169,South,69
valid,1114,valid,69_0233.wav,spk_69_0170,South,69
valid,1115,valid,69_0234.wav,spk_69_0171,South,69
valid,1116,valid,69_0235.wav,spk_69_0172,South,69
valid,1117,valid,69_0238.wav,spk_69_0174,South,69
valid,1118,valid,69_0239.wav,spk_69_0174,South,69
valid,1119,valid,69_0240.wav,spk_69_0175,South,69
valid,1120,valid,69_0241.wav,spk_69_0175,South,69
valid,1121,valid,69_0242.wav,spk_69_0176,South,69
valid,1122,valid,69_0243.wav,spk_69_0176,South,69
valid,1123,valid,69_0247.wav,spk_69_0180,South,69
valid,1124,valid,69_0248.wav,spk_69_0181,South,69
valid,1125,valid,69_0249.wav,spk_69_0181,South,69
valid,1126,valid,69_0250.wav,spk_69_0182,South,69
valid,1127,valid,69_0251.wav,spk_69_0183,South,69
valid,1128,valid,69_0252.wav,spk_69_0183,South,69
valid,1129,valid,69_0253.wav,spk_69_0184,South,69
valid,1130,valid,69_0254.wav,spk_69_0184,South,69
valid,1131,valid,69_0255.wav,spk_69_0185,South,69
valid,1132,valid,69_0256.wav,spk_69_0186,South,69
valid,1133,valid,69_0257.wav,spk_69_0187,South,69
valid,1134,valid,69_0258.wav,spk_69_0188,South,69
valid,1135,valid,69_0259.wav,spk_69_0188,South,69
valid,1136,valid,69_0269.wav,spk_69_0193,South,69
valid,1137,valid,69_0274.wav,spk_69_0197,South,69
valid,1138,valid,69_0276.wav,spk_69_0199,South,69
valid,1139,valid,69_0277.wav,spk_69_0199,South,69
valid,1140,valid,69_0281.wav,spk_69_0202,South,69
valid,1141,valid,69_0282.wav,spk_69_0202,South,69
valid,1142,valid,70_0218.wav,spk_70_0110,South,70
valid,1143,valid,70_0219.wav,spk_70_0110,South,70
valid,1144,valid,70_0221.wav,spk_70_0112,South,70
valid,1145,valid,70_0222.wav,spk_70_0112,South,70
valid,1146,valid,70_0223.wav,spk_70_0113,South,70
valid,1147,valid,70_0224.wav,spk_70_0113,South,70
valid,1148,valid,70_0225.wav,spk_70_0113,South,70
valid,1149,valid,70_0249.wav,spk_70_0128,South,70
valid,1150,valid,70_0250.wav,spk_70_0128,South,70
valid,1151,valid,70_0251.wav,spk_70_0129,South,70
valid,1152,valid,70_0252.wav,spk_70_0130,South,70
valid,1153,valid,70_0253.wav,spk_70_0131,South,70
valid,1154,valid,70_0254.wav,spk_70_0131,South,70
valid,1155,valid,70_0255.wav,spk_70_0131,South,70
valid,1156,valid,70_0256.wav,spk_70_0132,South,70
valid,1157,valid,70_0257.wav,spk_70_0132,South,70
valid,1158,valid,70_0258.wav,spk_70_0133,South,70
valid,1159,valid,70_0259.wav,spk_70_0133,South,70
valid,1160,valid,70_0260.wav,spk_70_0134,South,70
valid,1161,valid,70_0261.wav,spk_70_0134,South,70
valid,1162,valid,70_0262.wav,spk_70_0135,South,70
valid,1163,valid,70_0263.wav,spk_70_0136,South,70
valid,1164,valid,70_0264.wav,spk_70_0137,South,70
valid,1165,valid,70_0265.wav,spk_70_0138,South,70
valid,1166,valid,70_0266.wav,spk_70_0139,South,70
valid,1167,valid,70_0267.wav,spk_70_0139,South,70
valid,1168,valid,70_0268.wav,spk_70_0140,South,70
valid,1169,valid,70_0269.wav,spk_70_0140,South,70
valid,1170,valid,70_0270.wav,spk_70_0141,South,70
valid,1171,valid,70_0271.wav,spk_70_0142,South,70
valid,1172,valid,70_0272.wav,spk_70_0143,South,70
valid,1173,valid,71_0220.wav,spk_71_0107,South,71
valid,1174,valid,71_0221.wav,spk_71_0107,South,71
valid,1175,valid,71_0226.wav,spk_71_0110,South,71
valid,1176,valid,71_0227.wav,spk_71_0110,South,71
valid,1177,valid,71_0233.wav,spk_71_0113,South,71
valid,1178,valid,71_0234.wav,spk_71_0113,South,71
valid,1179,valid,71_0235.wav,spk_71_0113,South,71
valid,1180,valid,71_0236.wav,spk_71_0114,South,71
valid,1181,valid,71_0240.wav,spk_71_0118,South,71
valid,1182,valid,71_0241.wav,spk_71_0119,South,71
valid,1183,valid,71_0242.wav,spk_71_0119,South,71
valid,1184,valid,71_0243.wav,spk_71_0120,South,71
valid,1185,valid,71_0244.wav,spk_71_0120,South,71
valid,1186,valid,71_0245.wav,spk_71_0120,South,71
valid,1187,valid,71_0246.wav,spk_71_0121,South,71
valid,1188,valid,71_0247.wav,spk_71_0122,South,71
valid,1189,valid,71_0248.wav,spk_71_0122,South,71
valid,1190,valid,71_0249.wav,spk_71_0123,South,71
valid,1191,valid,71_0250.wav,spk_71_0124,South,71
valid,1192,valid,71_0251.wav,spk_71_0125,South,71
valid,1193,valid,71_0252.wav,spk_71_0125,South,71
valid,1194,valid,71_0253.wav,spk_71_0125,South,71
valid,1195,valid,71_0254.wav,spk_71_0125,South,71
valid,1196,valid,71_0255.wav,spk_71_0125,South,71
valid,1197,valid,71_0256.wav,spk_71_0126,South,71
valid,1198,valid,71_0257.wav,spk_71_0126,South,71
valid,1199,valid,71_0258.wav,spk_71_0126,South,71
valid,1200,valid,72_0243.wav,spk_72_0214,South,72
valid,1201,valid,72_0246.wav,spk_72_0217,South,72
valid,1202,valid,72_0247.wav,spk_72_0218,South,72
valid,1203,valid,72_0259.wav,spk_72_0228,South,72
valid,1204,valid,72_0260.wav,spk_72_0229,South,72
valid,1205,valid,72_0261.wav,spk_72_0229,South,72
valid,1206,valid,72_0262.wav,spk_72_0230,South,72
valid,1207,valid,72_0263.wav,spk_72_0231,South,72
valid,1208,valid,72_0264.wav,spk_72_0231,South,72
valid,1209,valid,72_0265.wav,spk_72_0232,South,72
valid,1210,valid,72_0266.wav,spk_72_0233,South,72
valid,1211,valid,72_0267.wav,spk_72_0234,South,72
valid,1212,valid,72_0268.wav,spk_72_0235,South,72
valid,1213,valid,72_0269.wav,spk_72_0236,South,72
valid,1214,valid,72_0270.wav,spk_72_0237,South,72
valid,1215,valid,72_0271.wav,spk_72_0237,South,72
valid,1216,valid,72_0272.wav,spk_72_0238,South,72
valid,1217,valid,72_0273.wav,spk_72_0239,South,72
valid,1218,valid,72_0274.wav,spk_72_0240,South,72
valid,1219,valid,72_0275.wav,spk_72_0241,South,72
valid,1220,valid,72_0276.wav,spk_72_0242,South,72
valid,1221,valid,72_0277.wav,spk_72_0243,South,72
valid,1222,valid,72_0278.wav,spk_72_0244,South,72
valid,1223,valid,72_0279.wav,spk_72_0245,South,72
valid,1224,valid,72_0280.wav,spk_72_0245,South,72
valid,1225,valid,72_0281.wav,spk_72_0246,South,72
valid,1226,valid,72_0282.wav,spk_72_0247,South,72
valid,1227,valid,72_0283.wav,spk_72_0247,South,72
valid,1228,valid,72_0285.wav,spk_72_0249,South,72
valid,1229,valid,72_0286.wav,spk_72_0250,South,72
valid,1230,valid,72_0287.wav,spk_72_0251,South,72
valid,1231,valid,72_0290.wav,spk_72_0254,South,72
valid,1232,valid,72_0293.wav,spk_72_0257,South,72
valid,1233,valid,73_0247.wav,spk_73_0149,Central,73
valid,1234,valid,73_0248.wav,spk_73_0149,Central,73
valid,1235,valid,73_0249.wav,spk_73_0149,Central,73
valid,1236,valid,73_0250.wav,spk_73_0150,Central,73
valid,1237,valid,73_0251.wav,spk_73_0150,Central,73
valid,1238,valid,73_0259.wav,spk_73_0155,Central,73
valid,1239,valid,73_0267.wav,spk_73_0160,Central,73
valid,1240,valid,73_0271.wav,spk_73_0164,Central,73
valid,1241,valid,73_0289.wav,spk_73_0172,Central,73
valid,1242,valid,73_0290.wav,spk_73_0172,Central,73
valid,1243,valid,73_0291.wav,spk_73_0173,Central,73
valid,1244,valid,73_0292.wav,spk_73_0173,Central,73
valid,1245,valid,73_0293.wav,spk_73_0174,Central,73
valid,1246,valid,73_0294.wav,spk_73_0175,Central,73
valid,1247,valid,73_0295.wav,spk_73_0176,Central,73
valid,1248,valid,73_0296.wav,spk_73_0177,Central,73
valid,1249,valid,73_0297.wav,spk_73_0177,Central,73
valid,1250,valid,73_0298.wav,spk_73_0177,Central,73
valid,1251,valid,73_0299.wav,spk_73_0178,Central,73
valid,1252,valid,73_0300.wav,spk_73_0179,Central,73
valid,1253,valid,73_0301.wav,spk_73_0180,Central,73
valid,1254,valid,73_0302.wav,spk_73_0181,Central,73
valid,1255,valid,73_0303.wav,spk_73_0182,Central,73
valid,1256,valid,73_0304.wav,spk_73_0183,Central,73
valid,1257,valid,73_0305.wav,spk_73_0184,Central,73
valid,1258,valid,73_0306.wav,spk_73_0185,Central,73
valid,1259,valid,73_0309.wav,spk_73_0186,Central,73
valid,1260,valid,73_0312.wav,spk_73_0189,Central,73
valid,1261,valid,73_0313.wav,spk_73_0189,Central,73
valid,1262,valid,74_0229.wav,spk_74_0112,Central,74
valid,1263,valid,74_0230.wav,spk_74_0112,Central,74
valid,1264,valid,74_0231.wav,spk_74_0112,Central,74
valid,1265,valid,74_0237.wav,spk_74_0117,Central,74
valid,1266,valid,74_0238.wav,spk_74_0118,Central,74
valid,1267,valid,74_0239.wav,spk_74_0119,Central,74
valid,1268,valid,74_0240.wav,spk_74_0120,Central,74
valid,1269,valid,74_0241.wav,spk_74_0121,Central,74
valid,1270,valid,74_0242.wav,spk_74_0121,Central,74
valid,1271,valid,74_0243.wav,spk_74_0122,Central,74
valid,1272,valid,74_0244.wav,spk_74_0122,Central,74
valid,1273,valid,74_0245.wav,spk_74_0122,Central,74
valid,1274,valid,74_0246.wav,spk_74_0123,Central,74
valid,1275,valid,74_0249.wav,spk_74_0125,Central,74
valid,1276,valid,74_0250.wav,spk_74_0125,Central,74
valid,1277,valid,74_0251.wav,spk_74_0126,Central,74
valid,1278,valid,74_0252.wav,spk_74_0126,Central,74
valid,1279,valid,74_0253.wav,spk_74_0127,Central,74
valid,1280,valid,74_0254.wav,spk_74_0127,Central,74
valid,1281,valid,74_0255.wav,spk_74_0127,Central,74
valid,1282,valid,74_0256.wav,spk_74_0128,Central,74
valid,1283,valid,74_0257.wav,spk_74_0128,Central,74
valid,1284,valid,74_0258.wav,spk_74_0128,Central,74
valid,1285,valid,74_0259.wav,spk_74_0128,Central,74
valid,1286,valid,74_0260.wav,spk_74_0129,Central,74
valid,1287,valid,74_0261.wav,spk_74_0130,Central,74
valid,1288,valid,74_0262.wav,spk_74_0130,Central,74
valid,1289,valid,74_0263.wav,spk_74_0130,Central,74
valid,1290,valid,74_0264.wav,spk_74_0131,Central,74
valid,1291,valid,75_0236.wav,spk_75_0142,Central,75
valid,1292,valid,75_0237.wav,spk_75_0142,Central,75
valid,1293,valid,75_0238.wav,spk_75_0143,Central,75
valid,1294,valid,75_0239.wav,spk_75_0143,Central,75
valid,1295,valid,75_0240.wav,spk_75_0143,Central,75
valid,1296,valid,75_0241.wav,spk_75_0144,Central,75
valid,1297,valid,75_0245.wav,spk_75_0146,Central,75
valid,1298,valid,75_0246.wav,spk_75_0146,Central,75
valid,1299,valid,75_0247.wav,spk_75_0146,Central,75
valid,1300,valid,75_0249.wav,spk_75_0148,Central,75
valid,1301,valid,75_0250.wav,spk_75_0148,Central,75
valid,1302,valid,75_0251.wav,spk_75_0149,Central,75
valid,1303,valid,75_0252.wav,spk_75_0149,Central,75
valid,1304,valid,75_0254.wav,spk_75_0151,Central,75
valid,1305,valid,75_0255.wav,spk_75_0151,Central,75
valid,1306,valid,75_0256.wav,spk_75_0152,Central,75
valid,1307,valid,75_0257.wav,spk_75_0153,Central,75
valid,1308,valid,75_0258.wav,spk_75_0154,Central,75
valid,1309,valid,75_0259.wav,spk_75_0155,Central,75
valid,1310,valid,75_0260.wav,spk_75_0156,Central,75
valid,1311,valid,75_0261.wav,spk_75_0157,Central,75
valid,1312,valid,75_0262.wav,spk_75_0158,Central,75
valid,1313,valid,75_0263.wav,spk_75_0159,Central,75
valid,1314,valid,75_0264.wav,spk_75_0160,Central,75
valid,1315,valid,75_0265.wav,spk_75_0161,Central,75
valid,1316,valid,75_0266.wav,spk_75_0161,Central,75
valid,1317,valid,75_0267.wav,spk_75_0162,Central,75
valid,1318,valid,75_0268.wav,spk_75_0162,Central,75
valid,1319,valid,75_0272.wav,spk_75_0166,Central,75
valid,1320,valid,75_0274.wav,spk_75_0168,Central,75
valid,1321,valid,75_0275.wav,spk_75_0169,Central,75
valid,1322,valid,76_0254.wav,spk_76_0187,Central,76
valid,1323,valid,76_0255.wav,spk_76_0187,Central,76
valid,1324,valid,76_0257.wav,spk_76_0189,Central,76
valid,1325,valid,76_0258.wav,spk_76_0190,Central,76
valid,1326,valid,76_0259.wav,spk_76_0190,Central,76
valid,1327,valid,76_0260.wav,spk_76_0191,Central,76
valid,1328,valid,76_0261.wav,spk_76_0192,Central,76
valid,1329,valid,76_0263.wav,spk_76_0194,Central,76
valid,1330,valid,76_0264.wav,spk_76_0195,Central,76
valid,1331,valid,76_0266.wav,spk_76_0197,Central,76
valid,1332,valid,76_0267.wav,spk_76_0197,Central,76
valid,1333,valid,76_0268.wav,spk_76_0198,Central,76
valid,1334,valid,76_0269.wav,spk_76_0199,Central,76
valid,1335,valid,76_0270.wav,spk_76_0200,Central,76
valid,1336,valid,76_0275.wav,spk_76_0202,Central,76
valid,1337,valid,76_0276.wav,spk_76_0203,Central,76
valid,1338,valid,76_0277.wav,spk_76_0204,Central,76
valid,1339,valid,76_0278.wav,spk_76_0205,Central,76
valid,1340,valid,76_0279.wav,spk_76_0205,Central,76
valid,1341,valid,76_0280.wav,spk_76_0206,Central,76
valid,1342,valid,76_0281.wav,spk_76_0207,Central,76
valid,1343,valid,76_0282.wav,spk_76_0208,Central,76
valid,1344,valid,76_0283.wav,spk_76_0209,Central,76
valid,1345,valid,76_0284.wav,spk_76_0210,Central,76
valid,1346,valid,76_0285.wav,spk_76_0211,Central,76
valid,1347,valid,76_0286.wav,spk_76_0212,Central,76
valid,1348,valid,76_0287.wav,spk_76_0213,Central,76
valid,1349,valid,76_0291.wav,spk_76_0216,Central,76
valid,1350,valid,76_0295.wav,spk_76_0219,Central,76
valid,1351,valid,76_0298.wav,spk_76_0222,Central,76
valid,1352,valid,76_0302.wav,spk_76_0226,Central,76
valid,1353,valid,76_0303.wav,spk_76_0227,Central,76
valid,1354,valid,77_0233.wav,spk_77_0132,Central,77
valid,1355,valid,77_0234.wav,spk_77_0133,Central,77
valid,1356,valid,77_0235.wav,spk_77_0133,Central,77
valid,1357,valid,77_0236.wav,spk_77_0133,Central,77
valid,1358,valid,77_0237.wav,spk_77_0134,Central,77
valid,1359,valid,77_0238.wav,spk_77_0134,Central,77
valid,1360,valid,77_0239.wav,spk_77_0134,Central,77
valid,1361,valid,77_0243.wav,spk_77_0137,Central,77
valid,1362,valid,77_0244.wav,spk_77_0138,Central,77
valid,1363,valid,77_0245.wav,spk_77_0138,Central,77
valid,1364,valid,77_0246.wav,spk_77_0138,Central,77
valid,1365,valid,77_0247.wav,spk_77_0139,Central,77
valid,1366,valid,77_0248.wav,spk_77_0140,Central,77
valid,1367,valid,77_0249.wav,spk_77_0141,Central,77
valid,1368,valid,77_0250.wav,spk_77_0142,Central,77
valid,1369,valid,77_0251.wav,spk_77_0143,Central,77
valid,1370,valid,77_0252.wav,spk_77_0143,Central,77
valid,1371,valid,77_0253.wav,spk_77_0143,Central,77
valid,1372,valid,77_0258.wav,spk_77_0145,Central,77
valid,1373,valid,77_0259.wav,spk_77_0145,Central,77
valid,1374,valid,77_0262.wav,spk_77_0148,Central,77
valid,1375,valid,77_0263.wav,spk_77_0149,Central,77
valid,1376,valid,77_0264.wav,spk_77_0149,Central,77
valid,1377,valid,77_0265.wav,spk_77_0150,Central,77
valid,1378,valid,77_0266.wav,spk_77_0151,Central,77
valid,1379,valid,77_0267.wav,spk_77_0151,Central,77
valid,1380,valid,77_0268.wav,spk_77_0151,Central,77
valid,1381,valid,77_0269.wav,spk_77_0152,Central,77
valid,1382,valid,77_0270.wav,spk_77_0153,Central,77
valid,1383,valid,77_0271.wav,spk_77_0153,Central,77
valid,1384,valid,77_0272.wav,spk_77_0153,Central,77
valid,1385,valid,77_0273.wav,spk_77_0153,Central,77
valid,1386,valid,77_0274.wav,spk_77_0153,Central,77
valid,1387,valid,77_0275.wav,spk_77_0154,Central,77
valid,1388,valid,77_0276.wav,spk_77_0154,Central,77
valid,1389,valid,77_0291.wav,spk_77_0161,Central,77
valid,1390,valid,77_0292.wav,spk_77_0161,Central,77
valid,1391,valid,77_0293.wav,spk_77_0161,Central,77
valid,1392,valid,78_0235.wav,spk_78_0187,Central,78
valid,1393,valid,78_0236.wav,spk_78_0188,Central,78
valid,1394,valid,78_0237.wav,spk_78_0189,Central,78
valid,1395,valid,78_0244.wav,spk_78_0196,Central,78
valid,1396,valid,78_0247.wav,spk_78_0199,Central,78
valid,1397,valid,78_0248.wav,spk_78_0199,Central,78
valid,1398,valid,78_0249.wav,spk_78_0199,Central,78
valid,1399,valid,78_0250.wav,spk_78_0200,Central,78
valid,1400,valid,78_0251.wav,spk_78_0201,Central,78
valid,1401,valid,78_0252.wav,spk_78_0202,Central,78
valid,1402,valid,78_0253.wav,spk_78_0203,Central,78
valid,1403,valid,78_0254.wav,spk_78_0204,Central,78
valid,1404,valid,78_0255.wav,spk_78_0205,Central,78
valid,1405,valid,78_0256.wav,spk_78_0206,Central,78
valid,1406,valid,78_0257.wav,spk_78_0207,Central,78
valid,1407,valid,78_0258.wav,spk_78_0208,Central,78
valid,1408,valid,78_0259.wav,spk_78_0209,Central,78
valid,1409,valid,78_0260.wav,spk_78_0210,Central,78
valid,1410,valid,78_0261.wav,spk_78_0211,Central,78
valid,1411,valid,78_0262.wav,spk_78_0212,Central,78
valid,1412,valid,78_0263.wav,spk_78_0212,Central,78
valid,1413,valid,78_0264.wav,spk_78_0213,Central,78
valid,1414,valid,78_0265.wav,spk_78_0214,Central,78
valid,1415,valid,78_0266.wav,spk_78_0215,Central,78
valid,1416,valid,78_0267.wav,spk_78_0216,Central,78
valid,1417,valid,78_0268.wav,spk_78_0217,Central,78
valid,1418,valid,78_0269.wav,spk_78_0218,Central,78
valid,1419,valid,78_0270.wav,spk_78_0219,Central,78
valid,1420,valid,78_0271.wav,spk_78_0220,Central,78
valid,1421,valid,78_0272.wav,spk_78_0221,Central,78
valid,1422,valid,78_0274.wav,spk_78_0223,Central,78
valid,1423,valid,79_0176.wav,spk_79_0113,Central,79
valid,1424,valid,79_0177.wav,spk_79_0113,Central,79
valid,1425,valid,79_0181.wav,spk_79_0116,Central,79
valid,1426,valid,79_0192.wav,spk_79_0123,Central,79
valid,1427,valid,79_0198.wav,spk_79_0129,Central,79
valid,1428,valid,79_0199.wav,spk_79_0130,Central,79
valid,1429,valid,79_0236.wav,spk_79_0152,Central,79
valid,1430,valid,79_0237.wav,spk_79_0152,Central,79
valid,1431,valid,79_0238.wav,spk_79_0153,Central,79
valid,1432,valid,79_0239.wav,spk_79_0153,Central,79
valid,1433,valid,79_0240.wav,spk_79_0154,Central,79
valid,1434,valid,79_0241.wav,spk_79_0155,Central,79
valid,1435,valid,79_0242.wav,spk_79_0156,Central,79
valid,1436,valid,79_0243.wav,spk_79_0156,Central,79
valid,1437,valid,79_0244.wav,spk_79_0157,Central,79
valid,1438,valid,79_0245.wav,spk_79_0158,Central,79
valid,1439,valid,79_0246.wav,spk_79_0158,Central,79
valid,1440,valid,79_0247.wav,spk_79_0159,Central,79
valid,1441,valid,79_0248.wav,spk_79_0160,Central,79
valid,1442,valid,79_0249.wav,spk_79_0160,Central,79
valid,1443,valid,79_0250.wav,spk_79_0161,Central,79
valid,1444,valid,79_0251.wav,spk_79_0162,Central,79
valid,1445,valid,79_0252.wav,spk_79_0162,Central,79
valid,1446,valid,79_0254.wav,spk_79_0164,Central,79
valid,1447,valid,79_0255.wav,spk_79_0164,Central,79
valid,1448,valid,79_0256.wav,spk_79_0165,Central,79
valid,1449,valid,81_0253.wav,spk_81_0213,Central,81
valid,1450,valid,81_0254.wav,spk_81_0213,Central,81
valid,1451,valid,81_0255.wav,spk_81_0214,Central,81
valid,1452,valid,81_0256.wav,spk_81_0215,Central,81
valid,1453,valid,81_0257.wav,spk_81_0216,Central,81
valid,1454,valid,81_0258.wav,spk_81_0216,Central,81
valid,1455,valid,81_0259.wav,spk_81_0217,Central,81
valid,1456,valid,81_0260.wav,spk_81_0218,Central,81
valid,1457,valid,81_0261.wav,spk_81_0219,Central,81
valid,1458,valid,81_0262.wav,spk_81_0219,Central,81
valid,1459,valid,81_0263.wav,spk_81_0220,Central,81
valid,1460,valid,81_0264.wav,spk_81_0221,Central,81
valid,1461,valid,81_0265.wav,spk_81_0222,Central,81
valid,1462,valid,81_0266.wav,spk_81_0223,Central,81
valid,1463,valid,81_0267.wav,spk_81_0224,Central,81
valid,1464,valid,81_0268.wav,spk_81_0225,Central,81
valid,1465,valid,81_0269.wav,spk_81_0226,Central,81
valid,1466,valid,81_0270.wav,spk_81_0227,Central,81
valid,1467,valid,81_0271.wav,spk_81_0227,Central,81
valid,1468,valid,81_0272.wav,spk_81_0228,Central,81
valid,1469,valid,81_0276.wav,spk_81_0232,Central,81
valid,1470,valid,81_0278.wav,spk_81_0234,Central,81
valid,1471,valid,81_0279.wav,spk_81_0235,Central,81
valid,1472,valid,81_0280.wav,spk_81_0236,Central,81
valid,1473,valid,81_0282.wav,spk_81_0238,Central,81
valid,1474,valid,81_0283.wav,spk_81_0239,Central,81
valid,1475,valid,81_0284.wav,spk_81_0240,Central,81
valid,1476,valid,81_0285.wav,spk_81_0241,Central,81
valid,1477,valid,81_0286.wav,spk_81_0241,Central,81
valid,1478,valid,82_0220.wav,spk_82_0134,Central,82
valid,1479,valid,82_0221.wav,spk_82_0134,Central,82
valid,1480,valid,82_0222.wav,spk_82_0135,Central,82
valid,1481,valid,82_0223.wav,spk_82_0135,Central,82
valid,1482,valid,82_0224.wav,spk_82_0136,Central,82
valid,1483,valid,82_0225.wav,spk_82_0137,Central,82
valid,1484,valid,82_0232.wav,spk_82_0143,Central,82
valid,1485,valid,82_0248.wav,spk_82_0154,Central,82
valid,1486,valid,82_0249.wav,spk_82_0155,Central,82
valid,1487,valid,82_0250.wav,spk_82_0155,Central,82
valid,1488,valid,82_0251.wav,spk_82_0156,Central,82
valid,1489,valid,82_0252.wav,spk_82_0157,Central,82
valid,1490,valid,82_0253.wav,spk_82_0157,Central,82
valid,1491,valid,82_0256.wav,spk_82_0159,Central,82
valid,1492,valid,82_0257.wav,spk_82_0159,Central,82
valid,1493,valid,82_0258.wav,spk_82_0159,Central,82
valid,1494,valid,82_0259.wav,spk_82_0159,Central,82
valid,1495,valid,82_0260.wav,spk_82_0159,Central,82
valid,1496,valid,82_0261.wav,spk_82_0160,Central,82
valid,1497,valid,82_0262.wav,spk_82_0160,Central,82
valid,1498,valid,82_0263.wav,spk_82_0161,Central,82
valid,1499,valid,82_0264.wav,spk_82_0161,Central,82
valid,1500,valid,82_0265.wav,spk_82_0162,Central,82
valid,1501,valid,82_0266.wav,spk_82_0163,Central,82
valid,1502,valid,82_0267.wav,spk_82_0164,Central,82
valid,1503,valid,82_0268.wav,spk_82_0165,Central,82
valid,1504,valid,82_0269.wav,spk_82_0165,Central,82
valid,1505,valid,82_0270.wav,spk_82_0166,Central,82
valid,1506,valid,82_0271.wav,spk_82_0167,Central,82
valid,1507,valid,82_0272.wav,spk_82_0168,Central,82
valid,1508,valid,82_0273.wav,spk_82_0168,Central,82
valid,1509,valid,82_0274.wav,spk_82_0169,Central,82
valid,1510,valid,83_0180.wav,spk_83_0091,South,83
valid,1511,valid,83_0192.wav,spk_83_0096,South,83
valid,1512,valid,83_0204.wav,spk_83_0104,South,83
valid,1513,valid,83_0221.wav,spk_83_0112,South,83
valid,1514,valid,83_0222.wav,spk_83_0112,South,83
valid,1515,valid,83_0223.wav,spk_83_0112,South,83
valid,1516,valid,83_0224.wav,spk_83_0113,South,83
valid,1517,valid,83_0225.wav,spk_83_0113,South,83
valid,1518,valid,83_0226.wav,spk_83_0113,South,83
valid,1519,valid,83_0227.wav,spk_83_0114,South,83
valid,1520,valid,83_0228.wav,spk_83_0114,South,83
valid,1521,valid,83_0229.wav,spk_83_0114,South,83
valid,1522,valid,83_0230.wav,spk_83_0115,South,83
valid,1523,valid,83_0231.wav,spk_83_0115,South,83
valid,1524,valid,83_0232.wav,spk_83_0116,South,83
valid,1525,valid,83_0233.wav,spk_83_0116,South,83
valid,1526,valid,83_0234.wav,spk_83_0116,South,83
valid,1527,valid,83_0235.wav,spk_83_0116,South,83
valid,1528,valid,83_0236.wav,spk_83_0117,South,83
valid,1529,valid,83_0237.wav,spk_83_0117,South,83
valid,1530,valid,83_0238.wav,spk_83_0117,South,83
valid,1531,valid,83_0239.wav,spk_83_0117,South,83
valid,1532,valid,83_0240.wav,spk_83_0117,South,83
valid,1533,valid,83_0241.wav,spk_83_0117,South,83
valid,1534,valid,83_0242.wav,spk_83_0117,South,83
valid,1535,valid,83_0243.wav,spk_83_0117,South,83
valid,1536,valid,84_0199.wav,spk_84_0106,South,84
valid,1537,valid,84_0200.wav,spk_84_0106,South,84
valid,1538,valid,84_0201.wav,spk_84_0106,South,84
valid,1539,valid,84_0202.wav,spk_84_0106,South,84
valid,1540,valid,84_0203.wav,spk_84_0106,South,84
valid,1541,valid,84_0223.wav,spk_84_0113,South,84
valid,1542,valid,84_0224.wav,spk_84_0113,South,84
valid,1543,valid,84_0237.wav,spk_84_0117,South,84
valid,1544,valid,84_0238.wav,spk_84_0117,South,84
valid,1545,valid,84_0239.wav,spk_84_0117,South,84
valid,1546,valid,84_0240.wav,spk_84_0117,South,84
valid,1547,valid,84_0241.wav,spk_84_0118,South,84
valid,1548,valid,84_0242.wav,spk_84_0118,South,84
valid,1549,valid,84_0243.wav,spk_84_0118,South,84
valid,1550,valid,84_0244.wav,spk_84_0118,South,84
valid,1551,valid,84_0245.wav,spk_84_0119,South,84
valid,1552,valid,84_0246.wav,spk_84_0119,South,84
valid,1553,valid,84_0247.wav,spk_84_0119,South,84
valid,1554,valid,84_0248.wav,spk_84_0119,South,84
valid,1555,valid,84_0249.wav,spk_84_0120,South,84
valid,1556,valid,84_0250.wav,spk_84_0120,South,84
valid,1557,valid,84_0251.wav,spk_84_0121,South,84
valid,1558,valid,84_0252.wav,spk_84_0121,South,84
valid,1559,valid,84_0253.wav,spk_84_0121,South,84
valid,1560,valid,84_0254.wav,spk_84_0121,South,84
valid,1561,valid,84_0257.wav,spk_84_0123,South,84
valid,1562,valid,84_0258.wav,spk_84_0123,South,84
valid,1563,valid,84_0259.wav,spk_84_0123,South,84
valid,1564,valid,85_0211.wav,spk_85_0149,Central,85
valid,1565,valid,85_0212.wav,spk_85_0150,Central,85
valid,1566,valid,85_0213.wav,spk_85_0150,Central,85
valid,1567,valid,85_0241.wav,spk_85_0173,Central,85
valid,1568,valid,85_0245.wav,spk_85_0176,Central,85
valid,1569,valid,85_0252.wav,spk_85_0182,Central,85
valid,1570,valid,85_0253.wav,spk_85_0182,Central,85
valid,1571,valid,85_0254.wav,spk_85_0183,Central,85
valid,1572,valid,85_0255.wav,spk_85_0184,Central,85
valid,1573,valid,85_0256.wav,spk_85_0185,Central,85
valid,1574,valid,85_0257.wav,spk_85_0186,Central,85
valid,1575,valid,85_0258.wav,spk_85_0187,Central,85
valid,1576,valid,85_0259.wav,spk_85_0188,Central,85
valid,1577,valid,85_0260.wav,spk_85_0188,Central,85
valid,1578,valid,85_0261.wav,spk_85_0189,Central,85
valid,1579,valid,85_0262.wav,spk_85_0190,Central,85
valid,1580,valid,85_0263.wav,spk_85_0191,Central,85
valid,1581,valid,85_0264.wav,spk_85_0191,Central,85
valid,1582,valid,85_0265.wav,spk_85_0192,Central,85
valid,1583,valid,85_0266.wav,spk_85_0193,Central,85
valid,1584,valid,85_0267.wav,spk_85_0194,Central,85
valid,1585,valid,85_0268.wav,spk_85_0195,Central,85
valid,1586,valid,85_0269.wav,spk_85_0196,Central,85
valid,1587,valid,85_0270.wav,spk_85_0196,Central,85
valid,1588,valid,85_0271.wav,spk_85_0197,Central,85
valid,1589,valid,85_0272.wav,spk_85_0197,Central,85
valid,1590,valid,85_0273.wav,spk_85_0198,Central,85
valid,1591,valid,85_0274.wav,spk_85_0198,Central,85
valid,1592,valid,85_0275.wav,spk_85_0199,Central,85
valid,1593,valid,85_0276.wav,spk_85_0200,Central,85
valid,1594,valid,85_0277.wav,spk_85_0201,Central,85
valid,1595,valid,85_0278.wav,spk_85_0202,Central,85
valid,1596,valid,85_0279.wav,spk_85_0203,Central,85
valid,1597,valid,85_0280.wav,spk_85_0204,Central,85
valid,1598,valid,86_0256.wav,spk_86_0170,Central,86
valid,1599,valid,86_0257.wav,spk_86_0170,Central,86
valid,1600,valid,86_0262.wav,spk_86_0172,Central,86
valid,1601,valid,86_0263.wav,spk_86_0172,Central,86
valid,1602,valid,86_0264.wav,spk_86_0173,Central,86
valid,1603,valid,86_0265.wav,spk_86_0174,Central,86
valid,1604,valid,86_0266.wav,spk_86_0175,Central,86
valid,1605,valid,86_0267.wav,spk_86_0176,Central,86
valid,1606,valid,86_0268.wav,spk_86_0176,Central,86
valid,1607,valid,86_0269.wav,spk_86_0176,Central,86
valid,1608,valid,86_0273.wav,spk_86_0179,Central,86
valid,1609,valid,86_0274.wav,spk_86_0180,Central,86
valid,1610,valid,86_0280.wav,spk_86_0183,Central,86
valid,1611,valid,86_0281.wav,spk_86_0184,Central,86
valid,1612,valid,86_0282.wav,spk_86_0185,Central,86
valid,1613,valid,86_0283.wav,spk_86_0186,Central,86
valid,1614,valid,86_0284.wav,spk_86_0186,Central,86
valid,1615,valid,86_0285.wav,spk_86_0187,Central,86
valid,1616,valid,86_0286.wav,spk_86_0188,Central,86
valid,1617,valid,86_0287.wav,spk_86_0189,Central,86
valid,1618,valid,86_0288.wav,spk_86_0189,Central,86
valid,1619,valid,86_0289.wav,spk_86_0190,Central,86
valid,1620,valid,86_0291.wav,spk_86_0192,Central,86
valid,1621,valid,86_0293.wav,spk_86_0194,Central,86
valid,1622,valid,86_0295.wav,spk_86_0196,Central,86
valid,1623,valid,86_0297.wav,spk_86_0198,Central,86
valid,1624,valid,86_0298.wav,spk_86_0199,Central,86
valid,1625,valid,86_0299.wav,spk_86_0200,Central,86
valid,1626,valid,86_0300.wav,spk_86_0200,Central,86
valid,1627,valid,86_0303.wav,spk_86_0202,Central,86
valid,1628,valid,88_0199.wav,spk_88_0158,North,88
valid,1629,valid,88_0204.wav,spk_88_0162,North,88
valid,1630,valid,88_0206.wav,spk_88_0164,North,88
valid,1631,valid,88_0207.wav,spk_88_0165,North,88
valid,1632,valid,88_0208.wav,spk_88_0165,North,88
valid,1633,valid,88_0211.wav,spk_88_0167,North,88
valid,1634,valid,88_0215.wav,spk_88_0171,North,88
valid,1635,valid,88_0224.wav,spk_88_0178,North,88
valid,1636,valid,88_0225.wav,spk_88_0178,North,88
valid,1637,valid,88_0226.wav,spk_88_0179,North,88
valid,1638,valid,88_0227.wav,spk_88_0180,North,88
valid,1639,valid,88_0228.wav,spk_88_0180,North,88
valid,1640,valid,88_0229.wav,spk_88_0181,North,88
valid,1641,valid,88_0230.wav,spk_88_0181,North,88
valid,1642,valid,88_0231.wav,spk_88_0182,North,88
valid,1643,valid,88_0232.wav,spk_88_0183,North,88
valid,1644,valid,88_0233.wav,spk_88_0184,North,88
valid,1645,valid,88_0234.wav,spk_88_0184,North,88
valid,1646,valid,88_0235.wav,spk_88_0185,North,88
valid,1647,valid,88_0236.wav,spk_88_0186,North,88
valid,1648,valid,88_0238.wav,spk_88_0188,North,88
valid,1649,valid,88_0239.wav,spk_88_0189,North,88
valid,1650,valid,88_0240.wav,spk_88_0189,North,88
valid,1651,valid,89_0202.wav,spk_89_0153,North,89
valid,1652,valid,89_0203.wav,spk_89_0154,North,89
valid,1653,valid,89_0207.wav,spk_89_0157,North,89
valid,1654,valid,89_0208.wav,spk_89_0158,North,89
valid,1655,valid,89_0209.wav,spk_89_0159,North,89
valid,1656,valid,89_0210.wav,spk_89_0159,North,89
valid,1657,valid,89_0211.wav,spk_89_0160,North,89
valid,1658,valid,89_0220.wav,spk_89_0168,North,89
valid,1659,valid,89_0221.wav,spk_89_0169,North,89
valid,1660,valid,89_0231.wav,spk_89_0177,North,89
valid,1661,valid,89_0232.wav,spk_89_0177,North,89
valid,1662,valid,89_0233.wav,spk_89_0178,North,89
valid,1663,valid,89_0234.wav,spk_89_0178,North,89
valid,1664,valid,89_0235.wav,spk_89_0179,North,89
valid,1665,valid,89_0236.wav,spk_89_0180,North,89
valid,1666,valid,89_0237.wav,spk_89_0181,North,89
valid,1667,valid,89_0239.wav,spk_89_0183,North,89
valid,1668,valid,89_0240.wav,spk_89_0183,North,89
valid,1669,valid,89_0241.wav,spk_89_0183,North,89
valid,1670,valid,89_0242.wav,spk_89_0184,North,89
valid,1671,valid,89_0243.wav,spk_89_0184,North,89
valid,1672,valid,89_0244.wav,spk_89_0185,North,89
valid,1673,valid,89_0245.wav,spk_89_0186,North,89
valid,1674,valid,89_0250.wav,spk_89_0191,North,89
valid,1675,valid,89_0251.wav,spk_89_0191,North,89
valid,1676,valid,89_0252.wav,spk_89_0191,North,89
valid,1677,valid,90_0212.wav,spk_90_0170,North,90
valid,1678,valid,90_0213.wav,spk_90_0171,North,90
valid,1679,valid,90_0215.wav,spk_90_0173,North,90
valid,1680,valid,90_0217.wav,spk_90_0175,North,90
valid,1681,valid,90_0218.wav,spk_90_0176,North,90
valid,1682,valid,90_0219.wav,spk_90_0177,North,90
valid,1683,valid,90_0221.wav,spk_90_0179,North,90
valid,1684,valid,90_0222.wav,spk_90_0180,North,90
valid,1685,valid,90_0223.wav,spk_90_0180,North,90
valid,1686,valid,90_0224.wav,spk_90_0180,North,90
valid,1687,valid,90_0225.wav,spk_90_0180,North,90
valid,1688,valid,90_0226.wav,spk_90_0180,North,90
valid,1689,valid,90_0227.wav,spk_90_0181,North,90
valid,1690,valid,90_0228.wav,spk_90_0182,North,90
valid,1691,valid,90_0229.wav,spk_90_0183,North,90
valid,1692,valid,90_0230.wav,spk_90_0184,North,90
valid,1693,valid,90_0231.wav,spk_90_0185,North,90
valid,1694,valid,90_0232.wav,spk_90_0186,North,90
valid,1695,valid,90_0233.wav,spk_90_0187,North,90
valid,1696,valid,90_0234.wav,spk_90_0188,North,90
valid,1697,valid,90_0235.wav,spk_90_0189,North,90
valid,1698,valid,90_0236.wav,spk_90_0190,North,90
valid,1699,valid,90_0238.wav,spk_90_0192,North,90
valid,1700,valid,90_0239.wav,spk_90_0192,North,90
valid,1701,valid,90_0240.wav,spk_90_0193,North,90
valid,1702,valid,90_0241.wav,spk_90_0194,North,90
valid,1703,valid,90_0242.wav,spk_90_0195,North,90
valid,1704,valid,90_0245.wav,spk_90_0197,North,90
valid,1705,valid,90_0248.wav,spk_90_0199,North,90
valid,1706,valid,90_0249.wav,spk_90_0200,North,90
valid,1707,valid,90_0250.wav,spk_90_0201,North,90
valid,1708,valid,92_0188.wav,spk_92_0127,Central,92
valid,1709,valid,92_0189.wav,spk_92_0127,Central,92
valid,1710,valid,92_0190.wav,spk_92_0128,Central,92
valid,1711,valid,92_0191.wav,spk_92_0128,Central,92
valid,1712,valid,92_0192.wav,spk_92_0128,Central,92
valid,1713,valid,92_0196.wav,spk_92_0132,Central,92
valid,1714,valid,92_0197.wav,spk_92_0132,Central,92
valid,1715,valid,92_0208.wav,spk_92_0139,Central,92
valid,1716,valid,92_0218.wav,spk_92_0145,Central,92
valid,1717,valid,92_0248.wav,spk_92_0162,Central,92
valid,1718,valid,92_0249.wav,spk_92_0162,Central,92
valid,1719,valid,92_0250.wav,spk_92_0163,Central,92
valid,1720,valid,92_0251.wav,spk_92_0164,Central,92
valid,1721,valid,92_0252.wav,spk_92_0165,Central,92
valid,1722,valid,92_0253.wav,spk_92_0165,Central,92
valid,1723,valid,92_0254.wav,spk_92_0165,Central,92
valid,1724,valid,92_0255.wav,spk_92_0165,Central,92
valid,1725,valid,92_0256.wav,spk_92_0166,Central,92
valid,1726,valid,92_0257.wav,spk_92_0167,Central,92
valid,1727,valid,92_0258.wav,spk_92_0167,Central,92
valid,1728,valid,92_0259.wav,spk_92_0168,Central,92
valid,1729,valid,92_0260.wav,spk_92_0169,Central,92
valid,1730,valid,92_0261.wav,spk_92_0169,Central,92
valid,1731,valid,92_0262.wav,spk_92_0170,Central,92
valid,1732,valid,92_0263.wav,spk_92_0171,Central,92
valid,1733,valid,92_0264.wav,spk_92_0171,Central,92
valid,1734,valid,92_0265.wav,spk_92_0171,Central,92
valid,1735,valid,92_0266.wav,spk_92_0172,Central,92
valid,1736,valid,92_0267.wav,spk_92_0173,Central,92
valid,1737,valid,92_0268.wav,spk_92_0174,Central,92
valid,1738,valid,92_0269.wav,spk_92_0174,Central,92
valid,1739,valid,93_0256.wav,spk_93_0163,South,93
valid,1740,valid,93_0260.wav,spk_93_0167,South,93
valid,1741,valid,93_0261.wav,spk_93_0167,South,93
valid,1742,valid,93_0264.wav,spk_93_0170,South,93
valid,1743,valid,93_0265.wav,spk_93_0171,South,93
valid,1744,valid,93_0266.wav,spk_93_0172,South,93
valid,1745,valid,93_0267.wav,spk_93_0172,South,93
valid,1746,valid,93_0268.wav,spk_93_0173,South,93
valid,1747,valid,93_0269.wav,spk_93_0174,South,93
valid,1748,valid,93_0270.wav,spk_93_0175,South,93
valid,1749,valid,93_0271.wav,spk_93_0176,South,93
valid,1750,valid,93_0272.wav,spk_93_0177,South,93
valid,1751,valid,93_0273.wav,spk_93_0178,South,93
valid,1752,valid,93_0274.wav,spk_93_0179,South,93
valid,1753,valid,93_0275.wav,spk_93_0180,South,93
valid,1754,valid,93_0276.wav,spk_93_0181,South,93
valid,1755,valid,93_0277.wav,spk_93_0182,South,93
valid,1756,valid,93_0278.wav,spk_93_0183,South,93
valid,1757,valid,93_0279.wav,spk_93_0184,South,93
valid,1758,valid,93_0280.wav,spk_93_0185,South,93
valid,1759,valid,93_0281.wav,spk_93_0186,South,93
valid,1760,valid,93_0282.wav,spk_93_0187,South,93
valid,1761,valid,93_0283.wav,spk_93_0188,South,93
valid,1762,valid,93_0289.wav,spk_93_0192,South,93
valid,1763,valid,94_0223.wav,spk_94_0072,South,94
valid,1764,valid,94_0224.wav,spk_94_0072,South,94
valid,1765,valid,94_0225.wav,spk_94_0073,South,94
valid,1766,valid,94_0226.wav,spk_94_0073,South,94
valid,1767,valid,94_0227.wav,spk_94_0073,South,94
valid,1768,valid,94_0228.wav,spk_94_0074,South,94
valid,1769,valid,94_0229.wav,spk_94_0074,South,94
valid,1770,valid,94_0230.wav,spk_94_0074,South,94
valid,1771,valid,94_0231.wav,spk_94_0074,South,94
valid,1772,valid,94_0232.wav,spk_94_0075,South,94
valid,1773,valid,94_0233.wav,spk_94_0075,South,94
valid,1774,valid,94_0234.wav,spk_94_0075,South,94
valid,1775,valid,94_0235.wav,spk_94_0075,South,94
valid,1776,valid,94_0236.wav,spk_94_0075,South,94
valid,1777,valid,94_0237.wav,spk_94_0076,South,94
valid,1778,valid,94_0238.wav,spk_94_0076,South,94
valid,1779,valid,94_0239.wav,spk_94_0076,South,94
valid,1780,valid,94_0240.wav,spk_94_0076,South,94
valid,1781,valid,94_0241.wav,spk_94_0076,South,94
valid,1782,valid,94_0242.wav,spk_94_0077,South,94
valid,1783,valid,94_0243.wav,spk_94_0077,South,94
valid,1784,valid,95_0241.wav,spk_95_0190,South,95
valid,1785,valid,95_0242.wav,spk_95_0191,South,95
valid,1786,valid,95_0244.wav,spk_95_0193,South,95
valid,1787,valid,95_0245.wav,spk_95_0194,South,95
valid,1788,valid,95_0246.wav,spk_95_0195,South,95
valid,1789,valid,95_0247.wav,spk_95_0195,South,95
valid,1790,valid,95_0248.wav,spk_95_0195,South,95
valid,1791,valid,95_0249.wav,spk_95_0196,South,95
valid,1792,valid,95_0250.wav,spk_95_0197,South,95
valid,1793,valid,95_0255.wav,spk_95_0201,South,95
valid,1794,valid,95_0256.wav,spk_95_0201,South,95
valid,1795,valid,95_0257.wav,spk_95_0202,South,95
valid,1796,valid,95_0258.wav,spk_95_0203,South,95
valid,1797,valid,95_0259.wav,spk_95_0204,South,95
valid,1798,valid,95_0260.wav,spk_95_0204,South,95
valid,1799,valid,95_0261.wav,spk_95_0205,South,95
valid,1800,valid,95_0262.wav,spk_95_0205,South,95
valid,1801,valid,95_0263.wav,spk_95_0205,South,95
valid,1802,valid,95_0264.wav,spk_95_0206,South,95
valid,1803,valid,95_0265.wav,spk_95_0207,South,95
valid,1804,valid,95_0266.wav,spk_95_0208,South,95
valid,1805,valid,95_0267.wav,spk_95_0209,South,95
valid,1806,valid,95_0268.wav,spk_95_0210,South,95
valid,1807,valid,95_0269.wav,spk_95_0211,South,95
valid,1808,valid,95_0270.wav,spk_95_0212,South,95
valid,1809,valid,95_0271.wav,spk_95_0213,South,95
valid,1810,valid,95_0272.wav,spk_95_0214,South,95
valid,1811,valid,95_0273.wav,spk_95_0215,South,95
valid,1812,valid,95_0274.wav,spk_95_0216,South,95
valid,1813,valid,95_0275.wav,spk_95_0217,South,95
valid,1814,valid,95_0276.wav,spk_95_0218,South,95
valid,1815,valid,95_0277.wav,spk_95_0219,South,95
valid,1816,valid,95_0282.wav,spk_95_0224,South,95
valid,1817,valid,95_0284.wav,spk_95_0226,South,95
valid,1818,valid,97_0229.wav,spk_97_0168,North,97
valid,1819,valid,97_0230.wav,spk_97_0168,North,97
valid,1820,valid,97_0231.wav,spk_97_0169,North,97
valid,1821,valid,97_0232.wav,spk_97_0170,North,97
valid,1822,valid,97_0233.wav,spk_97_0171,North,97
valid,1823,valid,97_0235.wav,spk_97_0173,North,97
valid,1824,valid,97_0236.wav,spk_97_0173,North,97
valid,1825,valid,97_0237.wav,spk_97_0174,North,97
valid,1826,valid,97_0238.wav,spk_97_0175,North,97
valid,1827,valid,97_0239.wav,spk_97_0176,North,97
valid,1828,valid,97_0240.wav,spk_97_0176,North,97
valid,1829,valid,97_0241.wav,spk_97_0177,North,97
valid,1830,valid,97_0242.wav,spk_97_0178,North,97
valid,1831,valid,97_0243.wav,spk_97_0179,North,97
valid,1832,valid,97_0244.wav,spk_97_0180,North,97
valid,1833,valid,97_0245.wav,spk_97_0181,North,97
valid,1834,valid,97_0246.wav,spk_97_0182,North,97
valid,1835,valid,97_0247.wav,spk_97_0182,North,97
valid,1836,valid,97_0248.wav,spk_97_0183,North,97
valid,1837,valid,97_0249.wav,spk_97_0183,North,97
valid,1838,valid,97_0250.wav,spk_97_0184,North,97
valid,1839,valid,97_0251.wav,spk_97_0184,North,97
valid,1840,valid,97_0252.wav,spk_97_0185,North,97
valid,1841,valid,97_0253.wav,spk_97_0186,North,97
valid,1842,valid,97_0254.wav,spk_97_0186,North,97
valid,1843,valid,97_0255.wav,spk_97_0187,North,97
valid,1844,valid,97_0256.wav,spk_97_0187,North,97
valid,1845,valid,97_0257.wav,spk_97_0188,North,97
valid,1846,valid,98_0215.wav,spk_98_0169,North,98
valid,1847,valid,98_0219.wav,spk_98_0172,North,98
valid,1848,valid,98_0220.wav,spk_98_0172,North,98
valid,1849,valid,98_0221.wav,spk_98_0172,North,98
valid,1850,valid,98_0222.wav,spk_98_0173,North,98
valid,1851,valid,98_0223.wav,spk_98_0174,North,98
valid,1852,valid,98_0224.wav,spk_98_0174,North,98
valid,1853,valid,98_0225.wav,spk_98_0175,North,98
valid,1854,valid,98_0226.wav,spk_98_0175,North,98
valid,1855,valid,98_0227.wav,spk_98_0176,North,98
valid,1856,valid,98_0228.wav,spk_98_0177,North,98
valid,1857,valid,98_0229.wav,spk_98_0178,North,98
valid,1858,valid,98_0230.wav,spk_98_0178,North,98
valid,1859,valid,98_0231.wav,spk_98_0178,North,98
valid,1860,valid,98_0232.wav,spk_98_0179,North,98
valid,1861,valid,98_0233.wav,spk_98_0180,North,98
valid,1862,valid,98_0234.wav,spk_98_0180,North,98
valid,1863,valid,98_0235.wav,spk_98_0181,North,98
valid,1864,valid,98_0236.wav,spk_98_0182,North,98
valid,1865,valid,98_0237.wav,spk_98_0182,North,98
valid,1866,valid,98_0238.wav,spk_98_0182,North,98
valid,1867,valid,98_0239.wav,spk_98_0182,North,98
valid,1868,valid,98_0240.wav,spk_98_0182,North,98
valid,1869,valid,98_0241.wav,spk_98_0182,North,98
valid,1870,valid,98_0242.wav,spk_98_0183,North,98
valid,1871,valid,98_0244.wav,spk_98_0185,North,98
valid,1872,valid,98_0247.wav,spk_98_0188,North,98
valid,1873,valid,99_0217.wav,spk_99_0147,North,99
valid,1874,valid,99_0220.wav,spk_99_0149,North,99
valid,1875,valid,99_0223.wav,spk_99_0152,North,99
valid,1876,valid,99_0224.wav,spk_99_0152,North,99
valid,1877,valid,99_0226.wav,spk_99_0154,North,99
valid,1878,valid,99_0227.wav,spk_99_0154,North,99
valid,1879,valid,99_0228.wav,spk_99_0155,North,99
valid,1880,valid,99_0229.wav,spk_99_0156,North,99
valid,1881,valid,99_0230.wav,spk_99_0157,North,99
valid,1882,valid,99_0231.wav,spk_99_0158,North,99
valid,1883,valid,99_0232.wav,spk_99_0159,North,99
valid,1884,valid,99_0233.wav,spk_99_0160,North,99
valid,1885,valid,99_0234.wav,spk_99_0160,North,99
valid,1886,valid,99_0235.wav,spk_99_0161,North,99
valid,1887,valid,99_0236.wav,spk_99_0162,North,99
valid,1888,valid,99_0237.wav,spk_99_0162,North,99
valid,1889,valid,99_0238.wav,spk_99_0163,North,99
valid,1890,valid,99_0239.wav,spk_99_0164,North,99
valid,1891,valid,99_0240.wav,spk_99_0165,North,99
valid,1892,valid,99_0241.wav,spk_99_0166,North,99
valid,1893,valid,99_0242.wav,spk_99_0166,North,99
valid,1894,valid,99_0243.wav,spk_99_0167,North,99
valid,1895,valid,99_0244.wav,spk_99_0168,North,99
valid,1896,valid,99_0245.wav,spk_99_0169,North,99
valid,1897,valid,99_0246.wav,spk_99_0170,North,99
valid,1898,valid,99_0253.wav,spk_99_0176,North,99
valid,1899,valid,99_0257.wav,spk_99_0179,North,99
test,0,test,11_0307.wav,spk_11_0142,North,11
test,1,test,11_0308.wav,spk_11_0143,North,11
test,2,test,11_0309.wav,spk_11_0143,North,11
test,3,test,11_0310.wav,spk_11_0143,North,11
test,4,test,11_0311.wav,spk_11_0143,North,11
test,5,test,11_0312.wav,spk_11_0144,North,11
test,6,test,11_0313.wav,spk_11_0144,North,11
test,7,test,11_0314.wav,spk_11_0144,North,11
test,8,test,11_0325.wav,spk_11_0148,North,11
test,9,test,11_0326.wav,spk_11_0148,North,11
test,10,test,11_0327.wav,spk_11_0148,North,11
test,11,test,11_0334.wav,spk_11_0151,North,11
test,12,test,11_0335.wav,spk_11_0151,North,11
test,13,test,11_0336.wav,spk_11_0151,North,11
test,14,test,11_0337.wav,spk_11_0152,North,11
test,15,test,11_0338.wav,spk_11_0152,North,11
test,16,test,11_0339.wav,spk_11_0152,North,11
test,17,test,11_0340.wav,spk_11_0153,North,11
test,18,test,11_0341.wav,spk_11_0153,North,11
test,19,test,11_0342.wav,spk_11_0154,North,11
test,20,test,11_0343.wav,spk_11_0154,North,11
test,21,test,11_0344.wav,spk_11_0154,North,11
test,22,test,11_0345.wav,spk_11_0155,North,11
test,23,test,11_0346.wav,spk_11_0155,North,11
test,24,test,11_0347.wav,spk_11_0155,North,11
test,25,test,11_0348.wav,spk_11_0156,North,11
test,26,test,11_0349.wav,spk_11_0156,North,11
test,27,test,11_0350.wav,spk_11_0156,North,11
test,28,test,11_0351.wav,spk_11_0157,North,11
test,29,test,11_0352.wav,spk_11_0157,North,11
test,30,test,11_0353.wav,spk_11_0157,North,11
test,31,test,11_0354.wav,spk_11_0158,North,11
test,32,test,11_0355.wav,spk_11_0158,North,11
test,33,test,11_0356.wav,spk_11_0158,North,11
test,34,test,11_0357.wav,spk_11_0158,North,11
test,35,test,12_0240.wav,spk_12_0141,North,12
test,36,test,12_0241.wav,spk_12_0141,North,12
test,37,test,12_0242.wav,spk_12_0142,North,12
test,38,test,12_0243.wav,spk_12_0142,North,12
test,39,test,12_0256.wav,spk_12_0150,North,12
test,40,test,12_0277.wav,spk_12_0163,North,12
test,41,test,12_0278.wav,spk_12_0163,North,12
test,42,test,12_0279.wav,spk_12_0163,North,12
test,43,test,12_0280.wav,spk_12_0163,North,12
test,44,test,12_0281.wav,spk_12_0163,North,12
test,45,test,12_0282.wav,spk_12_0164,North,12
test,46,test,12_0283.wav,spk_12_0164,North,12
test,47,test,12_0284.wav,spk_12_0164,North,12
test,48,test,12_0285.wav,spk_12_0164,North,12
test,49,test,12_0286.wav,spk_12_0164,North,12
test,50,test,12_0287.wav,spk_12_0165,North,12
test,51,test,12_0288.wav,spk_12_0165,North,12
test,52,test,12_0289.wav,spk_12_0165,North,12
test,53,test,12_0290.wav,spk_12_0165,North,12
test,54,test,12_0291.wav,spk_12_0165,North,12
test,55,test,12_0292.wav,spk_12_0165,North,12
test,56,test,12_0293.wav,spk_12_0165,North,12
test,57,test,12_0294.wav,spk_12_0166,North,12
test,58,test,12_0295.wav,spk_12_0167,North,12
test,59,test,12_0296.wav,spk_12_0167,North,12
test,60,test,12_0297.wav,spk_12_0168,North,12
test,61,test,12_0298.wav,spk_12_0169,North,12
test,62,test,12_0299.wav,spk_12_0169,North,12
test,63,test,12_0300.wav,spk_12_0169,North,12
test,64,test,12_0301.wav,spk_12_0169,North,12
test,65,test,12_0302.wav,spk_12_0169,North,12
test,66,test,12_0303.wav,spk_12_0170,North,12
test,67,test,12_0304.wav,spk_12_0171,North,12
test,68,test,14_0274.wav,spk_14_0220,North,14
test,69,test,14_0275.wav,spk_14_0221,North,14
test,70,test,14_0276.wav,spk_14_0221,North,14
test,71,test,14_0284.wav,spk_14_0226,North,14
test,72,test,14_0285.wav,spk_14_0227,North,14
test,73,test,14_0286.wav,spk_14_0228,North,14
test,74,test,14_0287.wav,spk_14_0228,North,14
test,75,test,14_0290.wav,spk_14_0230,North,14
test,76,test,14_0291.wav,spk_14_0230,North,14
test,77,test,14_0292.wav,spk_14_0231,North,14
test,78,test,14_0293.wav,spk_14_0231,North,14
test,79,test,14_0294.wav,spk_14_0232,North,14
test,80,test,14_0295.wav,spk_14_0232,North,14
test,81,test,14_0296.wav,spk_14_0232,North,14
test,82,test,14_0297.wav,spk_14_0233,North,14
test,83,test,14_0298.wav,spk_14_0234,North,14
test,84,test,14_0299.wav,spk_14_0235,North,14
test,85,test,14_0300.wav,spk_14_0236,North,14
test,86,test,14_0301.wav,spk_14_0237,North,14
test,87,test,14_0302.wav,spk_14_0238,North,14
test,88,test,14_0303.wav,spk_14_0239,North,14
test,89,test,14_0304.wav,spk_14_0240,North,14
test,90,test,14_0305.wav,spk_14_0241,North,14
test,91,test,14_0306.wav,spk_14_0242,North,14
test,92,test,14_0307.wav,spk_14_0243,North,14
test,93,test,14_0308.wav,spk_14_0243,North,14
test,94,test,14_0309.wav,spk_14_0244,North,14
test,95,test,14_0310.wav,spk_14_0245,North,14
test,96,test,14_0311.wav,spk_14_0246,North,14
test,97,test,14_0312.wav,spk_14_0247,North,14
test,98,test,14_0313.wav,spk_14_0248,North,14
test,99,test,14_0314.wav,spk_14_0249,North,14
test,100,test,14_0315.wav,spk_14_0250,North,14
test,101,test,14_0316.wav,spk_14_0251,North,14
test,102,test,15_0263.wav,spk_15_0193,North,15
test,103,test,15_0264.wav,spk_15_0193,North,15
test,104,test,15_0276.wav,spk_15_0204,North,15
test,105,test,15_0277.wav,spk_15_0205,North,15
test,106,test,15_0278.wav,spk_15_0206,North,15
test,107,test,15_0279.wav,spk_15_0207,North,15
test,108,test,15_0280.wav,spk_15_0208,North,15
test,109,test,15_0281.wav,spk_15_0208,North,15
test,110,test,15_0282.wav,spk_15_0209,North,15
test,111,test,15_0283.wav,spk_15_0210,North,15
test,112,test,15_0284.wav,spk_15_0211,North,15
test,113,test,15_0285.wav,spk_15_0212,North,15
test,114,test,15_0286.wav,spk_15_0213,North,15
test,115,test,15_0287.wav,spk_15_0214,North,15
test,116,test,15_0288.wav,spk_15_0215,North,15
test,117,test,15_0289.wav,spk_15_0216,North,15
test,118,test,15_0290.wav,spk_15_0216,North,15
test,119,test,15_0291.wav,spk_15_0217,North,15
test,120,test,15_0292.wav,spk_15_0217,North,15
test,121,test,15_0293.wav,spk_15_0217,North,15
test,122,test,15_0294.wav,spk_15_0218,North,15
test,123,test,15_0295.wav,spk_15_0218,North,15
test,124,test,15_0296.wav,spk_15_0218,North,15
test,125,test,15_0297.wav,spk_15_0218,North,15
test,126,test,15_0298.wav,spk_15_0219,North,15
test,127,test,15_0299.wav,spk_15_0219,North,15
test,128,test,15_0300.wav,spk_15_0219,North,15
test,129,test,15_0301.wav,spk_15_0220,North,15
test,130,test,15_0302.wav,spk_15_0220,North,15
test,131,test,15_0303.wav,spk_15_0221,North,15
test,132,test,15_0304.wav,spk_15_0222,North,15
test,133,test,15_0305.wav,spk_15_0222,North,15
test,134,test,15_0306.wav,spk_15_0223,North,15
test,135,test,17_0289.wav,spk_17_0263,North,17
test,136,test,17_0294.wav,spk_17_0267,North,17
test,137,test,17_0298.wav,spk_17_0270,North,17
test,138,test,17_0299.wav,spk_17_0271,North,17
test,139,test,17_0300.wav,spk_17_0272,North,17
test,140,test,17_0301.wav,spk_17_0273,North,17
test,141,test,17_0302.wav,spk_17_0274,North,17
test,142,test,17_0303.wav,spk_17_0275,North,17
test,143,test,17_0304.wav,spk_17_0276,North,17
test,144,test,17_0306.wav,spk_17_0278,North,17
test,145,test,17_0307.wav,spk_17_0279,North,17
test,146,test,17_0308.wav,spk_17_0280,North,17
test,147,test,17_0309.wav,spk_17_0281,North,17
test,148,test,17_0310.wav,spk_17_0282,North,17
test,149,test,17_0311.wav,spk_17_0283,North,17
test,150,test,17_0312.wav,spk_17_0284,North,17
test,151,test,17_0313.wav,spk_17_0285,North,17
test,152,test,17_0314.wav,spk_17_0286,North,17
test,153,test,17_0315.wav,spk_17_0287,North,17
test,154,test,17_0316.wav,spk_17_0288,North,17
test,155,test,17_0317.wav,spk_17_0289,North,17
test,156,test,17_0318.wav,spk_17_0290,North,17
test,157,test,17_0319.wav,spk_17_0291,North,17
test,158,test,17_0320.wav,spk_17_0292,North,17
test,159,test,17_0321.wav,spk_17_0293,North,17
test,160,test,17_0322.wav,spk_17_0294,North,17
test,161,test,17_0323.wav,spk_17_0295,North,17
test,162,test,17_0324.wav,spk_17_0295,North,17
test,163,test,17_0325.wav,spk_17_0296,North,17
test,164,test,17_0326.wav,spk_17_0297,North,17
test,165,test,17_0327.wav,spk_17_0298,North,17
test,166,test,17_0328.wav,spk_17_0299,North,17
test,167,test,17_0329.wav,spk_17_0300,North,17
test,168,test,18_0261.wav,spk_18_0131,North,18
test,169,test,18_0262.wav,spk_18_0131,North,18
test,170,test,18_0265.wav,spk_18_0133,North,18
test,171,test,18_0271.wav,spk_18_0137,North,18
test,172,test,18_0274.wav,spk_18_0139,North,18
test,173,test,18_0275.wav,spk_18_0139,North,18
test,174,test,18_0276.wav,spk_18_0139,North,18
test,175,test,18_0277.wav,spk_18_0140,North,18
test,176,test,18_0278.wav,spk_18_0140,North,18
test,177,test,18_0279.wav,spk_18_0141,North,18
test,178,test,18_0280.wav,spk_18_0141,North,18
test,179,test,18_0281.wav,spk_18_0141,North,18
test,180,test,18_0282.wav,spk_18_0142,North,18
test,181,test,18_0283.wav,spk_18_0142,North,18
test,182,test,18_0284.wav,spk_18_0143,North,18
test,183,test,18_0285.wav,spk_18_0144,North,18
test,184,test,18_0286.wav,spk_18_0144,North,18
test,185,test,18_0287.wav,spk_18_0145,North,18
test,186,test,18_0288.wav,spk_18_0145,North,18
test,187,test,18_0289.wav,spk_18_0145,North,18
test,188,test,18_0290.wav,spk_18_0145,North,18
test,189,test,18_0291.wav,spk_18_0145,North,18
test,190,test,18_0292.wav,spk_18_0146,North,18
test,191,test,18_0293.wav,spk_18_0146,North,18
test,192,test,18_0294.wav,spk_18_0147,North,18
test,193,test,18_0295.wav,spk_18_0147,North,18
test,194,test,18_0296.wav,spk_18_0148,North,18
test,195,test,18_0297.wav,spk_18_0148,North,18
test,196,test,18_0298.wav,spk_18_0149,North,18
test,197,test,18_0299.wav,spk_18_0150,North,18
test,198,test,18_0300.wav,spk_18_0150,North,18
test,199,test,19_0261.wav,spk_19_0226,North,19
test,200,test,19_0263.wav,spk_19_0228,North,19
test,201,test,19_0267.wav,spk_19_0232,North,19
test,202,test,19_0273.wav,spk_19_0237,North,19
test,203,test,19_0279.wav,spk_19_0242,North,19
test,204,test,19_0280.wav,spk_19_0242,North,19
test,205,test,19_0287.wav,spk_19_0249,North,19
test,206,test,19_0289.wav,spk_19_0251,North,19
test,207,test,19_0290.wav,spk_19_0251,North,19
test,208,test,19_0291.wav,spk_19_0251,North,19
test,209,test,19_0292.wav,spk_19_0251,North,19
test,210,test,19_0293.wav,spk_19_0252,North,19
test,211,test,19_0294.wav,spk_19_0253,North,19
test,212,test,19_0295.wav,spk_19_0254,North,19
test,213,test,19_0296.wav,spk_19_0255,North,19
test,214,test,19_0297.wav,spk_19_0256,North,19
test,215,test,19_0298.wav,spk_19_0257,North,19
test,216,test,19_0299.wav,spk_19_0258,North,19
test,217,test,19_0300.wav,spk_19_0259,North,19
test,218,test,19_0301.wav,spk_19_0260,North,19
test,219,test,19_0302.wav,spk_19_0261,North,19
test,220,test,19_0303.wav,spk_19_0262,North,19
test,221,test,19_0304.wav,spk_19_0263,North,19
test,222,test,19_0305.wav,spk_19_0264,North,19
test,223,test,19_0306.wav,spk_19_0265,North,19
test,224,test,19_0307.wav,spk_19_0266,North,19
test,225,test,19_0308.wav,spk_19_0267,North,19
test,226,test,19_0309.wav,spk_19_0268,North,19
test,227,test,19_0310.wav,spk_19_0269,North,19
test,228,test,19_0311.wav,spk_19_0270,North,19
test,229,test,19_0312.wav,spk_19_0271,North,19
test,230,test,19_0313.wav,spk_19_0272,North,19
test,231,test,20_0272.wav,spk_20_0196,North,20
test,232,test,20_0273.wav,spk_20_0197,North,20
test,233,test,20_0274.wav,spk_20_0198,North,20
test,234,test,20_0275.wav,spk_20_0198,North,20
test,235,test,20_0278.wav,spk_20_0201,North,20
test,236,test,20_0279.wav,spk_20_0201,North,20
test,237,test,20_0280.wav,spk_20_0202,North,20
test,238,test,20_0281.wav,spk_20_0202,North,20
test,239,test,20_0284.wav,spk_20_0204,North,20
test,240,test,20_0285.wav,spk_20_0205,North,20
test,241,test,20_0286.wav,spk_20_0206,North,20
test,242,test,20_0289.wav,spk_20_0208,North,20
test,243,test,20_0291.wav,spk_20_0210,North,20
test,244,test,20_0292.wav,spk_20_0211,North,20
test,245,test,20_0293.wav,spk_20_0212,North,20
test,246,test,20_0299.wav,spk_20_0217,North,20
test,247,test,20_0300.wav,spk_20_0218,North,20
test,248,test,20_0301.wav,spk_20_0219,North,20
test,249,test,20_0302.wav,spk_20_0219,North,20
test,250,test,20_0303.wav,spk_20_0220,North,20
test,251,test,20_0304.wav,spk_20_0221,North,20
test,252,test,20_0305.wav,spk_20_0222,North,20
test,253,test,20_0306.wav,spk_20_0223,North,20
test,254,test,20_0307.wav,spk_20_0224,North,20
test,255,test,20_0308.wav,spk_20_0225,North,20
test,256,test,20_0309.wav,spk_20_0226,North,20
test,257,test,20_0310.wav,spk_20_0227,North,20
test,258,test,20_0311.wav,spk_20_0228,North,20
test,259,test,20_0312.wav,spk_20_0229,North,20
test,260,test,20_0313.wav,spk_20_0229,North,20
test,261,test,20_0314.wav,spk_20_0230,North,20
test,262,test,21_0257.wav,spk_21_0177,North,21
test,263,test,21_0258.wav,spk_21_0177,North,21
test,264,test,21_0259.wav,spk_21_0178,North,21
test,265,test,21_0260.wav,spk_21_0178,North,21
test,266,test,21_0261.wav,spk_21_0179,North,21
test,267,test,21_0262.wav,spk_21_0179,North,21
test,268,test,21_0263.wav,spk_21_0180,North,21
test,269,test,21_0264.wav,spk_21_0180,North,21
test,270,test,21_0265.wav,spk_21_0181,North,21
test,271,test,21_0266.wav,spk_21_0182,North,21
test,272,test,21_0267.wav,spk_21_0182,North,21
test,273,test,21_0268.wav,spk_21_0182,North,21
test,274,test,21_0269.wav,spk_21_0182,North,21
test,275,test,21_0270.wav,spk_21_0183,North,21
test,276,test,21_0271.wav,spk_21_0184,North,21
test,277,test,21_0272.wav,spk_21_0185,North,21
test,278,test,21_0273.wav,spk_21_0186,North,21
test,279,test,21_0274.wav,spk_21_0187,North,21
test,280,test,21_0275.wav,spk_21_0188,North,21
test,281,test,21_0276.wav,spk_21_0189,North,21
test,282,test,21_0277.wav,spk_21_0190,North,21
test,283,test,21_0278.wav,spk_21_0191,North,21
test,284,test,21_0279.wav,spk_21_0191,North,21
test,285,test,21_0280.wav,spk_21_0191,North,21
test,286,test,21_0281.wav,spk_21_0192,North,21
test,287,test,21_0282.wav,spk_21_0193,North,21
test,288,test,21_0283.wav,spk_21_0194,North,21
test,289,test,21_0284.wav,spk_21_0194,North,21
test,290,test,21_0285.wav,spk_21_0195,North,21
test,291,test,21_0286.wav,spk_21_0196,North,21
test,292,test,21_0287.wav,spk_21_0196,North,21
test,293,test,21_0288.wav,spk_21_0196,North,21
test,294,test,21_0289.wav,spk_21_0196,North,21
test,295,test,22_0253.wav,spk_22_0179,North,22
test,296,test,22_0254.wav,spk_22_0179,North,22
test,297,test,22_0255.wav,spk_22_0180,North,22
test,298,test,22_0256.wav,spk_22_0180,North,22
test,299,test,22_0257.wav,spk_22_0181,North,22
test,300,test,22_0258.wav,spk_22_0181,North,22
test,301,test,22_0259.wav,spk_22_0182,North,22
test,302,test,22_0260.wav,spk_22_0183,North,22
test,303,test,22_0261.wav,spk_22_0183,North,22
test,304,test,22_0262.wav,spk_22_0184,North,22
test,305,test,22_0263.wav,spk_22_0185,North,22
test,306,test,22_0264.wav,spk_22_0185,North,22
test,307,test,22_0265.wav,spk_22_0186,North,22
test,308,test,22_0266.wav,spk_22_0186,North,22
test,309,test,22_0267.wav,spk_22_0187,North,22
test,310,test,22_0268.wav,spk_22_0187,North,22
test,311,test,22_0269.wav,spk_22_0188,North,22
test,312,test,22_0270.wav,spk_22_0188,North,22
test,313,test,22_0271.wav,spk_22_0189,North,22
test,314,test,22_0272.wav,spk_22_0190,North,22
test,315,test,22_0273.wav,spk_22_0191,North,22
test,316,test,22_0274.wav,spk_22_0192,North,22
test,317,test,22_0275.wav,spk_22_0192,North,22
test,318,test,22_0276.wav,spk_22_0193,North,22
test,319,test,22_0277.wav,spk_22_0193,North,22
test,320,test,22_0278.wav,spk_22_0194,North,22
test,321,test,22_0279.wav,spk_22_0194,North,22
test,322,test,22_0280.wav,spk_22_0195,North,22
test,323,test,22_0281.wav,spk_22_0195,North,22
test,324,test,22_0282.wav,spk_22_0195,North,22
test,325,test,22_0283.wav,spk_22_0195,North,22
test,326,test,22_0284.wav,spk_22_0196,North,22
test,327,test,22_0285.wav,spk_22_0197,North,22
test,328,test,22_0286.wav,spk_22_0197,North,22
test,329,test,23_0286.wav,spk_23_0275,North,23
test,330,test,23_0287.wav,spk_23_0275,North,23
test,331,test,23_0288.wav,spk_23_0276,North,23
test,332,test,23_0289.wav,spk_23_0277,North,23
test,333,test,23_0290.wav,spk_23_0277,North,23
test,334,test,23_0291.wav,spk_23_0277,North,23
test,335,test,23_0292.wav,spk_23_0278,North,23
test,336,test,23_0296.wav,spk_23_0282,North,23
test,337,test,23_0297.wav,spk_23_0282,North,23
test,338,test,23_0298.wav,spk_23_0283,North,23
test,339,test,23_0300.wav,spk_23_0285,North,23
test,340,test,23_0304.wav,spk_23_0289,North,23
test,341,test,23_0305.wav,spk_23_0290,North,23
test,342,test,23_0306.wav,spk_23_0291,North,23
test,343,test,23_0307.wav,spk_23_0292,North,23
test,344,test,23_0308.wav,spk_23_0293,North,23
test,345,test,23_0309.wav,spk_23_0294,North,23
test,346,test,23_0310.wav,spk_23_0295,North,23
test,347,test,23_0311.wav,spk_23_0296,North,23
test,348,test,23_0312.wav,spk_23_0297,North,23
test,349,test,23_0313.wav,spk_23_0298,North,23
test,350,test,23_0314.wav,spk_23_0299,North,23
test,351,test,23_0315.wav,spk_23_0300,North,23
test,352,test,23_0316.wav,spk_23_0301,North,23
test,353,test,23_0317.wav,spk_23_0302,North,23
test,354,test,23_0318.wav,spk_23_0303,North,23
test,355,test,23_0319.wav,spk_23_0304,North,23
test,356,test,23_0320.wav,spk_23_0304,North,23
test,357,test,23_0321.wav,spk_23_0305,North,23
test,358,test,23_0322.wav,spk_23_0306,North,23
test,359,test,23_0323.wav,spk_23_0307,North,23
test,360,test,23_0324.wav,spk_23_0308,North,23
test,361,test,23_0325.wav,spk_23_0309,North,23
test,362,test,24_0267.wav,spk_24_0248,North,24
test,363,test,24_0268.wav,spk_24_0249,North,24
test,364,test,24_0273.wav,spk_24_0254,North,24
test,365,test,24_0274.wav,spk_24_0255,North,24
test,366,test,24_0276.wav,spk_24_0257,North,24
test,367,test,24_0281.wav,spk_24_0261,North,24
test,368,test,24_0282.wav,spk_24_0262,North,24
test,369,test,24_0283.wav,spk_24_0262,North,24
test,370,test,24_0284.wav,spk_24_0263,North,24
test,371,test,24_0285.wav,spk_24_0264,North,24
test,372,test,24_0286.wav,spk_24_0265,North,24
test,373,test,24_0287.wav,spk_24_0266,North,24
test,374,test,24_0288.wav,spk_24_0267,North,24
test,375,test,24_0289.wav,spk_24_0268,North,24
test,376,test,24_0290.wav,spk_24_0269,North,24
test,377,test,24_0291.wav,spk_24_0270,North,24
test,378,test,24_0292.wav,spk_24_0271,North,24
test,379,test,24_0293.wav,spk_24_0272,North,24
test,380,test,24_0294.wav,spk_24_0272,North,24
test,381,test,24_0295.wav,spk_24_0272,North,24
test,382,test,24_0296.wav,spk_24_0272,North,24
test,383,test,24_0297.wav,spk_24_0273,North,24
test,384,test,24_0298.wav,spk_24_0274,North,24
test,385,test,24_0299.wav,spk_24_0274,North,24
test,386,test,24_0300.wav,spk_24_0275,North,24
test,387,test,24_0301.wav,spk_24_0275,North,24
test,388,test,24_0302.wav,spk_24_0276,North,24
test,389,test,24_0303.wav,spk_24_0277,North,24
test,390,test,24_0304.wav,spk_24_0278,North,24
test,391,test,24_0305.wav,spk_24_0279,North,24
test,392,test,24_0306.wav,spk_24_0279,North,24
test,393,test,24_0307.wav,spk_24_0280,North,24
test,394,test,24_0308.wav,spk_24_0280,North,24
test,395,test,24_0309.wav,spk_24_0281,North,24
test,396,test,24_0310.wav,spk_24_0282,North,24
test,397,test,24_0311.wav,spk_24_0283,North,24
test,398,test,24_0312.wav,spk_24_0284,North,24
test,399,test,24_0313.wav,spk_24_0285,North,24
test,400,test,25_0261.wav,spk_25_0150,North,25
test,401,test,25_0262.wav,spk_25_0150,North,25
test,402,test,25_0263.wav,spk_25_0151,North,25
test,403,test,25_0269.wav,spk_25_0154,North,25
test,404,test,25_0270.wav,spk_25_0154,North,25
test,405,test,25_0274.wav,spk_25_0157,North,25
test,406,test,25_0275.wav,spk_25_0158,North,25
test,407,test,25_0276.wav,spk_25_0159,North,25
test,408,test,25_0277.wav,spk_25_0160,North,25
test,409,test,25_0278.wav,spk_25_0160,North,25
test,410,test,25_0279.wav,spk_25_0160,North,25
test,411,test,25_0280.wav,spk_25_0161,North,25
test,412,test,25_0281.wav,spk_25_0162,North,25
test,413,test,25_0282.wav,spk_25_0163,North,25
test,414,test,25_0283.wav,spk_25_0164,North,25
test,415,test,25_0284.wav,spk_25_0165,North,25
test,416,test,25_0285.wav,spk_25_0166,North,25
test,417,test,25_0286.wav,spk_25_0166,North,25
test,418,test,25_0287.wav,spk_25_0167,North,25
test,419,test,25_0288.wav,spk_25_0168,North,25
test,420,test,25_0289.wav,spk_25_0168,North,25
test,421,test,25_0290.wav,spk_25_0169,North,25
test,422,test,25_0291.wav,spk_25_0170,North,25
test,423,test,25_0292.wav,spk_25_0170,North,25
test,424,test,25_0293.wav,spk_25_0171,North,25
test,425,test,25_0294.wav,spk_25_0171,North,25
test,426,test,25_0295.wav,spk_25_0172,North,25
test,427,test,26_0273.wav,spk_26_0225,North,26
test,428,test,26_0274.wav,spk_26_0226,North,26
test,429,test,26_0275.wav,spk_26_0227,North,26
test,430,test,26_0276.wav,spk_26_0227,North,26
test,431,test,26_0277.wav,spk_26_0228,North,26
test,432,test,26_0278.wav,spk_26_0228,North,26
test,433,test,26_0279.wav,spk_26_0228,North,26
test,434,test,26_0280.wav,spk_26_0228,North,26
test,435,test,26_0281.wav,spk_26_0229,North,26
test,436,test,26_0282.wav,spk_26_0229,North,26
test,437,test,26_0283.wav,spk_26_0229,North,26
test,438,test,26_0284.wav,spk_26_0229,North,26
test,439,test,26_0285.wav,spk_26_0230,North,26
test,440,test,26_0287.wav,spk_26_0232,North,26
test,441,test,26_0288.wav,spk_26_0232,North,26
test,442,test,26_0289.wav,spk_26_0232,North,26
test,443,test,26_0290.wav,spk_26_0232,North,26
test,444,test,26_0291.wav,spk_26_0233,North,26
test,445,test,26_0292.wav,spk_26_0234,North,26
test,446,test,26_0293.wav,spk_26_0235,North,26
test,447,test,26_0294.wav,spk_26_0235,North,26
test,448,test,26_0295.wav,spk_26_0235,North,26
test,449,test,26_0296.wav,spk_26_0235,North,26
test,450,test,26_0297.wav,spk_26_0236,North,26
test,451,test,26_0298.wav,spk_26_0236,North,26
test,452,test,26_0299.wav,spk_26_0237,North,26
test,453,test,26_0300.wav,spk_26_0237,North,26
test,454,test,26_0301.wav,spk_26_0237,North,26
test,455,test,26_0302.wav,spk_26_0238,North,26
test,456,test,26_0303.wav,spk_26_0239,North,26
test,457,test,26_0304.wav,spk_26_0239,North,26
test,458,test,26_0305.wav,spk_26_0240,North,26
test,459,test,26_0306.wav,spk_26_0241,North,26
test,460,test,26_0307.wav,spk_26_0242,North,26
test,461,test,26_0308.wav,spk_26_0243,North,26
test,462,test,27_0254.wav,spk_27_0171,North,27
test,463,test,27_0257.wav,spk_27_0173,North,27
test,464,test,27_0258.wav,spk_27_0174,North,27
test,465,test,27_0259.wav,spk_27_0175,North,27
test,466,test,27_0260.wav,spk_27_0175,North,27
test,467,test,27_0261.wav,spk_27_0176,North,27
test,468,test,27_0262.wav,spk_27_0176,North,27
test,469,test,27_0263.wav,spk_27_0177,North,27
test,470,test,27_0264.wav,spk_27_0177,North,27
test,471,test,27_0265.wav,spk_27_0178,North,27
test,472,test,27_0266.wav,spk_27_0179,North,27
test,473,test,27_0267.wav,spk_27_0179,North,27
test,474,test,27_0268.wav,spk_27_0179,North,27
test,475,test,27_0269.wav,spk_27_0180,North,27
test,476,test,27_0270.wav,spk_27_0181,North,27
test,477,test,27_0271.wav,spk_27_0182,North,27
test,478,test,27_0272.wav,spk_27_0182,North,27
test,479,test,27_0273.wav,spk_27_0183,North,27
test,480,test,27_0274.wav,spk_27_0184,North,27
test,481,test,27_0275.wav,spk_27_0185,North,27
test,482,test,27_0276.wav,spk_27_0186,North,27
test,483,test,27_0277.wav,spk_27_0187,North,27
test,484,test,27_0278.wav,spk_27_0187,North,27
test,485,test,27_0279.wav,spk_27_0188,North,27
test,486,test,27_0280.wav,spk_27_0189,North,27
test,487,test,27_0281.wav,spk_27_0189,North,27
test,488,test,27_0282.wav,spk_27_0190,North,27
test,489,test,27_0283.wav,spk_27_0191,North,27
test,490,test,28_0250.wav,spk_28_0171,North,28
test,491,test,28_0251.wav,spk_28_0172,North,28
test,492,test,28_0252.wav,spk_28_0172,North,28
test,493,test,28_0253.wav,spk_28_0173,North,28
test,494,test,28_0254.wav,spk_28_0173,North,28
test,495,test,28_0255.wav,spk_28_0174,North,28
test,496,test,28_0256.wav,spk_28_0175,North,28
test,497,test,28_0257.wav,spk_28_0175,North,28
test,498,test,28_0258.wav,spk_28_0176,North,28
test,499,test,28_0259.wav,spk_28_0177,North,28
test,500,test,28_0260.wav,spk_28_0178,North,28
test,501,test,28_0261.wav,spk_28_0178,North,28
test,502,test,28_0262.wav,spk_28_0179,North,28
test,503,test,28_0263.wav,spk_28_0179,North,28
test,504,test,28_0264.wav,spk_28_0180,North,28
test,505,test,28_0265.wav,spk_28_0180,North,28
test,506,test,28_0266.wav,spk_28_0181,North,28
test,507,test,28_0267.wav,spk_28_0181,North,28
test,508,test,28_0268.wav,spk_28_0181,North,28
test,509,test,28_0269.wav,spk_28_0182,North,28
test,510,test,28_0270.wav,spk_28_0182,North,28
test,511,test,28_0271.wav,spk_28_0183,North,28
test,512,test,28_0272.wav,spk_28_0183,North,28
test,513,test,28_0273.wav,spk_28_0184,North,28
test,514,test,28_0274.wav,spk_28_0184,North,28
test,515,test,28_0275.wav,spk_28_0185,North,28
test,516,test,28_0276.wav,spk_28_0185,North,28
test,517,test,28_0277.wav,spk_28_0186,North,28
test,518,test,28_0278.wav,spk_28_0186,North,28
test,519,test,28_0279.wav,spk_28_0187,North,28
test,520,test,28_0280.wav,spk_28_0187,North,28
test,521,test,28_0281.wav,spk_28_0187,North,28
test,522,test,30_0276.wav,spk_30_0171,North,30
test,523,test,30_0277.wav,spk_30_0171,North,30
test,524,test,30_0278.wav,spk_30_0172,North,30
test,525,test,30_0281.wav,spk_30_0174,North,30
test,526,test,30_0282.wav,spk_30_0175,North,30
test,527,test,30_0283.wav,spk_30_0175,North,30
test,528,test,30_0287.wav,spk_30_0177,North,30
test,529,test,30_0288.wav,spk_30_0177,North,30
test,530,test,30_0296.wav,spk_30_0182,North,30
test,531,test,30_0297.wav,spk_30_0182,North,30
test,532,test,30_0298.wav,spk_30_0183,North,30
test,533,test,30_0299.wav,spk_30_0183,North,30
test,534,test,30_0300.wav,spk_30_0184,North,30
test,535,test,30_0301.wav,spk_30_0184,North,30
test,536,test,30_0302.wav,spk_30_0185,North,30
test,537,test,30_0303.wav,spk_30_0185,North,30
test,538,test,30_0304.wav,spk_30_0186,North,30
test,539,test,30_0305.wav,spk_30_0186,North,30
test,540,test,30_0306.wav,spk_30_0186,North,30
test,541,test,30_0307.wav,spk_30_0187,North,30
test,542,test,30_0308.wav,spk_30_0187,North,30
test,543,test,30_0309.wav,spk_30_0187,North,30
test,544,test,30_0310.wav,spk_30_0188,North,30
test,545,test,30_0311.wav,spk_30_0188,North,30
test,546,test,30_0312.wav,spk_30_0189,North,30
test,547,test,30_0313.wav,spk_30_0190,North,30
test,548,test,30_0314.wav,spk_30_0190,North,30
test,549,test,30_0315.wav,spk_30_0190,North,30
test,550,test,30_0316.wav,spk_30_0190,North,30
test,551,test,34_0256.wav,spk_34_0171,North,34
test,552,test,34_0257.wav,spk_34_0172,North,34
test,553,test,34_0258.wav,spk_34_0172,North,34
test,554,test,34_0261.wav,spk_34_0175,North,34
test,555,test,34_0265.wav,spk_34_0178,North,34
test,556,test,34_0266.wav,spk_34_0179,North,34
test,557,test,34_0267.wav,spk_34_0179,North,34
test,558,test,34_0268.wav,spk_34_0180,North,34
test,559,test,34_0269.wav,spk_34_0181,North,34
test,560,test,34_0270.wav,spk_34_0182,North,34
test,561,test,34_0271.wav,spk_34_0183,North,34
test,562,test,34_0272.wav,spk_34_0184,North,34
test,563,test,34_0273.wav,spk_34_0184,North,34
test,564,test,34_0274.wav,spk_34_0185,North,34
test,565,test,34_0275.wav,spk_34_0186,North,34
test,566,test,34_0276.wav,spk_34_0186,North,34
test,567,test,34_0277.wav,spk_34_0187,North,34
test,568,test,34_0278.wav,spk_34_0188,North,34
test,569,test,34_0279.wav,spk_34_0188,North,34
test,570,test,34_0280.wav,spk_34_0189,North,34
test,571,test,34_0281.wav,spk_34_0190,North,34
test,572,test,34_0282.wav,spk_34_0191,North,34
test,573,test,34_0283.wav,spk_34_0192,North,34
test,574,test,34_0284.wav,spk_34_0192,North,34
test,575,test,34_0285.wav,spk_34_0193,North,34
test,576,test,34_0286.wav,spk_34_0194,North,34
test,577,test,34_0287.wav,spk_34_0194,North,34
test,578,test,34_0288.wav,spk_34_0195,North,34
test,579,test,34_0289.wav,spk_34_0196,North,34
test,580,test,34_0290.wav,spk_34_0196,North,34
test,581,test,35_0240.wav,spk_35_0224,North,35
test,582,test,35_0244.wav,spk_35_0228,North,35
test,583,test,35_0245.wav,spk_35_0229,North,35
test,584,test,35_0246.wav,spk_35_0230,North,35
test,585,test,35_0247.wav,spk_35_0231,North,35
test,586,test,35_0248.wav,spk_35_0232,North,35
test,587,test,35_0249.wav,spk_35_0233,North,35
test,588,test,35_0250.wav,spk_35_0234,North,35
test,589,test,35_0251.wav,spk_35_0235,North,35
test,590,test,35_0252.wav,spk_35_0235,North,35
test,591,test,35_0253.wav,spk_35_0236,North,35
test,592,test,35_0254.wav,spk_35_0237,North,35
test,593,test,35_0255.wav,spk_35_0238,North,35
test,594,test,35_0256.wav,spk_35_0239,North,35
test,595,test,35_0257.wav,spk_35_0240,North,35
test,596,test,35_0258.wav,spk_35_0241,North,35
test,597,test,35_0259.wav,spk_35_0242,North,35
test,598,test,35_0260.wav,spk_35_0243,North,35
test,599,test,35_0261.wav,spk_35_0244,North,35
test,600,test,35_0262.wav,spk_35_0245,North,35
test,601,test,35_0263.wav,spk_35_0246,North,35
test,602,test,35_0264.wav,spk_35_0247,North,35
test,603,test,35_0265.wav,spk_35_0248,North,35
test,604,test,35_0266.wav,spk_35_0249,North,35
test,605,test,35_0267.wav,spk_35_0250,North,35
test,606,test,35_0268.wav,spk_35_0250,North,35
test,607,test,36_0233.wav,spk_36_0147,Central,36
test,608,test,36_0234.wav,spk_36_0147,Central,36
test,609,test,36_0235.wav,spk_36_0147,Central,36
test,610,test,36_0243.wav,spk_36_0149,Central,36
test,611,test,36_0248.wav,spk_36_0153,Central,36
test,612,test,36_0252.wav,spk_36_0155,Central,36
test,613,test,36_0278.wav,spk_36_0171,Central,36
test,614,test,36_0279.wav,spk_36_0172,Central,36
test,615,test,36_0280.wav,spk_36_0172,Central,36
test,616,test,36_0281.wav,spk_36_0173,Central,36
test,617,test,36_0282.wav,spk_36_0173,Central,36
test,618,test,36_0283.wav,spk_36_0174,Central,36
test,619,test,36_0284.wav,spk_36_0174,Central,36
test,620,test,36_0285.wav,spk_36_0174,Central,36
test,621,test,36_0286.wav,spk_36_0174,Central,36
test,622,test,36_0287.wav,spk_36_0175,Central,36
test,623,test,36_0288.wav,spk_36_0175,Central,36
test,624,test,36_0289.wav,spk_36_0176,Central,36
test,625,test,36_0290.wav,spk_36_0176,Central,36
test,626,test,36_0291.wav,spk_36_0177,Central,36
test,627,test,36_0292.wav,spk_36_0178,Central,36
test,628,test,36_0293.wav,spk_36_0179,Central,36
test,629,test,36_0294.wav,spk_36_0180,Central,36
test,630,test,36_0295.wav,spk_36_0180,Central,36
test,631,test,36_0296.wav,spk_36_0181,Central,36
test,632,test,36_0297.wav,spk_36_0181,Central,36
test,633,test,36_0298.wav,spk_36_0182,Central,36
test,634,test,36_0299.wav,spk_36_0183,Central,36
test,635,test,36_0300.wav,spk_36_0184,Central,36
test,636,test,37_0300.wav,spk_37_0224,Central,37
test,637,test,37_0301.wav,spk_37_0224,Central,37
test,638,test,37_0302.wav,spk_37_0224,Central,37
test,639,test,37_0306.wav,spk_37_0227,Central,37
test,640,test,37_0320.wav,spk_37_0240,Central,37
test,641,test,37_0326.wav,spk_37_0245,Central,37
test,642,test,37_0327.wav,spk_37_0246,Central,37
test,643,test,37_0328.wav,spk_37_0247,Central,37
test,644,test,37_0329.wav,spk_37_0248,Central,37
test,645,test,37_0330.wav,spk_37_0249,Central,37
test,646,test,37_0331.wav,spk_37_0249,Central,37
test,647,test,37_0332.wav,spk_37_0250,Central,37
test,648,test,37_0333.wav,spk_37_0251,Central,37
test,649,test,37_0334.wav,spk_37_0252,Central,37
test,650,test,37_0335.wav,spk_37_0253,Central,37
test,651,test,37_0336.wav,spk_37_0254,Central,37
test,652,test,37_0337.wav,spk_37_0255,Central,37
test,653,test,37_0338.wav,spk_37_0256,Central,37
test,654,test,37_0339.wav,spk_37_0257,Central,37
test,655,test,37_0340.wav,spk_37_0258,Central,37
test,656,test,37_0341.wav,spk_37_0259,Central,37
test,657,test,37_0342.wav,spk_37_0259,Central,37
test,658,test,37_0343.wav,spk_37_0260,Central,37
test,659,test,37_0344.wav,spk_37_0261,Central,37
test,660,test,37_0345.wav,spk_37_0262,Central,37
test,661,test,37_0346.wav,spk_37_0262,Central,37
test,662,test,37_0347.wav,spk_37_0263,Central,37
test,663,test,37_0348.wav,spk_37_0264,Central,37
test,664,test,37_0349.wav,spk_37_0265,Central,37
test,665,test,37_0350.wav,spk_37_0266,Central,37
test,666,test,37_0351.wav,spk_37_0267,Central,37
test,667,test,37_0352.wav,spk_37_0267,Central,37
test,668,test,37_0353.wav,spk_37_0268,Central,37
test,669,test,37_0354.wav,spk_37_0269,Central,37
test,670,test,37_0355.wav,spk_37_0269,Central,37
test,671,test,37_0356.wav,spk_37_0270,Central,37
test,672,test,37_0357.wav,spk_37_0270,Central,37
test,673,test,37_0358.wav,spk_37_0271,Central,37
test,674,test,37_0359.wav,spk_37_0272,Central,37
test,675,test,37_0360.wav,spk_37_0273,Central,37
test,676,test,37_0361.wav,spk_37_0274,Central,37
test,677,test,37_0362.wav,spk_37_0275,Central,37
test,678,test,37_0363.wav,spk_37_0275,Central,37
test,679,test,38_0267.wav,spk_38_0196,Central,38
test,680,test,38_0274.wav,spk_38_0201,Central,38
test,681,test,38_0275.wav,spk_38_0202,Central,38
test,682,test,38_0276.wav,spk_38_0203,Central,38
test,683,test,38_0277.wav,spk_38_0203,Central,38
test,684,test,38_0278.wav,spk_38_0204,Central,38
test,685,test,38_0279.wav,spk_38_0205,Central,38
test,686,test,38_0280.wav,spk_38_0206,Central,38
test,687,test,38_0281.wav,spk_38_0206,Central,38
test,688,test,38_0282.wav,spk_38_0207,Central,38
test,689,test,38_0283.wav,spk_38_0207,Central,38
test,690,test,38_0284.wav,spk_38_0208,Central,38
test,691,test,38_0285.wav,spk_38_0209,Central,38
test,692,test,38_0286.wav,spk_38_0209,Central,38
test,693,test,38_0287.wav,spk_38_0210,Central,38
test,694,test,38_0288.wav,spk_38_0211,Central,38
test,695,test,38_0289.wav,spk_38_0212,Central,38
test,696,test,38_0290.wav,spk_38_0213,Central,38
test,697,test,38_0291.wav,spk_38_0214,Central,38
test,698,test,38_0292.wav,spk_38_0215,Central,38
test,699,test,38_0293.wav,spk_38_0216,Central,38
test,700,test,38_0294.wav,spk_38_0217,Central,38
test,701,test,38_0295.wav,spk_38_0218,Central,38
test,702,test,38_0296.wav,spk_38_0219,Central,38
test,703,test,38_0297.wav,spk_38_0220,Central,38
test,704,test,38_0298.wav,spk_38_0221,Central,38
test,705,test,38_0299.wav,spk_38_0222,Central,38
test,706,test,38_0300.wav,spk_38_0222,Central,38
test,707,test,38_0301.wav,spk_38_0223,Central,38
test,708,test,38_0302.wav,spk_38_0224,Central,38
test,709,test,38_0303.wav,spk_38_0224,Central,38
test,710,test,38_0304.wav,spk_38_0225,Central,38
test,711,test,38_0305.wav,spk_38_0226,Central,38
test,712,test,43_0303.wav,spk_43_0230,Central,43
test,713,test,43_0304.wav,spk_43_0231,Central,43
test,714,test,43_0307.wav,spk_43_0234,Central,43
test,715,test,43_0308.wav,spk_43_0235,Central,43
test,716,test,43_0309.wav,spk_43_0236,Central,43
test,717,test,43_0310.wav,spk_43_0236,Central,43
test,718,test,43_0311.wav,spk_43_0236,Central,43
test,719,test,43_0312.wav,spk_43_0237,Central,43
test,720,test,43_0313.wav,spk_43_0238,Central,43
test,721,test,43_0314.wav,spk_43_0239,Central,43
test,722,test,43_0315.wav,spk_43_0240,Central,43
test,723,test,43_0316.wav,spk_43_0240,Central,43
test,724,test,43_0317.wav,spk_43_0241,Central,43
test,725,test,43_0318.wav,spk_43_0242,Central,43
test,726,test,43_0319.wav,spk_43_0243,Central,43
test,727,test,43_0320.wav,spk_43_0243,Central,43
test,728,test,43_0321.wav,spk_43_0244,Central,43
test,729,test,43_0322.wav,spk_43_0245,Central,43
test,730,test,43_0323.wav,spk_43_0246,Central,43
test,731,test,43_0324.wav,spk_43_0246,Central,43
test,732,test,43_0325.wav,spk_43_0246,Central,43
test,733,test,43_0326.wav,spk_43_0247,Central,43
test,734,test,43_0327.wav,spk_43_0247,Central,43
test,735,test,43_0328.wav,spk_43_0248,Central,43
test,736,test,43_0329.wav,spk_43_0248,Central,43
test,737,test,43_0330.wav,spk_43_0249,Central,43
test,738,test,43_0331.wav,spk_43_0250,Central,43
test,739,test,43_0332.wav,spk_43_0250,Central,43
test,740,test,43_0333.wav,spk_43_0251,Central,43
test,741,test,43_0334.wav,spk_43_0251,Central,43
test,742,test,43_0335.wav,spk_43_0252,Central,43
test,743,test,43_0336.wav,spk_43_0253,Central,43
test,744,test,43_0337.wav,spk_43_0253,Central,43
test,745,test,47_0270.wav,spk_47_0193,Central,47
test,746,test,47_0271.wav,spk_47_0193,Central,47
test,747,test,47_0272.wav,spk_47_0194,Central,47
test,748,test,47_0273.wav,spk_47_0195,Central,47
test,749,test,47_0275.wav,spk_47_0197,Central,47
test,750,test,47_0276.wav,spk_47_0198,Central,47
test,751,test,47_0278.wav,spk_47_0200,Central,47
test,752,test,47_0280.wav,spk_47_0202,Central,47
test,753,test,47_0281.wav,spk_47_0203,Central,47
test,754,test,47_0282.wav,spk_47_0203,Central,47
test,755,test,47_0283.wav,spk_47_0203,Central,47
test,756,test,47_0284.wav,spk_47_0204,Central,47
test,757,test,47_0285.wav,spk_47_0204,Central,47
test,758,test,47_0286.wav,spk_47_0205,Central,47
test,759,test,47_0287.wav,spk_47_0205,Central,47
test,760,test,47_0288.wav,spk_47_0206,Central,47
test,761,test,47_0289.wav,spk_47_0206,Central,47
test,762,test,47_0290.wav,spk_47_0207,Central,47
test,763,test,47_0291.wav,spk_47_0208,Central,47
test,764,test,47_0292.wav,spk_47_0209,Central,47
test,765,test,47_0293.wav,spk_47_0210,Central,47
test,766,test,47_0294.wav,spk_47_0211,Central,47
test,767,test,47_0295.wav,spk_47_0212,Central,47
test,768,test,47_0296.wav,spk_47_0212,Central,47
test,769,test,47_0297.wav,spk_47_0213,Central,47
test,770,test,47_0298.wav,spk_47_0214,Central,47
test,771,test,47_0299.wav,spk_47_0215,Central,47
test,772,test,47_0300.wav,spk_47_0216,Central,47
test,773,test,47_0301.wav,spk_47_0217,Central,47
test,774,test,47_0302.wav,spk_47_0218,Central,47
test,775,test,47_0303.wav,spk_47_0218,Central,47
test,776,test,47_0304.wav,spk_47_0219,Central,47
test,777,test,47_0305.wav,spk_47_0220,Central,47
test,778,test,47_0306.wav,spk_47_0220,Central,47
test,779,test,48_0271.wav,spk_48_0230,Central,48
test,780,test,48_0272.wav,spk_48_0231,Central,48
test,781,test,48_0274.wav,spk_48_0233,Central,48
test,782,test,48_0275.wav,spk_48_0234,Central,48
test,783,test,48_0276.wav,spk_48_0235,Central,48
test,784,test,48_0278.wav,spk_48_0237,Central,48
test,785,test,48_0280.wav,spk_48_0239,Central,48
test,786,test,48_0281.wav,spk_48_0240,Central,48
test,787,test,48_0282.wav,spk_48_0241,Central,48
test,788,test,48_0283.wav,spk_48_0242,Central,48
test,789,test,48_0284.wav,spk_48_0243,Central,48
test,790,test,48_0285.wav,spk_48_0244,Central,48
test,791,test,48_0286.wav,spk_48_0245,Central,48
test,792,test,48_0287.wav,spk_48_0246,Central,48
test,793,test,48_0288.wav,spk_48_0247,Central,48
test,794,test,48_0289.wav,spk_48_0248,Central,48
test,795,test,48_0290.wav,spk_48_0249,Central,48
test,796,test,48_0291.wav,spk_48_0250,Central,48
test,797,test,48_0292.wav,spk_48_0251,Central,48
test,798,test,48_0293.wav,spk_48_0252,Central,48
test,799,test,48_0294.wav,spk_48_0253,Central,48
test,800,test,48_0295.wav,spk_48_0254,Central,48
test,801,test,48_0296.wav,spk_48_0255,Central,48
test,802,test,48_0297.wav,spk_48_0256,Central,48
test,803,test,48_0298.wav,spk_48_0257,Central,48
test,804,test,48_0299.wav,spk_48_0258,Central,48
test,805,test,48_0300.wav,spk_48_0259,Central,48
test,806,test,48_0301.wav,spk_48_0260,Central,48
test,807,test,48_0302.wav,spk_48_0261,Central,48
test,808,test,48_0303.wav,spk_48_0262,Central,48
test,809,test,48_0304.wav,spk_48_0263,Central,48
test,810,test,49_0258.wav,spk_49_0150,Central,49
test,811,test,49_0259.wav,spk_49_0150,Central,49
test,812,test,49_0262.wav,spk_49_0153,Central,49
test,813,test,49_0263.wav,spk_49_0153,Central,49
test,814,test,49_0264.wav,spk_49_0154,Central,49
test,815,test,49_0267.wav,spk_49_0156,Central,49
test,816,test,49_0268.wav,spk_49_0156,Central,49
test,817,test,49_0278.wav,spk_49_0161,Central,49
test,818,test,49_0279.wav,spk_49_0162,Central,49
test,819,test,49_0280.wav,spk_49_0163,Central,49
test,820,test,49_0281.wav,spk_49_0163,Central,49
test,821,test,49_0282.wav,spk_49_0164,Central,49
test,822,test,49_0283.wav,spk_49_0165,Central,49
test,823,test,49_0284.wav,spk_49_0166,Central,49
test,824,test,49_0285.wav,spk_49_0166,Central,49
test,825,test,49_0286.wav,spk_49_0167,Central,49
test,826,test,49_0287.wav,spk_49_0167,Central,49
test,827,test,49_0288.wav,spk_49_0168,Central,49
test,828,test,49_0289.wav,spk_49_0169,Central,49
test,829,test,49_0290.wav,spk_49_0170,Central,49
test,830,test,49_0291.wav,spk_49_0171,Central,49
test,831,test,49_0292.wav,spk_49_0171,Central,49
test,832,test,49_0293.wav,spk_49_0172,Central,49
test,833,test,49_0294.wav,spk_49_0173,Central,49
test,834,test,49_0295.wav,spk_49_0174,Central,49
test,835,test,49_0296.wav,spk_49_0175,Central,49
test,836,test,49_0297.wav,spk_49_0176,Central,49
test,837,test,49_0298.wav,spk_49_0176,Central,49
test,838,test,49_0299.wav,spk_49_0177,Central,49
test,839,test,49_0300.wav,spk_49_0177,Central,49
test,840,test,49_0301.wav,spk_49_0178,Central,49
test,841,test,49_0302.wav,spk_49_0178,Central,49
test,842,test,49_0303.wav,spk_49_0179,Central,49
test,843,test,59_0281.wav,spk_59_0244,South,59
test,844,test,59_0283.wav,spk_59_0246,South,59
test,845,test,59_0284.wav,spk_59_0246,South,59
test,846,test,59_0288.wav,spk_59_0250,South,59
test,847,test,59_0289.wav,spk_59_0250,South,59
test,848,test,59_0290.wav,spk_59_0251,South,59
test,849,test,59_0291.wav,spk_59_0252,South,59
test,850,test,59_0292.wav,spk_59_0253,South,59
test,851,test,59_0293.wav,spk_59_0254,South,59
test,852,test,59_0294.wav,spk_59_0255,South,59
test,853,test,59_0295.wav,spk_59_0256,South,59
test,854,test,59_0296.wav,spk_59_0257,South,59
test,855,test,59_0297.wav,spk_59_0258,South,59
test,856,test,59_0298.wav,spk_59_0259,South,59
test,857,test,59_0299.wav,spk_59_0260,South,59
test,858,test,59_0300.wav,spk_59_0261,South,59
test,859,test,59_0301.wav,spk_59_0262,South,59
test,860,test,59_0302.wav,spk_59_0263,South,59
test,861,test,59_0303.wav,spk_59_0264,South,59
test,862,test,59_0304.wav,spk_59_0265,South,59
test,863,test,59_0305.wav,spk_59_0266,South,59
test,864,test,59_0306.wav,spk_59_0267,South,59
test,865,test,59_0307.wav,spk_59_0268,South,59
test,866,test,59_0308.wav,spk_59_0269,South,59
test,867,test,59_0309.wav,spk_59_0270,South,59
test,868,test,59_0310.wav,spk_59_0271,South,59
test,869,test,59_0311.wav,spk_59_0272,South,59
test,870,test,59_0312.wav,spk_59_0272,South,59
test,871,test,59_0313.wav,spk_59_0273,South,59
test,872,test,59_0314.wav,spk_59_0274,South,59
test,873,test,59_0315.wav,spk_59_0275,South,59
test,874,test,59_0316.wav,spk_59_0275,South,59
test,875,test,59_0317.wav,spk_59_0275,South,59
test,876,test,59_0318.wav,spk_59_0276,South,59
test,877,test,60_0236.wav,spk_60_0120,South,60
test,878,test,60_0237.wav,spk_60_0120,South,60
test,879,test,60_0242.wav,spk_60_0123,South,60
test,880,test,60_0243.wav,spk_60_0123,South,60
test,881,test,60_0245.wav,spk_60_0125,South,60
test,882,test,60_0246.wav,spk_60_0125,South,60
test,883,test,60_0247.wav,spk_60_0125,South,60
test,884,test,60_0248.wav,spk_60_0125,South,60
test,885,test,60_0249.wav,spk_60_0125,South,60
test,886,test,60_0251.wav,spk_60_0127,South,60
test,887,test,60_0252.wav,spk_60_0128,South,60
test,888,test,60_0256.wav,spk_60_0130,South,60
test,889,test,60_0257.wav,spk_60_0130,South,60
test,890,test,60_0258.wav,spk_60_0131,South,60
test,891,test,60_0259.wav,spk_60_0131,South,60
test,892,test,60_0260.wav,spk_60_0132,South,60
test,893,test,60_0261.wav,spk_60_0132,South,60
test,894,test,60_0262.wav,spk_60_0133,South,60
test,895,test,60_0263.wav,spk_60_0134,South,60
test,896,test,60_0264.wav,spk_60_0135,South,60
test,897,test,60_0265.wav,spk_60_0135,South,60
test,898,test,60_0266.wav,spk_60_0135,South,60
test,899,test,60_0267.wav,spk_60_0136,South,60
test,900,test,60_0268.wav,spk_60_0137,South,60
test,901,test,60_0269.wav,spk_60_0138,South,60
test,902,test,60_0270.wav,spk_60_0139,South,60
test,903,test,60_0271.wav,spk_60_0139,South,60
test,904,test,60_0272.wav,spk_60_0140,South,60
test,905,test,60_0273.wav,spk_60_0141,South,60
test,906,test,60_0274.wav,spk_60_0141,South,60
test,907,test,60_0275.wav,spk_60_0142,South,60
test,908,test,61_0280.wav,spk_61_0209,South,61
test,909,test,61_0281.wav,spk_61_0209,South,61
test,910,test,61_0284.wav,spk_61_0212,South,61
test,911,test,61_0285.wav,spk_61_0213,South,61
test,912,test,61_0286.wav,spk_61_0214,South,61
test,913,test,61_0287.wav,spk_61_0215,South,61
test,914,test,61_0288.wav,spk_61_0216,South,61
test,915,test,61_0289.wav,spk_61_0217,South,61
test,916,test,61_0290.wav,spk_61_0218,South,61
test,917,test,61_0291.wav,spk_61_0219,South,61
test,918,test,61_0292.wav,spk_61_0220,South,61
test,919,test,61_0293.wav,spk_61_0221,South,61
test,920,test,61_0294.wav,spk_61_0222,South,61
test,921,test,61_0295.wav,spk_61_0223,South,61
test,922,test,61_0296.wav,spk_61_0224,South,61
test,923,test,61_0297.wav,spk_61_0225,South,61
test,924,test,61_0298.wav,spk_61_0226,South,61
test,925,test,61_0299.wav,spk_61_0227,South,61
test,926,test,61_0300.wav,spk_61_0228,South,61
test,927,test,61_0301.wav,spk_61_0229,South,61
test,928,test,61_0302.wav,spk_61_0230,South,61
test,929,test,61_0303.wav,spk_61_0231,South,61
test,930,test,61_0304.wav,spk_61_0232,South,61
test,931,test,61_0305.wav,spk_61_0233,South,61
test,932,test,61_0306.wav,spk_61_0234,South,61
test,933,test,61_0307.wav,spk_61_0235,South,61
test,934,test,61_0308.wav,spk_61_0236,South,61
test,935,test,61_0309.wav,spk_61_0237,South,61
test,936,test,61_0310.wav,spk_61_0238,South,61
test,937,test,61_0311.wav,spk_61_0239,South,61
test,938,test,61_0312.wav,spk_61_0240,South,61
test,939,test,61_0313.wav,spk_61_0241,South,61
test,940,test,61_0314.wav,spk_61_0242,South,61
test,941,test,62_0256.wav,spk_62_0209,South,62
test,942,test,62_0257.wav,spk_62_0209,South,62
test,943,test,62_0258.wav,spk_62_0210,South,62
test,944,test,62_0259.wav,spk_62_0211,South,62
test,945,test,62_0261.wav,spk_62_0213,South,62
test,946,test,62_0262.wav,spk_62_0214,South,62
test,947,test,62_0263.wav,spk_62_0215,South,62
test,948,test,62_0264.wav,spk_62_0216,South,62
test,949,test,62_0265.wav,spk_62_0216,South,62
test,950,test,62_0268.wav,spk_62_0219,South,62
test,951,test,62_0269.wav,spk_62_0219,South,62
test,952,test,62_0275.wav,spk_62_0224,South,62
test,953,test,62_0276.wav,spk_62_0225,South,62
test,954,test,62_0281.wav,spk_62_0229,South,62
test,955,test,62_0282.wav,spk_62_0230,South,62
test,956,test,62_0283.wav,spk_62_0231,South,62
test,957,test,62_0287.wav,spk_62_0234,South,62
test,958,test,62_0288.wav,spk_62_0234,South,62
test,959,test,62_0289.wav,spk_62_0234,South,62
test,960,test,62_0290.wav,spk_62_0234,South,62
test,961,test,62_0291.wav,spk_62_0235,South,62
test,962,test,62_0292.wav,spk_62_0235,South,62
test,963,test,62_0293.wav,spk_62_0235,South,62
test,964,test,62_0294.wav,spk_62_0236,South,62
test,965,test,62_0295.wav,spk_62_0237,South,62
test,966,test,62_0296.wav,spk_62_0238,South,62
test,967,test,62_0297.wav,spk_62_0238,South,62
test,968,test,62_0298.wav,spk_62_0238,South,62
test,969,test,62_0299.wav,spk_62_0238,South,62
test,970,test,62_0300.wav,spk_62_0239,South,62
test,971,test,62_0301.wav,spk_62_0239,South,62
test,972,test,62_0302.wav,spk_62_0239,South,62
test,973,test,62_0303.wav,spk_62_0240,South,62
test,974,test,62_0304.wav,spk_62_0240,South,62
test,975,test,62_0305.wav,spk_62_0240,South,62
test,976,test,62_0306.wav,spk_62_0240,South,62
test,977,test,62_0307.wav,spk_62_0240,South,62
test,978,test,62_0308.wav,spk_62_0241,South,62
test,979,test,63_0237.wav,spk_63_0136,South,63
test,980,test,63_0238.wav,spk_63_0136,South,63
test,981,test,63_0239.wav,spk_63_0137,South,63
test,982,test,63_0240.wav,spk_63_0138,South,63
test,983,test,63_0241.wav,spk_63_0138,South,63
test,984,test,63_0242.wav,spk_63_0139,South,63
test,985,test,63_0243.wav,spk_63_0139,South,63
test,986,test,63_0254.wav,spk_63_0146,South,63
test,987,test,63_0255.wav,spk_63_0146,South,63
test,988,test,63_0266.wav,spk_63_0150,South,63
test,989,test,63_0267.wav,spk_63_0150,South,63
test,990,test,63_0268.wav,spk_63_0150,South,63
test,991,test,63_0269.wav,spk_63_0150,South,63
test,992,test,63_0270.wav,spk_63_0150,South,63
test,993,test,63_0271.wav,spk_63_0151,South,63
test,994,test,63_0272.wav,spk_63_0151,South,63
test,995,test,63_0273.wav,spk_63_0151,South,63
test,996,test,63_0274.wav,spk_63_0151,South,63
test,997,test,63_0275.wav,spk_63_0151,South,63
test,998,test,63_0276.wav,spk_63_0151,South,63
test,999,test,63_0277.wav,spk_63_0151,South,63
test,1000,test,63_0278.wav,spk_63_0152,South,63
test,1001,test,63_0279.wav,spk_63_0152,South,63
test,1002,test,63_0280.wav,spk_63_0152,South,63
test,1003,test,63_0281.wav,spk_63_0152,South,63
test,1004,test,63_0282.wav,spk_63_0152,South,63
test,1005,test,63_0283.wav,spk_63_0153,South,63
test,1006,test,63_0284.wav,spk_63_0154,South,63
test,1007,test,63_0285.wav,spk_63_0154,South,63
test,1008,test,63_0286.wav,spk_63_0154,South,63
test,1009,test,63_0287.wav,spk_63_0154,South,63
test,1010,test,63_0288.wav,spk_63_0154,South,63
test,1011,test,63_0289.wav,spk_63_0154,South,63
test,1012,test,64_0252.wav,spk_64_0127,South,64
test,1013,test,64_0253.wav,spk_64_0127,South,64
test,1014,test,64_0257.wav,spk_64_0130,South,64
test,1015,test,64_0258.wav,spk_64_0130,South,64
test,1016,test,64_0259.wav,spk_64_0131,South,64
test,1017,test,64_0260.wav,spk_64_0131,South,64
test,1018,test,64_0261.wav,spk_64_0132,South,64
test,1019,test,64_0262.wav,spk_64_0133,South,64
test,1020,test,64_0263.wav,spk_64_0133,South,64
test,1021,test,64_0264.wav,spk_64_0133,South,64
test,1022,test,64_0265.wav,spk_64_0133,South,64
test,1023,test,64_0266.wav,spk_64_0134,South,64
test,1024,test,64_0267.wav,spk_64_0134,South,64
test,1025,test,64_0268.wav,spk_64_0134,South,64
test,1026,test,64_0269.wav,spk_64_0134,South,64
test,1027,test,64_0270.wav,spk_64_0135,South,64
test,1028,test,64_0271.wav,spk_64_0135,South,64
test,1029,test,64_0272.wav,spk_64_0135,South,64
test,1030,test,64_0273.wav,spk_64_0135,South,64
test,1031,test,64_0274.wav,spk_64_0136,South,64
test,1032,test,64_0275.wav,spk_64_0136,South,64
test,1033,test,64_0276.wav,spk_64_0136,South,64
test,1034,test,64_0277.wav,spk_64_0136,South,64
test,1035,test,64_0278.wav,spk_64_0137,South,64
test,1036,test,64_0279.wav,spk_64_0138,South,64
test,1037,test,64_0280.wav,spk_64_0138,South,64
test,1038,test,64_0281.wav,spk_64_0139,South,64
test,1039,test,64_0282.wav,spk_64_0140,South,64
test,1040,test,64_0283.wav,spk_64_0141,South,64
test,1041,test,64_0284.wav,spk_64_0142,South,64
test,1042,test,65_0206.wav,spk_65_0167,South,65
test,1043,test,65_0237.wav,spk_65_0192,South,65
test,1044,test,65_0238.wav,spk_65_0193,South,65
test,1045,test,65_0239.wav,spk_65_0194,South,65
test,1046,test,65_0240.wav,spk_65_0195,South,65
test,1047,test,65_0241.wav,spk_65_0196,South,65
test,1048,test,65_0242.wav,spk_65_0197,South,65
test,1049,test,65_0243.wav,spk_65_0198,South,65
test,1050,test,65_0244.wav,spk_65_0199,South,65
test,1051,test,65_0245.wav,spk_65_0200,South,65
test,1052,test,65_0246.wav,spk_65_0201,South,65
test,1053,test,65_0247.wav,spk_65_0201,South,65
test,1054,test,65_0248.wav,spk_65_0202,South,65
test,1055,test,65_0249.wav,spk_65_0203,South,65
test,1056,test,65_0250.wav,spk_65_0203,South,65
test,1057,test,65_0251.wav,spk_65_0204,South,65
test,1058,test,65_0252.wav,spk_65_0205,South,65
test,1059,test,65_0253.wav,spk_65_0206,South,65
test,1060,test,65_0254.wav,spk_65_0207,South,65
test,1061,test,65_0255.wav,spk_65_0208,South,65
test,1062,test,65_0256.wav,spk_65_0209,South,65
test,1063,test,65_0257.wav,spk_65_0210,South,65
test,1064,test,65_0258.wav,spk_65_0211,South,65
test,1065,test,65_0259.wav,spk_65_0211,South,65
test,1066,test,65_0260.wav,spk_65_0212,South,65
test,1067,test,65_0261.wav,spk_65_0213,South,65
test,1068,test,65_0262.wav,spk_65_0213,South,65
test,1069,test,65_0263.wav,spk_65_0213,South,65
test,1070,test,66_0234.wav,spk_66_0169,South,66
test,1071,test,66_0236.wav,spk_66_0171,South,66
test,1072,test,66_0248.wav,spk_66_0178,South,66
test,1073,test,66_0249.wav,spk_66_0179,South,66
test,1074,test,66_0250.wav,spk_66_0180,South,66
test,1075,test,66_0251.wav,spk_66_0181,South,66
test,1076,test,66_0252.wav,spk_66_0182,South,66
test,1077,test,66_0253.wav,spk_66_0183,South,66
test,1078,test,66_0254.wav,spk_66_0184,South,66
test,1079,test,66_0255.wav,spk_66_0184,South,66
test,1080,test,66_0256.wav,spk_66_0185,South,66
test,1081,test,66_0257.wav,spk_66_0185,South,66
test,1082,test,66_0258.wav,spk_66_0186,South,66
test,1083,test,66_0259.wav,spk_66_0187,South,66
test,1084,test,66_0260.wav,spk_66_0187,South,66
test,1085,test,66_0261.wav,spk_66_0188,South,66
test,1086,test,66_0262.wav,spk_66_0189,South,66
test,1087,test,66_0263.wav,spk_66_0190,South,66
test,1088,test,66_0264.wav,spk_66_0191,South,66
test,1089,test,66_0265.wav,spk_66_0192,South,66
test,1090,test,66_0266.wav,spk_66_0192,South,66
test,1091,test,66_0267.wav,spk_66_0193,South,66
test,1092,test,66_0268.wav,spk_66_0193,South,66
test,1093,test,66_0269.wav,spk_66_0194,South,66
test,1094,test,66_0270.wav,spk_66_0194,South,66
test,1095,test,66_0271.wav,spk_66_0195,South,66
test,1096,test,66_0272.wav,spk_66_0196,South,66
test,1097,test,66_0273.wav,spk_66_0196,South,66
test,1098,test,67_0251.wav,spk_67_0120,South,67
test,1099,test,67_0252.wav,spk_67_0121,South,67
test,1100,test,67_0257.wav,spk_67_0123,South,67
test,1101,test,67_0258.wav,spk_67_0123,South,67
test,1102,test,67_0259.wav,spk_67_0123,South,67
test,1103,test,67_0260.wav,spk_67_0124,South,67
test,1104,test,67_0261.wav,spk_67_0124,South,67
test,1105,test,67_0262.wav,spk_67_0124,South,67
test,1106,test,67_0263.wav,spk_67_0124,South,67
test,1107,test,67_0264.wav,spk_67_0125,South,67
test,1108,test,67_0265.wav,spk_67_0125,South,67
test,1109,test,67_0266.wav,spk_67_0125,South,67
test,1110,test,67_0267.wav,spk_67_0126,South,67
test,1111,test,67_0268.wav,spk_67_0126,South,67
test,1112,test,67_0269.wav,spk_67_0126,South,67
test,1113,test,67_0270.wav,spk_67_0126,South,67
test,1114,test,67_0271.wav,spk_67_0127,South,67
test,1115,test,67_0272.wav,spk_67_0127,South,67
test,1116,test,67_0273.wav,spk_67_0128,South,67
test,1117,test,67_0274.wav,spk_67_0128,South,67
test,1118,test,67_0275.wav,spk_67_0129,South,67
test,1119,test,67_0276.wav,spk_67_0129,South,67
test,1120,test,67_0277.wav,spk_67_0130,South,67
test,1121,test,67_0278.wav,spk_67_0130,South,67
test,1122,test,67_0279.wav,spk_67_0131,South,67
test,1123,test,67_0280.wav,spk_67_0132,South,67
test,1124,test,67_0281.wav,spk_67_0133,South,67
test,1125,test,67_0282.wav,spk_67_0133,South,67
test,1126,test,67_0283.wav,spk_67_0134,South,67
test,1127,test,67_0284.wav,spk_67_0134,South,67
test,1128,test,67_0285.wav,spk_67_0135,South,67
test,1129,test,68_0247.wav,spk_68_0105,South,68
test,1130,test,68_0248.wav,spk_68_0105,South,68
test,1131,test,68_0249.wav,spk_68_0105,South,68
test,1132,test,68_0250.wav,spk_68_0105,South,68
test,1133,test,68_0251.wav,spk_68_0105,South,68
test,1134,test,68_0252.wav,spk_68_0106,South,68
test,1135,test,68_0253.wav,spk_68_0107,South,68
test,1136,test,68_0254.wav,spk_68_0108,South,68
test,1137,test,68_0255.wav,spk_68_0108,South,68
test,1138,test,68_0256.wav,spk_68_0109,South,68
test,1139,test,68_0257.wav,spk_68_0109,South,68
test,1140,test,68_0258.wav,spk_68_0110,South,68
test,1141,test,68_0259.wav,spk_68_0110,South,68
test,1142,test,68_0260.wav,spk_68_0111,South,68
test,1143,test,68_0261.wav,spk_68_0111,South,68
test,1144,test,68_0262.wav,spk_68_0111,South,68
test,1145,test,68_0263.wav,spk_68_0112,South,68
test,1146,test,68_0264.wav,spk_68_0112,South,68
test,1147,test,68_0265.wav,spk_68_0112,South,68
test,1148,test,68_0266.wav,spk_68_0113,South,68
test,1149,test,68_0267.wav,spk_68_0114,South,68
test,1150,test,68_0268.wav,spk_68_0114,South,68
test,1151,test,68_0269.wav,spk_68_0114,South,68
test,1152,test,68_0270.wav,spk_68_0115,South,68
test,1153,test,68_0271.wav,spk_68_0116,South,68
test,1154,test,68_0272.wav,spk_68_0116,South,68
test,1155,test,68_0273.wav,spk_68_0116,South,68
test,1156,test,68_0274.wav,spk_68_0116,South,68
test,1157,test,68_0275.wav,spk_68_0116,South,68
test,1158,test,68_0276.wav,spk_68_0117,South,68
test,1159,test,68_0277.wav,spk_68_0117,South,68
test,1160,test,68_0278.wav,spk_68_0117,South,68
test,1161,test,69_0260.wav,spk_69_0189,South,69
test,1162,test,69_0261.wav,spk_69_0189,South,69
test,1163,test,69_0262.wav,spk_69_0189,South,69
test,1164,test,69_0263.wav,spk_69_0190,South,69
test,1165,test,69_0264.wav,spk_69_0190,South,69
test,1166,test,69_0265.wav,spk_69_0190,South,69
test,1167,test,69_0266.wav,spk_69_0191,South,69
test,1168,test,69_0267.wav,spk_69_0191,South,69
test,1169,test,69_0268.wav,spk_69_0192,South,69
test,1170,test,69_0270.wav,spk_69_0194,South,69
test,1171,test,69_0271.wav,spk_69_0194,South,69
test,1172,test,69_0272.wav,spk_69_0195,South,69
test,1173,test,69_0273.wav,spk_69_0196,South,69
test,1174,test,69_0275.wav,spk_69_0198,South,69
test,1175,test,69_0278.wav,spk_69_0200,South,69
test,1176,test,69_0279.wav,spk_69_0201,South,69
test,1177,test,69_0280.wav,spk_69_0201,South,69
test,1178,test,69_0283.wav,spk_69_0203,South,69
test,1179,test,69_0284.wav,spk_69_0203,South,69
test,1180,test,69_0285.wav,spk_69_0204,South,69
test,1181,test,69_0286.wav,spk_69_0205,South,69
test,1182,test,69_0287.wav,spk_69_0206,South,69
test,1183,test,69_0288.wav,spk_69_0206,South,69
test,1184,test,69_0289.wav,spk_69_0207,South,69
test,1185,test,69_0290.wav,spk_69_0208,South,69
test,1186,test,69_0291.wav,spk_69_0208,South,69
test,1187,test,69_0292.wav,spk_69_0209,South,69
test,1188,test,69_0293.wav,spk_69_0209,South,69
test,1189,test,69_0294.wav,spk_69_0210,South,69
test,1190,test,69_0295.wav,spk_69_0210,South,69
test,1191,test,69_0296.wav,spk_69_0210,South,69
test,1192,test,69_0297.wav,spk_69_0211,South,69
test,1193,test,69_0298.wav,spk_69_0211,South,69
test,1194,test,69_0299.wav,spk_69_0211,South,69
test,1195,test,69_0300.wav,spk_69_0212,South,69
test,1196,test,69_0301.wav,spk_69_0213,South,69
test,1197,test,69_0302.wav,spk_69_0213,South,69
test,1198,test,70_0226.wav,spk_70_0114,South,70
test,1199,test,70_0227.wav,spk_70_0114,South,70
test,1200,test,70_0247.wav,spk_70_0126,South,70
test,1201,test,70_0248.wav,spk_70_0127,South,70
test,1202,test,70_0273.wav,spk_70_0144,South,70
test,1203,test,70_0274.wav,spk_70_0144,South,70
test,1204,test,70_0275.wav,spk_70_0144,South,70
test,1205,test,70_0276.wav,spk_70_0145,South,70
test,1206,test,70_0277.wav,spk_70_0145,South,70
test,1207,test,70_0278.wav,spk_70_0146,South,70
test,1208,test,70_0279.wav,spk_70_0147,South,70
test,1209,test,70_0280.wav,spk_70_0148,South,70
test,1210,test,70_0281.wav,spk_70_0149,South,70
test,1211,test,70_0282.wav,spk_70_0149,South,70
test,1212,test,70_0283.wav,spk_70_0149,South,70
test,1213,test,70_0284.wav,spk_70_0150,South,70
test,1214,test,70_0285.wav,spk_70_0150,South,70
test,1215,test,70_0286.wav,spk_70_0150,South,70
test,1216,test,70_0287.wav,spk_70_0151,South,70
test,1217,test,70_0288.wav,spk_70_0152,South,70
test,1218,test,70_0289.wav,spk_70_0152,South,70
test,1219,test,70_0290.wav,spk_70_0153,South,70
test,1220,test,70_0291.wav,spk_70_0154,South,70
test,1221,test,70_0292.wav,spk_70_0155,South,70
test,1222,test,70_0293.wav,spk_70_0156,South,70
test,1223,test,70_0294.wav,spk_70_0156,South,70
test,1224,test,70_0295.wav,spk_70_0156,South,70
test,1225,test,70_0296.wav,spk_70_0157,South,70
test,1226,test,70_0297.wav,spk_70_0157,South,70
test,1227,test,70_0298.wav,spk_70_0157,South,70
test,1228,test,70_0299.wav,spk_70_0158,South,70
test,1229,test,70_0300.wav,spk_70_0159,South,70
test,1230,test,70_0301.wav,spk_70_0159,South,70
test,1231,test,70_0302.wav,spk_70_0160,South,70
test,1232,test,71_0259.wav,spk_71_0127,South,71
test,1233,test,71_0260.wav,spk_71_0127,South,71
test,1234,test,71_0261.wav,spk_71_0128,South,71
test,1235,test,71_0262.wav,spk_71_0129,South,71
test,1236,test,71_0263.wav,spk_71_0129,South,71
test,1237,test,71_0264.wav,spk_71_0130,South,71
test,1238,test,71_0265.wav,spk_71_0130,South,71
test,1239,test,71_0266.wav,spk_71_0130,South,71
test,1240,test,71_0267.wav,spk_71_0131,South,71
test,1241,test,71_0268.wav,spk_71_0131,South,71
test,1242,test,71_0269.wav,spk_71_0132,South,71
test,1243,test,71_0270.wav,spk_71_0133,South,71
test,1244,test,71_0271.wav,spk_71_0134,South,71
test,1245,test,71_0272.wav,spk_71_0134,South,71
test,1246,test,71_0273.wav,spk_71_0135,South,71
test,1247,test,71_0274.wav,spk_71_0135,South,71
test,1248,test,71_0275.wav,spk_71_0136,South,71
test,1249,test,71_0276.wav,spk_71_0136,South,71
test,1250,test,71_0277.wav,spk_71_0137,South,71
test,1251,test,71_0278.wav,spk_71_0138,South,71
test,1252,test,71_0279.wav,spk_71_0138,South,71
test,1253,test,71_0280.wav,spk_71_0139,South,71
test,1254,test,71_0281.wav,spk_71_0140,South,71
test,1255,test,71_0282.wav,spk_71_0140,South,71
test,1256,test,71_0283.wav,spk_71_0140,South,71
test,1257,test,71_0284.wav,spk_71_0141,South,71
test,1258,test,71_0285.wav,spk_71_0141,South,71
test,1259,test,71_0286.wav,spk_71_0142,South,71
test,1260,test,71_0287.wav,spk_71_0142,South,71
test,1261,test,71_0288.wav,spk_71_0142,South,71
test,1262,test,71_0289.wav,spk_71_0143,South,71
test,1263,test,72_0284.wav,spk_72_0248,South,72
test,1264,test,72_0288.wav,spk_72_0252,South,72
test,1265,test,72_0289.wav,spk_72_0253,South,72
test,1266,test,72_0291.wav,spk_72_0255,South,72
test,1267,test,72_0292.wav,spk_72_0256,South,72
test,1268,test,72_0294.wav,spk_72_0258,South,72
test,1269,test,72_0295.wav,spk_72_0259,South,72
test,1270,test,72_0296.wav,spk_72_0259,South,72
test,1271,test,72_0297.wav,spk_72_0260,South,72
test,1272,test,72_0298.wav,spk_72_0260,South,72
test,1273,test,72_0299.wav,spk_72_0261,South,72
test,1274,test,72_0300.wav,spk_72_0262,South,72
test,1275,test,72_0301.wav,spk_72_0262,South,72
test,1276,test,72_0302.wav,spk_72_0263,South,72
test,1277,test,72_0303.wav,spk_72_0264,South,72
test,1278,test,72_0304.wav,spk_72_0265,South,72
test,1279,test,72_0305.wav,spk_72_0266,South,72
test,1280,test,72_0306.wav,spk_72_0267,South,72
test,1281,test,72_0307.wav,spk_72_0267,South,72
test,1282,test,72_0308.wav,spk_72_0268,South,72
test,1283,test,72_0309.wav,spk_72_0268,South,72
test,1284,test,72_0310.wav,spk_72_0269,South,72
test,1285,test,72_0311.wav,spk_72_0270,South,72
test,1286,test,72_0312.wav,spk_72_0270,South,72
test,1287,test,72_0313.wav,spk_72_0271,South,72
test,1288,test,72_0314.wav,spk_72_0272,South,72
test,1289,test,72_0315.wav,spk_72_0273,South,72
test,1290,test,72_0316.wav,spk_72_0274,South,72
test,1291,test,72_0317.wav,spk_72_0275,South,72
test,1292,test,72_0318.wav,spk_72_0276,South,72
test,1293,test,72_0319.wav,spk_72_0277,South,72
test,1294,valid,73_0307.wav,spk_73_0186,Central,73
test,1295,valid,73_0308.wav,spk_73_0186,Central,73
test,1296,test,73_0310.wav,spk_73_0187,Central,73
test,1297,test,73_0311.wav,spk_73_0188,Central,73
test,1298,test,73_0314.wav,spk_73_0190,Central,73
test,1299,test,73_0315.wav,spk_73_0190,Central,73
test,1300,test,73_0316.wav,spk_73_0190,Central,73
test,1301,test,73_0317.wav,spk_73_0190,Central,73
test,1302,test,73_0318.wav,spk_73_0190,Central,73
test,1303,test,73_0319.wav,spk_73_0190,Central,73
test,1304,test,73_0320.wav,spk_73_0190,Central,73
test,1305,test,73_0321.wav,spk_73_0191,Central,73
test,1306,test,73_0322.wav,spk_73_0191,Central,73
test,1307,test,73_0323.wav,spk_73_0192,Central,73
test,1308,test,73_0324.wav,spk_73_0192,Central,73
test,1309,test,73_0325.wav,spk_73_0192,Central,73
test,1310,test,73_0326.wav,spk_73_0193,Central,73
test,1311,test,73_0327.wav,spk_73_0193,Central,73
test,1312,test,73_0328.wav,spk_73_0194,Central,73
test,1313,test,73_0329.wav,spk_73_0195,Central,73
test,1314,test,73_0330.wav,spk_73_0195,Central,73
test,1315,test,73_0331.wav,spk_73_0196,Central,73
test,1316,test,73_0332.wav,spk_73_0197,Central,73
test,1317,test,73_0333.wav,spk_73_0198,Central,73
test,1318,test,73_0334.wav,spk_73_0199,Central,73
test,1319,test,73_0335.wav,spk_73_0200,Central,73
test,1320,test,73_0336.wav,spk_73_0200,Central,73
test,1321,test,73_0337.wav,spk_73_0201,Central,73
test,1322,test,73_0338.wav,spk_73_0202,Central,73
test,1323,test,73_0339.wav,spk_73_0203,Central,73
test,1324,test,73_0340.wav,spk_73_0203,Central,73
test,1325,test,73_0341.wav,spk_73_0204,Central,73
test,1326,test,73_0342.wav,spk_73_0205,Central,73
test,1327,test,73_0343.wav,spk_73_0206,Central,73
test,1328,test,73_0344.wav,spk_73_0207,Central,73
test,1329,test,73_0345.wav,spk_73_0208,Central,73
test,1330,test,74_0247.wav,spk_74_0124,Central,74
test,1331,test,74_0248.wav,spk_74_0124,Central,74
test,1332,test,74_0265.wav,spk_74_0132,Central,74
test,1333,test,74_0266.wav,spk_74_0132,Central,74
test,1334,test,74_0267.wav,spk_74_0133,Central,74
test,1335,test,74_0268.wav,spk_74_0133,Central,74
test,1336,test,74_0269.wav,spk_74_0133,Central,74
test,1337,test,74_0270.wav,spk_74_0134,Central,74
test,1338,test,74_0271.wav,spk_74_0134,Central,74
test,1339,test,74_0272.wav,spk_74_0134,Central,74
test,1340,test,74_0273.wav,spk_74_0134,Central,74
test,1341,test,74_0274.wav,spk_74_0135,Central,74
test,1342,test,74_0275.wav,spk_74_0135,Central,74
test,1343,test,74_0276.wav,spk_74_0136,Central,74
test,1344,test,74_0277.wav,spk_74_0136,Central,74
test,1345,test,74_0278.wav,spk_74_0137,Central,74
test,1346,test,74_0279.wav,spk_74_0137,Central,74
test,1347,test,74_0280.wav,spk_74_0138,Central,74
test,1348,test,74_0281.wav,spk_74_0139,Central,74
test,1349,test,74_0282.wav,spk_74_0139,Central,74
test,1350,test,74_0283.wav,spk_74_0140,Central,74
test,1351,test,74_0284.wav,spk_74_0140,Central,74
test,1352,test,74_0285.wav,spk_74_0140,Central,74
test,1353,test,74_0286.wav,spk_74_0141,Central,74
test,1354,test,74_0287.wav,spk_74_0141,Central,74
test,1355,test,74_0288.wav,spk_74_0141,Central,74
test,1356,test,74_0289.wav,spk_74_0141,Central,74
test,1357,test,74_0290.wav,spk_74_0142,Central,74
test,1358,test,74_0291.wav,spk_74_0142,Central,74
test,1359,test,74_0292.wav,spk_74_0143,Central,74
test,1360,test,75_0269.wav,spk_75_0163,Central,75
test,1361,test,75_0270.wav,spk_75_0164,Central,75
test,1362,test,75_0271.wav,spk_75_0165,Central,75
test,1363,test,75_0273.wav,spk_75_0167,Central,75
test,1364,test,75_0276.wav,spk_75_0170,Central,75
test,1365,test,75_0277.wav,spk_75_0170,Central,75
test,1366,test,75_0278.wav,spk_75_0171,Central,75
test,1367,test,75_0279.wav,spk_75_0171,Central,75
test,1368,test,75_0280.wav,spk_75_0172,Central,75
test,1369,test,75_0281.wav,spk_75_0172,Central,75
test,1370,test,75_0282.wav,spk_75_0173,Central,75
test,1371,test,75_0283.wav,spk_75_0174,Central,75
test,1372,test,75_0284.wav,spk_75_0175,Central,75
test,1373,test,75_0285.wav,spk_75_0176,Central,75
test,1374,test,75_0286.wav,spk_75_0177,Central,75
test,1375,test,75_0287.wav,spk_75_0178,Central,75
test,1376,test,75_0288.wav,spk_75_0178,Central,75
test,1377,test,75_0289.wav,spk_75_0178,Central,75
test,1378,test,75_0290.wav,spk_75_0178,Central,75
test,1379,test,75_0291.wav,spk_75_0179,Central,75
test,1380,test,75_0292.wav,spk_75_0180,Central,75
test,1381,test,75_0293.wav,spk_75_0180,Central,75
test,1382,test,75_0294.wav,spk_75_0181,Central,75
test,1383,test,75_0295.wav,spk_75_0182,Central,75
test,1384,test,75_0296.wav,spk_75_0183,Central,75
test,1385,test,75_0297.wav,spk_75_0183,Central,75
test,1386,test,75_0298.wav,spk_75_0184,Central,75
test,1387,test,75_0299.wav,spk_75_0185,Central,75
test,1388,test,75_0300.wav,spk_75_0185,Central,75
test,1389,test,75_0301.wav,spk_75_0186,Central,75
test,1390,test,75_0302.wav,spk_75_0186,Central,75
test,1391,test,75_0303.wav,spk_75_0187,Central,75
test,1392,test,76_0288.wav,spk_76_0214,Central,76
test,1393,test,76_0289.wav,spk_76_0215,Central,76
test,1394,test,76_0290.wav,spk_76_0215,Central,76
test,1395,test,76_0292.wav,spk_76_0217,Central,76
test,1396,test,76_0293.wav,spk_76_0218,Central,76
test,1397,valid,76_0294.wav,spk_76_0219,Central,76
test,1398,test,76_0296.wav,spk_76_0220,Central,76
test,1399,test,76_0297.wav,spk_76_0221,Central,76
test,1400,test,76_0299.wav,spk_76_0223,Central,76
test,1401,test,76_0300.wav,spk_76_0224,Central,76
test,1402,test,76_0301.wav,spk_76_0225,Central,76
test,1403,test,76_0304.wav,spk_76_0228,Central,76
test,1404,test,76_0305.wav,spk_76_0229,Central,76
test,1405,test,76_0306.wav,spk_76_0229,Central,76
test,1406,test,76_0307.wav,spk_76_0229,Central,76
test,1407,test,76_0308.wav,spk_76_0230,Central,76
test,1408,test,76_0309.wav,spk_76_0231,Central,76
test,1409,test,76_0310.wav,spk_76_0232,Central,76
test,1410,test,76_0311.wav,spk_76_0232,Central,76
test,1411,test,76_0312.wav,spk_76_0232,Central,76
test,1412,test,76_0313.wav,spk_76_0232,Central,76
test,1413,test,76_0314.wav,spk_76_0233,Central,76
test,1414,test,76_0315.wav,spk_76_0234,Central,76
test,1415,test,76_0316.wav,spk_76_0235,Central,76
test,1416,test,76_0317.wav,spk_76_0236,Central,76
test,1417,test,76_0318.wav,spk_76_0237,Central,76
test,1418,test,76_0319.wav,spk_76_0238,Central,76
test,1419,test,76_0320.wav,spk_76_0239,Central,76
test,1420,test,76_0321.wav,spk_76_0240,Central,76
test,1421,test,76_0322.wav,spk_76_0240,Central,76
test,1422,test,76_0323.wav,spk_76_0240,Central,76
test,1423,test,76_0324.wav,spk_76_0240,Central,76
test,1424,test,76_0325.wav,spk_76_0241,Central,76
test,1425,test,76_0326.wav,spk_76_0241,Central,76
test,1426,test,76_0327.wav,spk_76_0242,Central,76
test,1427,test,76_0328.wav,spk_76_0242,Central,76
test,1428,test,76_0329.wav,spk_76_0242,Central,76
test,1429,test,76_0330.wav,spk_76_0242,Central,76
test,1430,test,77_0277.wav,spk_77_0155,Central,77
test,1431,test,77_0278.wav,spk_77_0155,Central,77
test,1432,test,77_0279.wav,spk_77_0156,Central,77
test,1433,test,77_0280.wav,spk_77_0156,Central,77
test,1434,test,77_0281.wav,spk_77_0156,Central,77
test,1435,test,77_0282.wav,spk_77_0157,Central,77
test,1436,test,77_0283.wav,spk_77_0157,Central,77
test,1437,test,77_0284.wav,spk_77_0158,Central,77
test,1438,test,77_0285.wav,spk_77_0158,Central,77
test,1439,test,77_0286.wav,spk_77_0158,Central,77
test,1440,test,77_0287.wav,spk_77_0159,Central,77
test,1441,test,77_0288.wav,spk_77_0159,Central,77
test,1442,test,77_0289.wav,spk_77_0160,Central,77
test,1443,test,77_0290.wav,spk_77_0160,Central,77
test,1444,test,77_0294.wav,spk_77_0162,Central,77
test,1445,test,77_0295.wav,spk_77_0163,Central,77
test,1446,test,77_0296.wav,spk_77_0163,Central,77
test,1447,test,77_0297.wav,spk_77_0163,Central,77
test,1448,test,77_0298.wav,spk_77_0163,Central,77
test,1449,test,77_0299.wav,spk_77_0164,Central,77
test,1450,test,77_0300.wav,spk_77_0164,Central,77
test,1451,test,77_0301.wav,spk_77_0165,Central,77
test,1452,test,77_0302.wav,spk_77_0166,Central,77
test,1453,test,77_0303.wav,spk_77_0166,Central,77
test,1454,test,77_0304.wav,spk_77_0167,Central,77
test,1455,test,77_0305.wav,spk_77_0167,Central,77
test,1456,test,77_0306.wav,spk_77_0168,Central,77
test,1457,test,77_0307.wav,spk_77_0169,Central,77
test,1458,test,78_0273.wav,spk_78_0222,Central,78
test,1459,test,78_0275.wav,spk_78_0224,Central,78
test,1460,test,78_0276.wav,spk_78_0224,Central,78
test,1461,test,78_0277.wav,spk_78_0225,Central,78
test,1462,test,78_0278.wav,spk_78_0226,Central,78
test,1463,test,78_0279.wav,spk_78_0227,Central,78
test,1464,test,78_0280.wav,spk_78_0228,Central,78
test,1465,test,78_0281.wav,spk_78_0229,Central,78
test,1466,test,78_0282.wav,spk_78_0230,Central,78
test,1467,test,78_0283.wav,spk_78_0231,Central,78
test,1468,test,78_0284.wav,spk_78_0232,Central,78
test,1469,test,78_0285.wav,spk_78_0233,Central,78
test,1470,test,78_0286.wav,spk_78_0234,Central,78
test,1471,test,78_0287.wav,spk_78_0235,Central,78
test,1472,test,78_0288.wav,spk_78_0236,Central,78
test,1473,test,78_0289.wav,spk_78_0237,Central,78
test,1474,test,78_0290.wav,spk_78_0237,Central,78
test,1475,test,78_0291.wav,spk_78_0237,Central,78
test,1476,test,78_0292.wav,spk_78_0238,Central,78
test,1477,test,78_0293.wav,spk_78_0238,Central,78
test,1478,test,78_0294.wav,spk_78_0239,Central,78
test,1479,test,78_0295.wav,spk_78_0239,Central,78
test,1480,test,78_0296.wav,spk_78_0240,Central,78
test,1481,test,78_0297.wav,spk_78_0241,Central,78
test,1482,test,78_0298.wav,spk_78_0242,Central,78
test,1483,test,78_0299.wav,spk_78_0243,Central,78
test,1484,test,78_0300.wav,spk_78_0243,Central,78
test,1485,test,78_0301.wav,spk_78_0244,Central,78
test,1486,test,78_0302.wav,spk_78_0245,Central,78
test,1487,test,78_0303.wav,spk_78_0246,Central,78
test,1488,test,78_0304.wav,spk_78_0247,Central,78
test,1489,test,78_0305.wav,spk_78_0248,Central,78
test,1490,test,79_0215.wav,spk_79_0139,Central,79
test,1491,test,79_0216.wav,spk_79_0139,Central,79
test,1492,test,79_0219.wav,spk_79_0141,Central,79
test,1493,test,79_0229.wav,spk_79_0147,Central,79
test,1494,test,79_0253.wav,spk_79_0163,Central,79
test,1495,test,79_0257.wav,spk_79_0166,Central,79
test,1496,test,79_0258.wav,spk_79_0166,Central,79
test,1497,test,79_0259.wav,spk_79_0167,Central,79
test,1498,test,79_0260.wav,spk_79_0168,Central,79
test,1499,test,79_0261.wav,spk_79_0169,Central,79
test,1500,test,79_0262.wav,spk_79_0170,Central,79
test,1501,test,79_0263.wav,spk_79_0171,Central,79
test,1502,test,79_0264.wav,spk_79_0171,Central,79
test,1503,test,79_0265.wav,spk_79_0172,Central,79
test,1504,test,79_0266.wav,spk_79_0172,Central,79
test,1505,test,79_0267.wav,spk_79_0173,Central,79
test,1506,test,79_0268.wav,spk_79_0173,Central,79
test,1507,test,79_0269.wav,spk_79_0174,Central,79
test,1508,test,79_0270.wav,spk_79_0174,Central,79
test,1509,test,79_0271.wav,spk_79_0175,Central,79
test,1510,test,79_0272.wav,spk_79_0175,Central,79
test,1511,test,79_0273.wav,spk_79_0175,Central,79
test,1512,test,79_0274.wav,spk_79_0176,Central,79
test,1513,test,79_0275.wav,spk_79_0177,Central,79
test,1514,test,79_0276.wav,spk_79_0178,Central,79
test,1515,test,79_0277.wav,spk_79_0179,Central,79
test,1516,test,79_0278.wav,spk_79_0180,Central,79
test,1517,test,79_0279.wav,spk_79_0180,Central,79
test,1518,test,79_0280.wav,spk_79_0180,Central,79
test,1519,test,79_0281.wav,spk_79_0181,Central,79
test,1520,test,81_0273.wav,spk_81_0229,Central,81
test,1521,test,81_0274.wav,spk_81_0230,Central,81
test,1522,test,81_0275.wav,spk_81_0231,Central,81
test,1523,test,81_0277.wav,spk_81_0233,Central,81
test,1524,test,81_0281.wav,spk_81_0237,Central,81
test,1525,test,81_0287.wav,spk_81_0242,Central,81
test,1526,test,81_0288.wav,spk_81_0243,Central,81
test,1527,test,81_0289.wav,spk_81_0244,Central,81
test,1528,test,81_0290.wav,spk_81_0245,Central,81
test,1529,test,81_0291.wav,spk_81_0246,Central,81
test,1530,test,81_0292.wav,spk_81_0247,Central,81
test,1531,test,81_0293.wav,spk_81_0248,Central,81
test,1532,test,81_0294.wav,spk_81_0249,Central,81
test,1533,test,81_0295.wav,spk_81_0249,Central,81
test,1534,test,81_0296.wav,spk_81_0250,Central,81
test,1535,test,81_0297.wav,spk_81_0251,Central,81
test,1536,test,81_0298.wav,spk_81_0252,Central,81
test,1537,test,81_0299.wav,spk_81_0253,Central,81
test,1538,test,81_0300.wav,spk_81_0254,Central,81
test,1539,test,81_0301.wav,spk_81_0255,Central,81
test,1540,test,81_0302.wav,spk_81_0256,Central,81
test,1541,test,81_0303.wav,spk_81_0257,Central,81
test,1542,test,81_0304.wav,spk_81_0258,Central,81
test,1543,test,81_0305.wav,spk_81_0259,Central,81
test,1544,test,81_0306.wav,spk_81_0260,Central,81
test,1545,test,81_0307.wav,spk_81_0261,Central,81
test,1546,test,81_0308.wav,spk_81_0262,Central,81
test,1547,test,81_0309.wav,spk_81_0263,Central,81
test,1548,test,81_0310.wav,spk_81_0264,Central,81
test,1549,test,81_0311.wav,spk_81_0265,Central,81
test,1550,test,81_0312.wav,spk_81_0266,Central,81
test,1551,test,81_0313.wav,spk_81_0266,Central,81
test,1552,test,81_0314.wav,spk_81_0267,Central,81
test,1553,test,82_0275.wav,spk_82_0170,Central,82
test,1554,test,82_0276.wav,spk_82_0171,Central,82
test,1555,test,82_0277.wav,spk_82_0172,Central,82
test,1556,test,82_0278.wav,spk_82_0173,Central,82
test,1557,test,82_0279.wav,spk_82_0174,Central,82
test,1558,test,82_0280.wav,spk_82_0174,Central,82
test,1559,test,82_0281.wav,spk_82_0175,Central,82
test,1560,test,82_0282.wav,spk_82_0176,Central,82
test,1561,test,82_0283.wav,spk_82_0177,Central,82
test,1562,test,82_0284.wav,spk_82_0178,Central,82
test,1563,test,82_0285.wav,spk_82_0179,Central,82
test,1564,test,82_0286.wav,spk_82_0180,Central,82
test,1565,test,82_0287.wav,spk_82_0180,Central,82
test,1566,test,82_0288.wav,spk_82_0181,Central,82
test,1567,test,82_0289.wav,spk_82_0182,Central,82
test,1568,test,82_0290.wav,spk_82_0183,Central,82
test,1569,test,82_0291.wav,spk_82_0183,Central,82
test,1570,test,82_0292.wav,spk_82_0183,Central,82
test,1571,test,82_0293.wav,spk_82_0183,Central,82
test,1572,test,82_0294.wav,spk_82_0183,Central,82
test,1573,test,82_0295.wav,spk_82_0184,Central,82
test,1574,test,82_0296.wav,spk_82_0185,Central,82
test,1575,test,82_0297.wav,spk_82_0186,Central,82
test,1576,test,82_0298.wav,spk_82_0187,Central,82
test,1577,test,82_0299.wav,spk_82_0188,Central,82
test,1578,test,82_0300.wav,spk_82_0189,Central,82
test,1579,test,82_0301.wav,spk_82_0190,Central,82
test,1580,test,82_0302.wav,spk_82_0190,Central,82
test,1581,test,82_0303.wav,spk_82_0190,Central,82
test,1582,test,82_0304.wav,spk_82_0191,Central,82
test,1583,test,82_0305.wav,spk_82_0192,Central,82
test,1584,test,83_0205.wav,spk_83_0105,South,83
test,1585,test,83_0244.wav,spk_83_0118,South,83
test,1586,test,83_0245.wav,spk_83_0118,South,83
test,1587,test,83_0246.wav,spk_83_0119,South,83
test,1588,test,83_0247.wav,spk_83_0119,South,83
test,1589,test,83_0248.wav,spk_83_0119,South,83
test,1590,test,83_0249.wav,spk_83_0119,South,83
test,1591,test,83_0250.wav,spk_83_0119,South,83
test,1592,test,83_0251.wav,spk_83_0120,South,83
test,1593,test,83_0252.wav,spk_83_0120,South,83
test,1594,test,83_0253.wav,spk_83_0121,South,83
test,1595,test,83_0254.wav,spk_83_0121,South,83
test,1596,test,83_0255.wav,spk_83_0121,South,83
test,1597,test,83_0256.wav,spk_83_0122,South,83
test,1598,test,83_0257.wav,spk_83_0122,South,83
test,1599,test,83_0258.wav,spk_83_0123,South,83
test,1600,test,83_0259.wav,spk_83_0123,South,83
test,1601,test,83_0260.wav,spk_83_0124,South,83
test,1602,test,83_0261.wav,spk_83_0124,South,83
test,1603,test,83_0262.wav,spk_83_0124,South,83
test,1604,test,83_0263.wav,spk_83_0125,South,83
test,1605,test,83_0264.wav,spk_83_0125,South,83
test,1606,test,83_0265.wav,spk_83_0126,South,83
test,1607,test,83_0266.wav,spk_83_0126,South,83
test,1608,test,83_0267.wav,spk_83_0127,South,83
test,1609,test,83_0268.wav,spk_83_0128,South,83
test,1610,test,83_0269.wav,spk_83_0129,South,83
test,1611,test,83_0270.wav,spk_83_0129,South,83
test,1612,test,83_0271.wav,spk_83_0130,South,83
test,1613,test,83_0272.wav,spk_83_0131,South,83
test,1614,test,83_0273.wav,spk_83_0131,South,83
test,1615,test,84_0225.wav,spk_84_0114,South,84
test,1616,test,84_0226.wav,spk_84_0114,South,84
test,1617,test,84_0227.wav,spk_84_0114,South,84
test,1618,test,84_0228.wav,spk_84_0114,South,84
test,1619,test,84_0255.wav,spk_84_0122,South,84
test,1620,test,84_0256.wav,spk_84_0122,South,84
test,1621,test,84_0260.wav,spk_84_0124,South,84
test,1622,test,84_0261.wav,spk_84_0124,South,84
test,1623,test,84_0262.wav,spk_84_0124,South,84
test,1624,test,84_0263.wav,spk_84_0124,South,84
test,1625,test,84_0264.wav,spk_84_0125,South,84
test,1626,test,84_0265.wav,spk_84_0125,South,84
test,1627,test,84_0266.wav,spk_84_0125,South,84
test,1628,test,84_0267.wav,spk_84_0126,South,84
test,1629,test,84_0268.wav,spk_84_0126,South,84
test,1630,test,84_0269.wav,spk_84_0126,South,84
test,1631,test,84_0270.wav,spk_84_0126,South,84
test,1632,test,84_0271.wav,spk_84_0127,South,84
test,1633,test,84_0272.wav,spk_84_0128,South,84
test,1634,test,84_0273.wav,spk_84_0129,South,84
test,1635,test,84_0274.wav,spk_84_0130,South,84
test,1636,test,84_0275.wav,spk_84_0131,South,84
test,1637,test,84_0276.wav,spk_84_0131,South,84
test,1638,test,84_0277.wav,spk_84_0132,South,84
test,1639,test,84_0278.wav,spk_84_0132,South,84
test,1640,test,84_0279.wav,spk_84_0132,South,84
test,1641,test,84_0280.wav,spk_84_0133,South,84
test,1642,test,84_0281.wav,spk_84_0133,South,84
test,1643,test,84_0282.wav,spk_84_0133,South,84
test,1644,test,84_0283.wav,spk_84_0134,South,84
test,1645,test,84_0284.wav,spk_84_0134,South,84
test,1646,test,84_0285.wav,spk_84_0134,South,84
test,1647,test,84_0286.wav,spk_84_0135,South,84
test,1648,test,84_0287.wav,spk_84_0135,South,84
test,1649,test,84_0288.wav,spk_84_0135,South,84
test,1650,test,84_0289.wav,spk_84_0136,South,84
test,1651,test,84_0290.wav,spk_84_0137,South,84
test,1652,test,84_0291.wav,spk_84_0138,South,84
test,1653,test,84_0292.wav,spk_84_0138,South,84
test,1654,test,84_0293.wav,spk_84_0138,South,84
test,1655,test,85_0281.wav,spk_85_0205,Central,85
test,1656,test,85_0282.wav,spk_85_0206,Central,85
test,1657,test,85_0283.wav,spk_85_0207,Central,85
test,1658,test,85_0284.wav,spk_85_0208,Central,85
test,1659,test,85_0285.wav,spk_85_0209,Central,85
test,1660,test,85_0286.wav,spk_85_0210,Central,85
test,1661,test,85_0287.wav,spk_85_0211,Central,85
test,1662,test,85_0288.wav,spk_85_0212,Central,85
test,1663,test,85_0289.wav,spk_85_0213,Central,85
test,1664,test,85_0290.wav,spk_85_0214,Central,85
test,1665,test,85_0291.wav,spk_85_0215,Central,85
test,1666,test,85_0292.wav,spk_85_0216,Central,85
test,1667,test,85_0293.wav,spk_85_0217,Central,85
test,1668,test,85_0294.wav,spk_85_0218,Central,85
test,1669,test,85_0295.wav,spk_85_0219,Central,85
test,1670,test,85_0296.wav,spk_85_0219,Central,85
test,1671,test,85_0297.wav,spk_85_0219,Central,85
test,1672,test,85_0298.wav,spk_85_0220,Central,85
test,1673,test,85_0299.wav,spk_85_0221,Central,85
test,1674,test,85_0300.wav,spk_85_0222,Central,85
test,1675,test,85_0301.wav,spk_85_0223,Central,85
test,1676,test,85_0302.wav,spk_85_0223,Central,85
test,1677,test,85_0303.wav,spk_85_0224,Central,85
test,1678,test,85_0304.wav,spk_85_0225,Central,85
test,1679,test,85_0305.wav,spk_85_0226,Central,85
test,1680,test,85_0306.wav,spk_85_0227,Central,85
test,1681,test,85_0307.wav,spk_85_0228,Central,85
test,1682,test,85_0308.wav,spk_85_0229,Central,85
test,1683,test,85_0309.wav,spk_85_0230,Central,85
test,1684,test,85_0310.wav,spk_85_0231,Central,85
test,1685,test,85_0311.wav,spk_85_0232,Central,85
test,1686,test,85_0312.wav,spk_85_0233,Central,85
test,1687,test,85_0313.wav,spk_85_0234,Central,85
test,1688,test,85_0314.wav,spk_85_0235,Central,85
test,1689,test,86_0275.wav,spk_86_0181,Central,86
test,1690,test,86_0276.wav,spk_86_0181,Central,86
test,1691,test,86_0277.wav,spk_86_0181,Central,86
test,1692,test,86_0278.wav,spk_86_0181,Central,86
test,1693,test,86_0279.wav,spk_86_0182,Central,86
test,1694,test,86_0290.wav,spk_86_0191,Central,86
test,1695,test,86_0292.wav,spk_86_0193,Central,86
test,1696,test,86_0294.wav,spk_86_0195,Central,86
test,1697,test,86_0296.wav,spk_86_0197,Central,86
test,1698,test,86_0301.wav,spk_86_0201,Central,86
test,1699,test,86_0302.wav,spk_86_0201,Central,86
test,1700,test,86_0304.wav,spk_86_0203,Central,86
test,1701,test,86_0305.wav,spk_86_0203,Central,86
test,1702,test,86_0306.wav,spk_86_0204,Central,86
test,1703,test,86_0307.wav,spk_86_0204,Central,86
test,1704,test,86_0308.wav,spk_86_0205,Central,86
test,1705,test,86_0309.wav,spk_86_0205,Central,86
test,1706,test,86_0310.wav,spk_86_0206,Central,86
test,1707,test,86_0311.wav,spk_86_0206,Central,86
test,1708,test,86_0312.wav,spk_86_0207,Central,86
test,1709,test,86_0313.wav,spk_86_0208,Central,86
test,1710,test,86_0314.wav,spk_86_0208,Central,86
test,1711,test,86_0315.wav,spk_86_0209,Central,86
test,1712,test,86_0316.wav,spk_86_0210,Central,86
test,1713,test,86_0317.wav,spk_86_0210,Central,86
test,1714,test,86_0318.wav,spk_86_0210,Central,86
test,1715,test,86_0319.wav,spk_86_0211,Central,86
test,1716,test,86_0320.wav,spk_86_0211,Central,86
test,1717,test,86_0321.wav,spk_86_0211,Central,86
test,1718,test,86_0322.wav,spk_86_0211,Central,86
test,1719,test,86_0323.wav,spk_86_0211,Central,86
test,1720,test,86_0324.wav,spk_86_0211,Central,86
test,1721,test,86_0325.wav,spk_86_0211,Central,86
test,1722,test,88_0216.wav,spk_88_0172,North,88
test,1723,test,88_0237.wav,spk_88_0187,North,88
test,1724,test,88_0241.wav,spk_88_0190,North,88
test,1725,test,88_0242.wav,spk_88_0190,North,88
test,1726,test,88_0243.wav,spk_88_0190,North,88
test,1727,test,88_0244.wav,spk_88_0191,North,88
test,1728,test,88_0245.wav,spk_88_0192,North,88
test,1729,test,88_0246.wav,spk_88_0193,North,88
test,1730,test,88_0247.wav,spk_88_0194,North,88
test,1731,test,88_0248.wav,spk_88_0194,North,88
test,1732,test,88_0249.wav,spk_88_0195,North,88
test,1733,test,88_0250.wav,spk_88_0196,North,88
test,1734,test,88_0251.wav,spk_88_0197,North,88
test,1735,test,88_0252.wav,spk_88_0198,North,88
test,1736,test,88_0253.wav,spk_88_0198,North,88
test,1737,test,88_0254.wav,spk_88_0199,North,88
test,1738,test,88_0255.wav,spk_88_0199,North,88
test,1739,test,88_0256.wav,spk_88_0200,North,88
test,1740,test,88_0257.wav,spk_88_0201,North,88
test,1741,test,88_0258.wav,spk_88_0202,North,88
test,1742,test,88_0259.wav,spk_88_0203,North,88
test,1743,test,88_0260.wav,spk_88_0204,North,88
test,1744,test,88_0261.wav,spk_88_0205,North,88
test,1745,test,88_0262.wav,spk_88_0206,North,88
test,1746,test,88_0263.wav,spk_88_0207,North,88
test,1747,test,88_0264.wav,spk_88_0207,North,88
test,1748,test,88_0265.wav,spk_88_0208,North,88
test,1749,test,88_0266.wav,spk_88_0208,North,88
test,1750,test,89_0238.wav,spk_89_0182,North,89
test,1751,test,89_0246.wav,spk_89_0187,North,89
test,1752,test,89_0247.wav,spk_89_0188,North,89
test,1753,test,89_0248.wav,spk_89_0189,North,89
test,1754,test,89_0249.wav,spk_89_0190,North,89
test,1755,test,89_0253.wav,spk_89_0192,North,89
test,1756,test,89_0254.wav,spk_89_0193,North,89
test,1757,test,89_0255.wav,spk_89_0193,North,89
test,1758,test,89_0256.wav,spk_89_0193,North,89
test,1759,test,89_0257.wav,spk_89_0194,North,89
test,1760,test,89_0258.wav,spk_89_0195,North,89
test,1761,test,89_0259.wav,spk_89_0196,North,89
test,1762,test,89_0260.wav,spk_89_0197,North,89
test,1763,test,89_0261.wav,spk_89_0198,North,89
test,1764,test,89_0262.wav,spk_89_0199,North,89
test,1765,test,89_0263.wav,spk_89_0200,North,89
test,1766,test,89_0264.wav,spk_89_0201,North,89
test,1767,test,89_0265.wav,spk_89_0202,North,89
test,1768,test,89_0266.wav,spk_89_0203,North,89
test,1769,test,89_0267.wav,spk_89_0203,North,89
test,1770,test,89_0268.wav,spk_89_0204,North,89
test,1771,test,89_0269.wav,spk_89_0204,North,89
test,1772,test,89_0270.wav,spk_89_0205,North,89
test,1773,test,89_0271.wav,spk_89_0206,North,89
test,1774,test,89_0272.wav,spk_89_0207,North,89
test,1775,test,89_0273.wav,spk_89_0208,North,89
test,1776,test,89_0274.wav,spk_89_0209,North,89
test,1777,test,89_0275.wav,spk_89_0210,North,89
test,1778,test,89_0276.wav,spk_89_0211,North,89
test,1779,test,89_0277.wav,spk_89_0211,North,89
test,1780,test,90_0237.wav,spk_90_0191,North,90
test,1781,test,90_0243.wav,spk_90_0196,North,90
test,1782,test,90_0244.wav,spk_90_0196,North,90
test,1783,test,90_0246.wav,spk_90_0198,North,90
test,1784,test,90_0247.wav,spk_90_0198,North,90
test,1785,test,90_0251.wav,spk_90_0202,North,90
test,1786,test,90_0252.wav,spk_90_0202,North,90
test,1787,test,90_0253.wav,spk_90_0203,North,90
test,1788,test,90_0254.wav,spk_90_0204,North,90
test,1789,test,90_0255.wav,spk_90_0204,North,90
test,1790,test,90_0256.wav,spk_90_0205,North,90
test,1791,test,90_0257.wav,spk_90_0205,North,90
test,1792,test,90_0258.wav,spk_90_0206,North,90
test,1793,test,90_0259.wav,spk_90_0207,North,90
test,1794,test,90_0260.wav,spk_90_0208,North,90
test,1795,test,90_0261.wav,spk_90_0209,North,90
test,1796,test,90_0262.wav,spk_90_0209,North,90
test,1797,test,90_0263.wav,spk_90_0210,North,90
test,1798,test,90_0264.wav,spk_90_0210,North,90
test,1799,test,90_0265.wav,spk_90_0210,North,90
test,1800,test,90_0266.wav,spk_90_0211,North,90
test,1801,test,90_0267.wav,spk_90_0211,North,90
test,1802,test,90_0268.wav,spk_90_0212,North,90
test,1803,test,90_0269.wav,spk_90_0213,North,90
test,1804,test,90_0270.wav,spk_90_0213,North,90
test,1805,test,90_0271.wav,spk_90_0213,North,90
test,1806,test,90_0272.wav,spk_90_0213,North,90
test,1807,test,92_0219.wav,spk_92_0146,Central,92
test,1808,test,92_0220.wav,spk_92_0146,Central,92
test,1809,test,92_0231.wav,spk_92_0151,Central,92
test,1810,test,92_0232.wav,spk_92_0151,Central,92
test,1811,test,92_0233.wav,spk_92_0152,Central,92
test,1812,test,92_0239.wav,spk_92_0157,Central,92
test,1813,test,92_0240.wav,spk_92_0157,Central,92
test,1814,test,92_0241.wav,spk_92_0158,Central,92
test,1815,test,92_0270.wav,spk_92_0175,Central,92
test,1816,test,92_0271.wav,spk_92_0176,Central,92
test,1817,test,92_0272.wav,spk_92_0177,Central,92
test,1818,test,92_0273.wav,spk_92_0177,Central,92
test,1819,test,92_0274.wav,spk_92_0178,Central,92
test,1820,test,92_0275.wav,spk_92_0178,Central,92
test,1821,test,92_0276.wav,spk_92_0179,Central,92
test,1822,test,92_0277.wav,spk_92_0179,Central,92
test,1823,test,92_0278.wav,spk_92_0180,Central,92
test,1824,test,92_0279.wav,spk_92_0181,Central,92
test,1825,test,92_0280.wav,spk_92_0182,Central,92
test,1826,test,92_0281.wav,spk_92_0183,Central,92
test,1827,test,92_0282.wav,spk_92_0183,Central,92
test,1828,test,92_0283.wav,spk_92_0184,Central,92
test,1829,test,92_0284.wav,spk_92_0185,Central,92
test,1830,test,92_0285.wav,spk_92_0185,Central,92
test,1831,test,92_0286.wav,spk_92_0186,Central,92
test,1832,test,92_0287.wav,spk_92_0187,Central,92
test,1833,test,92_0288.wav,spk_92_0188,Central,92
test,1834,test,92_0289.wav,spk_92_0189,Central,92
test,1835,test,92_0290.wav,spk_92_0190,Central,92
test,1836,test,92_0291.wav,spk_92_0190,Central,92
test,1837,test,93_0284.wav,spk_93_0189,South,93
test,1838,test,93_0285.wav,spk_93_0189,South,93
test,1839,test,93_0286.wav,spk_93_0189,South,93
test,1840,test,93_0287.wav,spk_93_0190,South,93
test,1841,test,93_0288.wav,spk_93_0191,South,93
test,1842,test,93_0290.wav,spk_93_0193,South,93
test,1843,test,93_0291.wav,spk_93_0193,South,93
test,1844,test,93_0292.wav,spk_93_0193,South,93
test,1845,test,93_0293.wav,spk_93_0193,South,93
test,1846,test,93_0294.wav,spk_93_0194,South,93
test,1847,test,93_0295.wav,spk_93_0195,South,93
test,1848,test,93_0296.wav,spk_93_0196,South,93
test,1849,test,93_0297.wav,spk_93_0196,South,93
test,1850,test,93_0298.wav,spk_93_0197,South,93
test,1851,test,93_0299.wav,spk_93_0197,South,93
test,1852,test,93_0300.wav,spk_93_0198,South,93
test,1853,test,93_0301.wav,spk_93_0198,South,93
test,1854,test,93_0302.wav,spk_93_0199,South,93
test,1855,test,93_0303.wav,spk_93_0200,South,93
test,1856,test,93_0304.wav,spk_93_0201,South,93
test,1857,test,93_0305.wav,spk_93_0201,South,93
test,1858,test,93_0306.wav,spk_93_0202,South,93
test,1859,test,93_0307.wav,spk_93_0203,South,93
test,1860,test,93_0308.wav,spk_93_0204,South,93
test,1861,test,93_0309.wav,spk_93_0205,South,93
test,1862,test,93_0310.wav,spk_93_0206,South,93
test,1863,test,93_0311.wav,spk_93_0207,South,93
test,1864,test,93_0312.wav,spk_93_0208,South,93
test,1865,test,93_0313.wav,spk_93_0209,South,93
test,1866,test,93_0314.wav,spk_93_0210,South,93
test,1867,test,93_0315.wav,spk_93_0211,South,93
test,1868,test,93_0316.wav,spk_93_0212,South,93
test,1869,test,93_0317.wav,spk_93_0213,South,93
test,1870,test,93_0318.wav,spk_93_0214,South,93
test,1871,test,93_0319.wav,spk_93_0215,South,93
test,1872,test,94_0244.wav,spk_94_0078,South,94
test,1873,test,94_0245.wav,spk_94_0078,South,94
test,1874,test,94_0246.wav,spk_94_0078,South,94
test,1875,test,94_0247.wav,spk_94_0078,South,94
test,1876,test,94_0248.wav,spk_94_0078,South,94
test,1877,test,94_0249.wav,spk_94_0079,South,94
test,1878,test,94_0250.wav,spk_94_0079,South,94
test,1879,test,94_0251.wav,spk_94_0079,South,94
test,1880,test,94_0252.wav,spk_94_0079,South,94
test,1881,test,94_0253.wav,spk_94_0080,South,94
test,1882,test,94_0254.wav,spk_94_0080,South,94
test,1883,test,94_0255.wav,spk_94_0081,South,94
test,1884,test,94_0258.wav,spk_94_0083,South,94
test,1885,test,94_0259.wav,spk_94_0083,South,94
test,1886,test,94_0260.wav,spk_94_0083,South,94
test,1887,test,94_0261.wav,spk_94_0083,South,94
test,1888,test,94_0262.wav,spk_94_0083,South,94
test,1889,test,94_0263.wav,spk_94_0083,South,94
test,1890,test,94_0264.wav,spk_94_0084,South,94
test,1891,test,94_0265.wav,spk_94_0084,South,94
test,1892,test,94_0266.wav,spk_94_0085,South,94
test,1893,test,94_0267.wav,spk_94_0085,South,94
test,1894,test,94_0268.wav,spk_94_0085,South,94
test,1895,test,94_0269.wav,spk_94_0086,South,94
test,1896,test,94_0270.wav,spk_94_0086,South,94
test,1897,test,94_0271.wav,spk_94_0087,South,94
test,1898,test,94_0272.wav,spk_94_0087,South,94
test,1899,test,94_0273.wav,spk_94_0087,South,94
test,1900,test,94_0274.wav,spk_94_0087,South,94
test,1901,test,94_0275.wav,spk_94_0087,South,94
test,1902,test,94_0276.wav,spk_94_0088,South,94
test,1903,test,94_0277.wav,spk_94_0088,South,94
test,1904,test,94_0278.wav,spk_94_0088,South,94
test,1905,test,95_0278.wav,spk_95_0220,South,95
test,1906,test,95_0279.wav,spk_95_0221,South,95
test,1907,test,95_0280.wav,spk_95_0222,South,95
test,1908,test,95_0281.wav,spk_95_0223,South,95
test,1909,test,95_0283.wav,spk_95_0225,South,95
test,1910,test,95_0285.wav,spk_95_0227,South,95
test,1911,test,95_0286.wav,spk_95_0228,South,95
test,1912,test,95_0287.wav,spk_95_0229,South,95
test,1913,test,95_0288.wav,spk_95_0230,South,95
test,1914,test,95_0289.wav,spk_95_0231,South,95
test,1915,test,95_0290.wav,spk_95_0232,South,95
test,1916,test,95_0291.wav,spk_95_0233,South,95
test,1917,test,95_0292.wav,spk_95_0234,South,95
test,1918,test,95_0293.wav,spk_95_0234,South,95
test,1919,test,95_0294.wav,spk_95_0235,South,95
test,1920,test,95_0295.wav,spk_95_0235,South,95
test,1921,test,95_0296.wav,spk_95_0236,South,95
test,1922,test,95_0297.wav,spk_95_0236,South,95
test,1923,test,95_0298.wav,spk_95_0237,South,95
test,1924,test,95_0299.wav,spk_95_0238,South,95
test,1925,test,95_0300.wav,spk_95_0239,South,95
test,1926,test,95_0301.wav,spk_95_0240,South,95
test,1927,test,95_0302.wav,spk_95_0241,South,95
test,1928,test,95_0303.wav,spk_95_0242,South,95
test,1929,test,95_0304.wav,spk_95_0242,South,95
test,1930,test,95_0305.wav,spk_95_0243,South,95
test,1931,test,95_0306.wav,spk_95_0243,South,95
test,1932,test,95_0307.wav,spk_95_0244,South,95
test,1933,test,95_0308.wav,spk_95_0245,South,95
test,1934,test,95_0309.wav,spk_95_0246,South,95
test,1935,test,97_0258.wav,spk_97_0189,North,97
test,1936,test,97_0259.wav,spk_97_0189,North,97
test,1937,test,97_0260.wav,spk_97_0189,North,97
test,1938,test,97_0261.wav,spk_97_0189,North,97
test,1939,test,97_0262.wav,spk_97_0190,North,97
test,1940,test,97_0263.wav,spk_97_0190,North,97
test,1941,test,97_0264.wav,spk_97_0191,North,97
test,1942,test,97_0265.wav,spk_97_0191,North,97
test,1943,test,97_0266.wav,spk_97_0192,North,97
test,1944,test,97_0267.wav,spk_97_0192,North,97
test,1945,test,97_0268.wav,spk_97_0193,North,97
test,1946,test,97_0269.wav,spk_97_0193,North,97
test,1947,test,97_0270.wav,spk_97_0194,North,97
test,1948,test,97_0271.wav,spk_97_0194,North,97
test,1949,test,97_0272.wav,spk_97_0195,North,97
test,1950,test,97_0273.wav,spk_97_0195,North,97
test,1951,test,97_0274.wav,spk_97_0196,North,97
test,1952,test,97_0275.wav,spk_97_0196,North,97
test,1953,test,97_0276.wav,spk_97_0197,North,97
test,1954,test,97_0277.wav,spk_97_0198,North,97
test,1955,test,97_0278.wav,spk_97_0199,North,97
test,1956,test,97_0279.wav,spk_97_0199,North,97
test,1957,test,97_0280.wav,spk_97_0200,North,97
test,1958,test,97_0281.wav,spk_97_0200,North,97
test,1959,test,97_0282.wav,spk_97_0201,North,97
test,1960,test,97_0283.wav,spk_97_0202,North,97
test,1961,test,97_0284.wav,spk_97_0203,North,97
test,1962,test,97_0285.wav,spk_97_0204,North,97
test,1963,test,97_0286.wav,spk_97_0205,North,97
test,1964,test,97_0287.wav,spk_97_0205,North,97
test,1965,test,97_0288.wav,spk_97_0206,North,97
test,1966,test,97_0289.wav,spk_97_0206,North,97
test,1967,test,97_0290.wav,spk_97_0207,North,97
test,1968,test,97_0291.wav,spk_97_0208,North,97
test,1969,test,98_0243.wav,spk_98_0184,North,98
test,1970,test,98_0245.wav,spk_98_0186,North,98
test,1971,test,98_0246.wav,spk_98_0187,North,98
test,1972,test,98_0248.wav,spk_98_0189,North,98
test,1973,test,98_0249.wav,spk_98_0190,North,98
test,1974,test,98_0250.wav,spk_98_0190,North,98
test,1975,test,98_0251.wav,spk_98_0190,North,98
test,1976,test,98_0252.wav,spk_98_0190,North,98
test,1977,test,98_0253.wav,spk_98_0190,North,98
test,1978,test,98_0254.wav,spk_98_0190,North,98
test,1979,test,98_0255.wav,spk_98_0191,North,98
test,1980,test,98_0256.wav,spk_98_0192,North,98
test,1981,test,98_0257.wav,spk_98_0193,North,98
test,1982,test,98_0258.wav,spk_98_0194,North,98
test,1983,test,98_0259.wav,spk_98_0195,North,98
test,1984,test,98_0260.wav,spk_98_0196,North,98
test,1985,test,98_0261.wav,spk_98_0196,North,98
test,1986,test,98_0262.wav,spk_98_0197,North,98
test,1987,test,98_0263.wav,spk_98_0198,North,98
test,1988,test,98_0264.wav,spk_98_0199,North,98
test,1989,test,98_0265.wav,spk_98_0200,North,98
test,1990,test,98_0266.wav,spk_98_0201,North,98
test,1991,test,98_0267.wav,spk_98_0202,North,98
test,1992,test,98_0268.wav,spk_98_0203,North,98
test,1993,test,98_0269.wav,spk_98_0204,North,98
test,1994,test,98_0270.wav,spk_98_0205,North,98
test,1995,test,98_0271.wav,spk_98_0206,North,98
test,1996,test,98_0272.wav,spk_98_0207,North,98
test,1997,test,99_0247.wav,spk_99_0171,North,99
test,1998,test,99_0248.wav,spk_99_0172,North,99
test,1999,test,99_0249.wav,spk_99_0173,North,99
test,2000,test,99_0250.wav,spk_99_0173,North,99
test,2001,test,99_0251.wav,spk_99_0174,North,99
test,2002,test,99_0252.wav,spk_99_0175,North,99
test,2003,test,99_0254.wav,spk_99_0177,North,99
test,2004,test,99_0255.wav,spk_99_0177,North,99
test,2005,test,99_0256.wav,spk_99_0178,North,99
test,2006,test,99_0258.wav,spk_99_0180,North,99
test,2007,test,99_0259.wav,spk_99_0180,North,99
test,2008,test,99_0260.wav,spk_99_0181,North,99
test,2009,test,99_0261.wav,spk_99_0181,North,99
test,2010,test,99_0262.wav,spk_99_0182,North,99
test,2011,test,99_0263.wav,spk_99_0183,North,99
test,2012,test,99_0264.wav,spk_99_0184,North,99
test,2013,test,99_0265.wav,spk_99_0185,North,99
test,2014,test,99_0266.wav,spk_99_0186,North,99
test,2015,test,99_0267.wav,spk_99_0187,North,99
test,2016,test,99_0268.wav,spk_99_0187,North,99
test,2017,test,99_0269.wav,spk_99_0187,North,99
test,2018,test,99_0270.wav,spk_99_0187,North,99
test,2019,test,99_0271.wav,spk_99_0188,North,99
test,2020,test,99_0272.wav,spk_99_0189,North,99
test,2021,test,99_0273.wav,spk_99_0190,North,99
test,2022,test,99_0274.wav,spk_99_0191,North,99
test,2023,test,99_0275.wav,spk_99_0191,North,99
test,2024,test,99_0276.wav,spk_99_0192,North,99
test,2025,test,99_0277.wav,spk_99_0193,North,99
